{"type":"FeatureCollection","features":[{"type":"Feature","properties":{"ibge_id":3506359,"municipality_name":"Bertioga"},"geometry":{"type":"Polygon","coordinates":[[[-46.207963,-23.870108],[-46.207763,-23.870544],[-46.207435,-23.870964],[-46.207084,-23.871241],[-46.206772,-23.871555],[-46.206386,-23.871872],[-46.206006,-23.872105],[-46.205477,-23.872269],[-46.205154,-23.872446],[-46.204866,-23.872771],[-46.204735,-23.873022],[-46.204524,-23.87367],[-46.20452,-23.873748],[-46.204491,-23.873821],[-46.204479,-23.874086],[-46.204572,-23.874308],[-46.204607,-23.874489],[-46.204522,-23.874647],[-46.20446,-23.874703],[-46.204322,-23.874747],[-46.204068,-23.874763],[-46.202929,-23.874714],[-46.20255,-23.874791],[-46.202416,-23.874857],[-46.202189,-23.875035],[-46.201932,-23.875365],[-46.201672,-23.87577],[-46.201348,-23.876074],[-46.201086,-23.87616],[-46.200825,-23.876164],[-46.200449,-23.876305],[-46.200294,-23.876433],[-46.199854,-23.877159],[-46.199499,-23.878447],[-46.199382,-23.879152],[-46.19953,-23.880086],[-46.199506,-23.880207],[-46.199411,-23.880287],[-46.199134,-23.880325],[-46.198925,-23.880289],[-46.198506,-23.880134],[-46.198414,-23.880319],[-46.198344,-23.88042],[-46.198313,-23.880449],[-46.198264,-23.880464],[-46.198094,-23.880495],[-46.198027,-23.880524],[-46.197982,-23.880564],[-46.197777,-23.880758],[-46.197719,-23.880775],[-46.197531,-23.880786],[-46.197483,-23.880809],[-46.197453,-23.880847],[-46.197377,-23.881026],[-46.197312,-23.881119],[-46.197196,-23.881166],[-46.196914,-23.881157],[-46.196841,-23.881103],[-46.196824,-23.881033],[-46.19685,-23.880984],[-46.196851,-23.88095],[-46.196828,-23.880928],[-46.196724,-23.880931],[-46.196487,-23.880914],[-46.196419,-23.880873],[-46.19632,-23.880844],[-46.196235,-23.880834],[-46.19618,-23.880858],[-46.196164,-23.880897],[-46.196127,-23.880988],[-46.19607,-23.881009],[-46.195987,-23.881009],[-46.195751,-23.880885],[-46.195345,-23.880588],[-46.194927,-23.880337],[-46.194611,-23.88023],[-46.194436,-23.880232],[-46.194085,-23.880315],[-46.193561,-23.880575],[-46.19304,-23.880727],[-46.192733,-23.880907],[-46.192495,-23.881128],[-46.19229,-23.881318],[-46.192012,-23.881413],[-46.191658,-23.881477],[-46.191427,-23.88157],[-46.191352,-23.88169],[-46.191352,-23.881823],[-46.19149,-23.881946],[-46.191644,-23.882116],[-46.191722,-23.882255],[-46.191747,-23.88234],[-46.191731,-23.88243],[-46.191683,-23.882489],[-46.191575,-23.882515],[-46.191426,-23.882494],[-46.190684,-23.882258],[-46.190251,-23.88225],[-46.190025,-23.882167],[-46.189701,-23.881833],[-46.189527,-23.881733],[-46.189297,-23.881654],[-46.188735,-23.881687],[-46.187668,-23.881927],[-46.186925,-23.881963],[-46.185735,-23.882101],[-46.184916,-23.882081],[-46.184911,-23.882081],[-46.18471,-23.882044],[-46.184497,-23.882074],[-46.182971,-23.881935],[-46.182956,-23.881933],[-46.182389,-23.881831],[-46.182235,-23.881843],[-46.181892,-23.881978],[-46.181826,-23.88205],[-46.181773,-23.882106],[-46.181651,-23.882228],[-46.181439,-23.882352],[-46.181253,-23.882411],[-46.18113,-23.882387],[-46.181006,-23.88238],[-46.180917,-23.882397],[-46.180811,-23.882431],[-46.18074,-23.882479],[-46.180687,-23.882522],[-46.180555,-23.882547],[-46.180326,-23.882532],[-46.180192,-23.882468],[-46.179951,-23.882371],[-46.17981,-23.882332],[-46.179633,-23.882358],[-46.179631,-23.882359],[-46.179519,-23.882408],[-46.179369,-23.88249],[-46.179237,-23.882533],[-46.179139,-23.882582],[-46.179034,-23.882616],[-46.178945,-23.882616],[-46.178865,-23.882552],[-46.178776,-23.88243],[-46.178722,-23.882357],[-46.178632,-23.882309],[-46.178562,-23.882301],[-46.178483,-23.882334],[-46.17843,-23.882416],[-46.178439,-23.882464],[-46.178649,-23.883171],[-46.178641,-23.883286],[-46.178633,-23.883367],[-46.17859,-23.88344],[-46.178492,-23.883458],[-46.178377,-23.883418],[-46.178288,-23.883321],[-46.178234,-23.883248],[-46.178162,-23.883199],[-46.178101,-23.883199],[-46.178058,-23.883241],[-46.178032,-23.883331],[-46.178077,-23.883437],[-46.178139,-23.883525],[-46.178299,-23.883646],[-46.178655,-23.883822],[-46.178781,-23.883936],[-46.178932,-23.88404],[-46.179047,-23.884145],[-46.179119,-23.884235],[-46.179129,-23.884307],[-46.179017,-23.884385],[-46.178693,-23.884589],[-46.178345,-23.884753],[-46.178161,-23.884925],[-46.178074,-23.885129],[-46.178102,-23.885234],[-46.178227,-23.885405],[-46.178343,-23.885542],[-46.178396,-23.885606],[-46.178607,-23.885652],[-46.178831,-23.885579],[-46.179012,-23.885525],[-46.179128,-23.885513],[-46.179173,-23.885533],[-46.179209,-23.885568],[-46.179247,-23.885642],[-46.179261,-23.885711],[-46.17926,-23.885783],[-46.179257,-23.885828],[-46.179231,-23.885945],[-46.179147,-23.886055],[-46.179047,-23.886118],[-46.178913,-23.886198],[-46.178779,-23.886256],[-46.178612,-23.886308],[-46.178393,-23.886321],[-46.178227,-23.886328],[-46.178078,-23.886335],[-46.177894,-23.886341],[-46.177788,-23.88633],[-46.177657,-23.88632],[-46.177538,-23.886316],[-46.177475,-23.886337],[-46.177452,-23.886357],[-46.177392,-23.886459],[-46.177392,-23.886515],[-46.177427,-23.88664],[-46.177491,-23.886748],[-46.177623,-23.886938],[-46.177726,-23.887107],[-46.177794,-23.887233],[-46.177868,-23.88738],[-46.177902,-23.887574],[-46.177641,-23.887529],[-46.176942,-23.887403],[-46.174704,-23.886588],[-46.173839,-23.886039],[-46.173153,-23.885002],[-46.172657,-23.883906],[-46.171934,-23.883025],[-46.170493,-23.882245],[-46.170138,-23.881818],[-46.168766,-23.880147],[-46.167067,-23.878379],[-46.165795,-23.877122],[-46.164956,-23.876397],[-46.163828,-23.875401],[-46.162373,-23.873987],[-46.161474,-23.873181],[-46.160778,-23.872374],[-46.159705,-23.870962],[-46.159095,-23.870037],[-46.158757,-23.869179],[-46.158516,-23.868612],[-46.158368,-23.867792],[-46.158317,-23.867113],[-46.158112,-23.866272],[-46.157798,-23.86538],[-46.15723,-23.864045],[-46.157096,-23.863038],[-46.157003,-23.862738],[-46.156921,-23.862378],[-46.157108,-23.86201],[-46.157328,-23.861611],[-46.157595,-23.86108],[-46.157679,-23.860791],[-46.157801,-23.860282],[-46.157843,-23.86002],[-46.157888,-23.859281],[-46.157932,-23.858722],[-46.157864,-23.857973],[-46.157738,-23.857352],[-46.157428,-23.856069],[-46.15714,-23.855165],[-46.156719,-23.854245],[-46.156343,-23.853523],[-46.156031,-23.852888],[-46.15577,-23.85226],[-46.1555,-23.851598],[-46.155184,-23.851121],[-46.15492,-23.850588],[-46.154569,-23.850002],[-46.154369,-23.84944],[-46.154243,-23.848702],[-46.154138,-23.84794],[-46.153865,-23.847489],[-46.153645,-23.846866],[-46.152976,-23.846186],[-46.152444,-23.845865],[-46.151429,-23.845495],[-46.150398,-23.845226],[-46.149547,-23.845077],[-46.14855,-23.844863],[-46.147623,-23.844749],[-46.146433,-23.844624],[-46.145692,-23.844408],[-46.144821,-23.84408],[-46.144212,-23.843763],[-46.143594,-23.843474],[-46.143307,-23.843093],[-46.143246,-23.842762],[-46.14344,-23.842492],[-46.143726,-23.842117],[-46.144011,-23.841976],[-46.144599,-23.841913],[-46.145347,-23.842079],[-46.14644,-23.842498],[-46.147006,-23.842757],[-46.147733,-23.842926],[-46.148563,-23.842898],[-46.149159,-23.842838],[-46.149849,-23.84261],[-46.150212,-23.842433],[-46.150666,-23.84212],[-46.150851,-23.841963],[-46.151141,-23.841547],[-46.151432,-23.841185],[-46.151652,-23.840786],[-46.151817,-23.840334],[-46.151909,-23.839846],[-46.152035,-23.839223],[-46.15219,-23.838607],[-46.152291,-23.838154],[-46.152262,-23.837356],[-46.152227,-23.836661],[-46.152196,-23.836235],[-46.152185,-23.835869],[-46.152168,-23.835522],[-46.152099,-23.835273],[-46.151967,-23.834834],[-46.151957,-23.834807],[-46.151953,-23.834786],[-46.151947,-23.834777],[-46.151944,-23.834761],[-46.151937,-23.834736],[-46.151761,-23.833993],[-46.151833,-23.833444],[-46.152623,-23.83256],[-46.153988,-23.831268],[-46.154759,-23.830378],[-46.155713,-23.829043],[-46.156016,-23.828387],[-46.156456,-23.827408],[-46.156521,-23.827219],[-46.156541,-23.826992],[-46.156811,-23.826983],[-46.157147,-23.82701],[-46.157632,-23.827075],[-46.158183,-23.827225],[-46.158777,-23.827438],[-46.159377,-23.827678],[-46.160345,-23.828215],[-46.160662,-23.828336],[-46.161005,-23.828409],[-46.161617,-23.828466],[-46.16207,-23.828635],[-46.162213,-23.828654],[-46.162321,-23.828652],[-46.162399,-23.828648],[-46.162492,-23.828668],[-46.162659,-23.828768],[-46.162733,-23.828859],[-46.162772,-23.82897],[-46.162822,-23.829308],[-46.162867,-23.829464],[-46.162998,-23.829657],[-46.163229,-23.829835],[-46.163496,-23.829993],[-46.164011,-23.830219],[-46.164444,-23.83032],[-46.164829,-23.830368],[-46.165224,-23.830394],[-46.165609,-23.830385],[-46.165944,-23.830359],[-46.166321,-23.830302],[-46.167442,-23.832603],[-46.168183,-23.833988],[-46.173226,-23.843406],[-46.173226,-23.843409],[-46.173225,-23.843413],[-46.173222,-23.843419],[-46.173219,-23.843422],[-46.17294,-23.843748],[-46.172935,-23.843753],[-46.17293,-23.843761],[-46.172925,-23.843768],[-46.172921,-23.843777],[-46.172917,-23.843785],[-46.172914,-23.843793],[-46.172912,-23.843802],[-46.172928,-23.843906],[-46.173131,-23.84438],[-46.173134,-23.844387],[-46.173138,-23.844394],[-46.173142,-23.844401],[-46.173146,-23.844407],[-46.17315,-23.844412],[-46.173763,-23.845164],[-46.173773,-23.845178],[-46.174284,-23.846149],[-46.174289,-23.846156],[-46.174295,-23.846164],[-46.174301,-23.846171],[-46.174307,-23.846177],[-46.174314,-23.846184],[-46.174321,-23.84619],[-46.174329,-23.846195],[-46.174337,-23.8462],[-46.174346,-23.846205],[-46.174354,-23.846209],[-46.174363,-23.846212],[-46.17437,-23.846214],[-46.174578,-23.846276],[-46.174591,-23.846281],[-46.174595,-23.846284],[-46.174599,-23.846288],[-46.174603,-23.846294],[-46.174915,-23.846871],[-46.174918,-23.846876],[-46.174922,-23.846882],[-46.174928,-23.84689],[-46.17494,-23.846904],[-46.174947,-23.84691],[-46.174954,-23.846916],[-46.174962,-23.846922],[-46.17497,-23.846927],[-46.174978,-23.846931],[-46.174987,-23.846935],[-46.174996,-23.846938],[-46.175005,-23.846941],[-46.175015,-23.846944],[-46.175023,-23.846946],[-46.175034,-23.846947],[-46.175044,-23.846948],[-46.175053,-23.846947],[-46.175063,-23.846947],[-46.175075,-23.846946],[-46.175799,-23.846824],[-46.175813,-23.846823],[-46.175817,-23.846823],[-46.175821,-23.846825],[-46.175824,-23.846826],[-46.175828,-23.846829],[-46.175831,-23.846832],[-46.175833,-23.846834],[-46.175835,-23.846837],[-46.175836,-23.846842],[-46.175836,-23.846847],[-46.175835,-23.846853],[-46.175666,-23.84747],[-46.175664,-23.84748],[-46.175663,-23.847489],[-46.175639,-23.847752],[-46.175639,-23.847768],[-46.175641,-23.847786],[-46.175643,-23.847795],[-46.175645,-23.847803],[-46.175648,-23.847812],[-46.175652,-23.84782],[-46.176143,-23.848818],[-46.176147,-23.848826],[-46.176152,-23.848833],[-46.176157,-23.84884],[-46.176701,-23.849548],[-46.176708,-23.849556],[-46.176714,-23.849563],[-46.176728,-23.849575],[-46.176736,-23.84958],[-46.176742,-23.849584],[-46.177424,-23.849989],[-46.177435,-23.849994],[-46.177443,-23.849998],[-46.177452,-23.850001],[-46.177462,-23.850004],[-46.177471,-23.850007],[-46.177481,-23.850009],[-46.17749,-23.85001],[-46.1775,-23.85001],[-46.177519,-23.85001],[-46.177529,-23.850009],[-46.177537,-23.850007],[-46.177542,-23.850006],[-46.177946,-23.849911],[-46.177967,-23.849909],[-46.177971,-23.84991],[-46.177975,-23.849912],[-46.177978,-23.849914],[-46.177981,-23.849917],[-46.177986,-23.849924],[-46.178151,-23.850226],[-46.178158,-23.850247],[-46.178158,-23.850252],[-46.178156,-23.850258],[-46.177902,-23.850934],[-46.177898,-23.850947],[-46.177772,-23.851429],[-46.17777,-23.851438],[-46.177769,-23.851447],[-46.177768,-23.851456],[-46.177768,-23.851465],[-46.17777,-23.851483],[-46.177772,-23.851492],[-46.177775,-23.8515],[-46.177778,-23.851509],[-46.177782,-23.851517],[-46.177786,-23.851525],[-46.177791,-23.851533],[-46.177796,-23.85154],[-46.177802,-23.851547],[-46.177809,-23.851554],[-46.177815,-23.851561],[-46.177822,-23.851567],[-46.177831,-23.851572],[-46.177839,-23.851577],[-46.177847,-23.851581],[-46.177865,-23.851589],[-46.177874,-23.851592],[-46.177883,-23.851594],[-46.177891,-23.851595],[-46.177896,-23.851596],[-46.178135,-23.851628],[-46.178141,-23.851629],[-46.178591,-23.851713],[-46.178602,-23.851716],[-46.178606,-23.851718],[-46.178609,-23.85172],[-46.178612,-23.851723],[-46.178616,-23.851729],[-46.178898,-23.852318],[-46.178907,-23.852345],[-46.179017,-23.85307],[-46.179016,-23.8531],[-46.178821,-23.853823],[-46.178819,-23.853832],[-46.178818,-23.853839],[-46.178818,-23.853847],[-46.178793,-23.854312],[-46.178793,-23.854322],[-46.178794,-23.854332],[-46.178795,-23.854341],[-46.178797,-23.854349],[-46.178799,-23.854358],[-46.178802,-23.854366],[-46.178806,-23.854375],[-46.17881,-23.854383],[-46.178815,-23.854391],[-46.178822,-23.8544],[-46.17883,-23.854408],[-46.179322,-23.854927],[-46.179328,-23.854932],[-46.179333,-23.854937],[-46.179846,-23.855373],[-46.179852,-23.855378],[-46.17986,-23.855383],[-46.179868,-23.855388],[-46.179876,-23.855393],[-46.179885,-23.855397],[-46.179894,-23.8554],[-46.179903,-23.855403],[-46.179912,-23.855405],[-46.179922,-23.855407],[-46.179942,-23.855409],[-46.179956,-23.855409],[-46.18039,-23.855385],[-46.180397,-23.855385],[-46.180403,-23.855385],[-46.181221,-23.855274],[-46.181224,-23.855274],[-46.181234,-23.855272],[-46.181243,-23.85527],[-46.181261,-23.855264],[-46.18127,-23.85526],[-46.181276,-23.855256],[-46.181813,-23.854961],[-46.181825,-23.854956],[-46.181829,-23.854955],[-46.181834,-23.854954],[-46.181838,-23.854955],[-46.181842,-23.854956],[-46.181846,-23.854958],[-46.181849,-23.85496],[-46.181852,-23.854963],[-46.181855,-23.854967],[-46.181858,-23.854974],[-46.182054,-23.855592],[-46.182058,-23.855618],[-46.182058,-23.856043],[-46.182059,-23.856052],[-46.18206,-23.856061],[-46.182062,-23.85607],[-46.182065,-23.856079],[-46.182068,-23.856087],[-46.182072,-23.856095],[-46.182076,-23.856103],[-46.182081,-23.856111],[-46.182086,-23.856119],[-46.182092,-23.856126],[-46.182105,-23.856139],[-46.182113,-23.856145],[-46.182119,-23.856149],[-46.182124,-23.856153],[-46.182869,-23.856615],[-46.182887,-23.85663],[-46.182888,-23.856633],[-46.182889,-23.856637],[-46.182889,-23.856645],[-46.182888,-23.856648],[-46.182886,-23.856652],[-46.182883,-23.856655],[-46.182879,-23.856658],[-46.182873,-23.856662],[-46.18234,-23.856886],[-46.182319,-23.856892],[-46.182315,-23.856892],[-46.182311,-23.85689],[-46.182307,-23.856888],[-46.1823,-23.856883],[-46.181932,-23.856567],[-46.181925,-23.856561],[-46.181918,-23.856556],[-46.181909,-23.856551],[-46.1819,-23.856546],[-46.181892,-23.856543],[-46.181883,-23.85654],[-46.181873,-23.856537],[-46.181134,-23.856333],[-46.181126,-23.856331],[-46.181116,-23.856329],[-46.181106,-23.856328],[-46.181097,-23.856327],[-46.181087,-23.856327],[-46.181077,-23.856328],[-46.181067,-23.856329],[-46.181049,-23.856333],[-46.181041,-23.856335],[-46.180245,-23.856593],[-46.18024,-23.856595],[-46.180233,-23.856597],[-46.180224,-23.856601],[-46.180216,-23.856606],[-46.180208,-23.856611],[-46.1802,-23.856616],[-46.180186,-23.856628],[-46.180179,-23.856635],[-46.180173,-23.856642],[-46.180168,-23.856649],[-46.180163,-23.856657],[-46.180159,-23.856665],[-46.180155,-23.856674],[-46.180152,-23.856682],[-46.180149,-23.856691],[-46.180147,-23.856699],[-46.180146,-23.856708],[-46.180146,-23.856717],[-46.180146,-23.856724],[-46.180146,-23.856731],[-46.180165,-23.857002],[-46.180164,-23.857021],[-46.180162,-23.857025],[-46.180159,-23.857028],[-46.180156,-23.857031],[-46.17957,-23.857537],[-46.179563,-23.857543],[-46.179557,-23.85755],[-46.17955,-23.857557],[-46.179545,-23.857564],[-46.17954,-23.857572],[-46.179534,-23.857581],[-46.179531,-23.85759],[-46.179528,-23.857599],[-46.179526,-23.857607],[-46.179524,-23.857616],[-46.179429,-23.858144],[-46.179428,-23.858153],[-46.179427,-23.858162],[-46.179427,-23.858171],[-46.179428,-23.85818],[-46.179429,-23.858188],[-46.179431,-23.858197],[-46.179433,-23.858206],[-46.179436,-23.858214],[-46.17944,-23.858223],[-46.179586,-23.858514],[-46.179592,-23.858533],[-46.17959,-23.858541],[-46.179588,-23.858544],[-46.179586,-23.858547],[-46.179583,-23.85855],[-46.179575,-23.858555],[-46.178842,-23.858893],[-46.178815,-23.858899],[-46.176822,-23.8593],[-46.176819,-23.859301],[-46.175136,-23.859671],[-46.175118,-23.859674],[-46.174614,-23.859698],[-46.174607,-23.859698],[-46.174597,-23.859699],[-46.174588,-23.859701],[-46.174578,-23.859703],[-46.174569,-23.859706],[-46.17456,-23.85971],[-46.174551,-23.859714],[-46.174542,-23.859718],[-46.174533,-23.859724],[-46.174526,-23.859729],[-46.174519,-23.859736],[-46.174512,-23.859742],[-46.174506,-23.859748],[-46.1745,-23.859756],[-46.174495,-23.859762],[-46.174377,-23.859939],[-46.174373,-23.859946],[-46.174368,-23.859954],[-46.174365,-23.859963],[-46.174362,-23.859971],[-46.174359,-23.85998],[-46.174357,-23.859989],[-46.174356,-23.859997],[-46.174355,-23.860006],[-46.174355,-23.860015],[-46.174357,-23.860033],[-46.174359,-23.860042],[-46.174362,-23.860051],[-46.174365,-23.860059],[-46.174368,-23.860067],[-46.174373,-23.860075],[-46.174378,-23.860083],[-46.174383,-23.860091],[-46.174388,-23.860097],[-46.174717,-23.860472],[-46.175021,-23.860776],[-46.175031,-23.860788],[-46.175032,-23.860791],[-46.175033,-23.860794],[-46.175034,-23.860798],[-46.175033,-23.860802],[-46.175031,-23.860806],[-46.175029,-23.860809],[-46.175023,-23.860817],[-46.174891,-23.860949],[-46.174872,-23.860962],[-46.174868,-23.860963],[-46.17486,-23.860964],[-46.174634,-23.860964],[-46.174627,-23.860964],[-46.174619,-23.860964],[-46.17461,-23.860965],[-46.1746,-23.860967],[-46.17459,-23.86097],[-46.174537,-23.860985],[-46.174527,-23.860988],[-46.174519,-23.860991],[-46.17451,-23.860995],[-46.174501,-23.861],[-46.174493,-23.861005],[-46.174485,-23.86101],[-46.174478,-23.861016],[-46.174471,-23.861023],[-46.174465,-23.861029],[-46.174459,-23.861036],[-46.174454,-23.861044],[-46.174449,-23.861051],[-46.174445,-23.86106],[-46.174441,-23.861067],[-46.174438,-23.861075],[-46.174435,-23.861086],[-46.174433,-23.861093],[-46.174432,-23.861101],[-46.174431,-23.861115],[-46.174431,-23.861391],[-46.174432,-23.861404],[-46.174433,-23.861413],[-46.174435,-23.861422],[-46.174438,-23.86143],[-46.174441,-23.861439],[-46.174445,-23.861447],[-46.174449,-23.861455],[-46.174453,-23.861463],[-46.174459,-23.86147],[-46.174465,-23.861478],[-46.174472,-23.861485],[-46.174479,-23.861491],[-46.174486,-23.861497],[-46.174494,-23.861502],[-46.174502,-23.861507],[-46.17451,-23.861512],[-46.175042,-23.861777],[-46.175055,-23.861785],[-46.175057,-23.861787],[-46.175062,-23.861795],[-46.175406,-23.862398],[-46.175605,-23.86282],[-46.17561,-23.86283],[-46.17562,-23.862846],[-46.175626,-23.862853],[-46.175633,-23.862859],[-46.17564,-23.862866],[-46.175647,-23.862872],[-46.175655,-23.862877],[-46.175663,-23.862882],[-46.175671,-23.862887],[-46.17568,-23.862891],[-46.175688,-23.862894],[-46.176015,-23.86301],[-46.176026,-23.863015],[-46.176029,-23.863017],[-46.176031,-23.86302],[-46.176034,-23.863024],[-46.176035,-23.863027],[-46.176037,-23.863034],[-46.176037,-23.863036],[-46.176065,-23.863538],[-46.176062,-23.863567],[-46.175957,-23.863908],[-46.175955,-23.863914],[-46.175953,-23.863922],[-46.175951,-23.863932],[-46.175951,-23.863938],[-46.175951,-23.863945],[-46.175951,-23.8645],[-46.175951,-23.864506],[-46.175951,-23.864513],[-46.175953,-23.864522],[-46.175954,-23.86453],[-46.175957,-23.86454],[-46.17596,-23.864547],[-46.175964,-23.864557],[-46.175967,-23.864563],[-46.17597,-23.864569],[-46.176174,-23.864898],[-46.176179,-23.864909],[-46.17618,-23.864912],[-46.17618,-23.864916],[-46.176179,-23.86492],[-46.176178,-23.864923],[-46.176176,-23.864927],[-46.176174,-23.86493],[-46.176171,-23.864933],[-46.176167,-23.864935],[-46.176163,-23.864936],[-46.176159,-23.864937],[-46.176153,-23.864937],[-46.176147,-23.864937],[-46.174816,-23.864739],[-46.174786,-23.864729],[-46.1742,-23.864449],[-46.174192,-23.864445],[-46.174184,-23.864443],[-46.174175,-23.86444],[-46.174165,-23.864437],[-46.174156,-23.864435],[-46.174146,-23.864434],[-46.174117,-23.864434],[-46.174107,-23.864435],[-46.174098,-23.864437],[-46.174087,-23.86444],[-46.172934,-23.864762],[-46.172911,-23.864765],[-46.172901,-23.864762],[-46.17199,-23.864459],[-46.171982,-23.864456],[-46.171973,-23.864454],[-46.171963,-23.864452],[-46.171954,-23.864451],[-46.171944,-23.86445],[-46.17141,-23.86445],[-46.1714,-23.864451],[-46.171391,-23.864452],[-46.171382,-23.864454],[-46.171374,-23.864456],[-46.171363,-23.864459],[-46.171353,-23.864463],[-46.171345,-23.864466],[-46.171337,-23.864471],[-46.171205,-23.864544],[-46.171195,-23.86455],[-46.171188,-23.864555],[-46.17118,-23.864561],[-46.171173,-23.864567],[-46.171167,-23.864574],[-46.171162,-23.864581],[-46.171156,-23.864589],[-46.171152,-23.864596],[-46.171147,-23.864604],[-46.171144,-23.864613],[-46.171141,-23.864621],[-46.171138,-23.864629],[-46.171136,-23.864638],[-46.171135,-23.864647],[-46.171134,-23.864655],[-46.171134,-23.864662],[-46.171134,-23.865116],[-46.171134,-23.865124],[-46.171135,-23.86513],[-46.171136,-23.865139],[-46.171138,-23.865148],[-46.171141,-23.865156],[-46.171144,-23.865165],[-46.171147,-23.865173],[-46.171152,-23.865181],[-46.171156,-23.865189],[-46.171161,-23.865195],[-46.171167,-23.865203],[-46.171719,-23.865834],[-46.171725,-23.865842],[-46.171733,-23.865848],[-46.171741,-23.865854],[-46.172406,-23.866353],[-46.172427,-23.866374],[-46.173124,-23.867382],[-46.173129,-23.867388],[-46.173135,-23.867395],[-46.173141,-23.867402],[-46.173148,-23.867408],[-46.173155,-23.867414],[-46.173163,-23.867419],[-46.173171,-23.867424],[-46.173179,-23.867429],[-46.173188,-23.867433],[-46.173197,-23.867436],[-46.173207,-23.867439],[-46.173216,-23.867441],[-46.173226,-23.867443],[-46.173235,-23.867444],[-46.173245,-23.867445],[-46.173255,-23.867445],[-46.173264,-23.867444],[-46.173274,-23.867443],[-46.173284,-23.867441],[-46.173292,-23.867439],[-46.174101,-23.867219],[-46.174118,-23.867216],[-46.174126,-23.867216],[-46.174131,-23.867218],[-46.174136,-23.867221],[-46.174143,-23.867228],[-46.175279,-23.868534],[-46.175294,-23.868558],[-46.17546,-23.868962],[-46.175464,-23.868971],[-46.175469,-23.868979],[-46.175474,-23.868987],[-46.175479,-23.868994],[-46.175491,-23.869008],[-46.175505,-23.86902],[-46.175513,-23.869026],[-46.175521,-23.869031],[-46.17553,-23.869035],[-46.175538,-23.869039],[-46.175547,-23.869042],[-46.175556,-23.869045],[-46.176068,-23.869191],[-46.176085,-23.869199],[-46.176089,-23.869202],[-46.176091,-23.869205],[-46.176093,-23.869209],[-46.176095,-23.869218],[-46.176118,-23.869611],[-46.176118,-23.869617],[-46.176118,-23.869626],[-46.176121,-23.869635],[-46.176123,-23.869644],[-46.176126,-23.869652],[-46.176131,-23.86966],[-46.176135,-23.869668],[-46.17614,-23.869676],[-46.176145,-23.869684],[-46.17615,-23.869691],[-46.176157,-23.869698],[-46.176164,-23.869704],[-46.176171,-23.86971],[-46.17618,-23.869715],[-46.176188,-23.86972],[-46.176196,-23.869725],[-46.176917,-23.870072],[-46.176926,-23.870077],[-46.176935,-23.87008],[-46.176943,-23.870083],[-46.176952,-23.870085],[-46.17696,-23.870087],[-46.177587,-23.870196],[-46.177599,-23.870199],[-46.177602,-23.8702],[-46.177606,-23.870203],[-46.177613,-23.870209],[-46.177916,-23.87057],[-46.177928,-23.870589],[-46.177929,-23.870595],[-46.177928,-23.8706],[-46.177815,-23.871196],[-46.177813,-23.871202],[-46.177752,-23.871428],[-46.17775,-23.871438],[-46.177748,-23.871446],[-46.177748,-23.871465],[-46.177748,-23.871473],[-46.17775,-23.871483],[-46.177752,-23.871492],[-46.177754,-23.8715],[-46.177757,-23.871509],[-46.177761,-23.871517],[-46.177765,-23.871525],[-46.17777,-23.871533],[-46.177775,-23.87154],[-46.17778,-23.871547],[-46.177786,-23.871554],[-46.177792,-23.871559],[-46.178058,-23.871802],[-46.17807,-23.871816],[-46.178072,-23.871822],[-46.178072,-23.871832],[-46.178019,-23.872411],[-46.17801,-23.872445],[-46.17775,-23.873174],[-46.177729,-23.873238],[-46.177728,-23.873241],[-46.177726,-23.873249],[-46.177724,-23.873258],[-46.177722,-23.873276],[-46.177722,-23.873285],[-46.177724,-23.873303],[-46.177726,-23.873311],[-46.177728,-23.87332],[-46.177731,-23.873329],[-46.177739,-23.873345],[-46.177744,-23.873353],[-46.177756,-23.873367],[-46.177758,-23.873369],[-46.178423,-23.874086],[-46.178428,-23.874091],[-46.178442,-23.874103],[-46.17845,-23.874109],[-46.178456,-23.874112],[-46.179287,-23.874606],[-46.17929,-23.874607],[-46.179298,-23.874612],[-46.179307,-23.874616],[-46.179325,-23.874622],[-46.179334,-23.874624],[-46.179344,-23.874626],[-46.179354,-23.874627],[-46.179363,-23.874628],[-46.179373,-23.874628],[-46.179383,-23.874627],[-46.179392,-23.874626],[-46.179402,-23.874625],[-46.179406,-23.874624],[-46.180195,-23.874432],[-46.1802,-23.874431],[-46.18021,-23.874428],[-46.180219,-23.874425],[-46.180227,-23.874421],[-46.180236,-23.874416],[-46.180252,-23.874406],[-46.180266,-23.874394],[-46.180278,-23.87438],[-46.180284,-23.874372],[-46.180288,-23.874365],[-46.180293,-23.874356],[-46.180295,-23.874352],[-46.180647,-23.873573],[-46.180649,-23.873569],[-46.180652,-23.87356],[-46.180654,-23.873552],[-46.180656,-23.873543],[-46.180658,-23.873525],[-46.180658,-23.873516],[-46.180657,-23.873508],[-46.180576,-23.872662],[-46.180575,-23.872653],[-46.180575,-23.871915],[-46.180576,-23.871905],[-46.18066,-23.871173],[-46.180666,-23.871151],[-46.180933,-23.870671],[-46.18094,-23.870657],[-46.180946,-23.870639],[-46.180947,-23.870631],[-46.180949,-23.870622],[-46.180949,-23.870613],[-46.180976,-23.869936],[-46.180976,-23.869929],[-46.180948,-23.868531],[-46.180948,-23.868526],[-46.180892,-23.867549],[-46.180891,-23.867543],[-46.18089,-23.867534],[-46.180888,-23.867526],[-46.180886,-23.867517],[-46.180883,-23.867509],[-46.180608,-23.866822],[-46.180605,-23.866809],[-46.180604,-23.866807],[-46.180606,-23.866799],[-46.180608,-23.866796],[-46.180611,-23.866792],[-46.180617,-23.866788],[-46.180623,-23.866785],[-46.180628,-23.866784],[-46.180931,-23.866729],[-46.180947,-23.866728],[-46.180953,-23.866729],[-46.181355,-23.866835],[-46.181363,-23.866836],[-46.181372,-23.866838],[-46.181382,-23.866839],[-46.181391,-23.86684],[-46.181401,-23.86684],[-46.181421,-23.866838],[-46.18143,-23.866836],[-46.18144,-23.866834],[-46.181458,-23.866828],[-46.181467,-23.866824],[-46.181491,-23.866809],[-46.181505,-23.866797],[-46.181517,-23.866783],[-46.181523,-23.866775],[-46.181528,-23.866767],[-46.18153,-23.866763],[-46.181705,-23.866434],[-46.181706,-23.86643],[-46.18171,-23.866422],[-46.181713,-23.866413],[-46.181716,-23.866405],[-46.181718,-23.866396],[-46.18172,-23.866378],[-46.18172,-23.866369],[-46.181719,-23.866365],[-46.181668,-23.865569],[-46.181668,-23.865564],[-46.181662,-23.865537],[-46.181659,-23.865529],[-46.181655,-23.86552],[-46.181651,-23.865512],[-46.181646,-23.865505],[-46.18164,-23.865497],[-46.181636,-23.865492],[-46.181129,-23.864905],[-46.181123,-23.864897],[-46.181121,-23.864889],[-46.181121,-23.864881],[-46.181124,-23.864873],[-46.181551,-23.863848],[-46.181553,-23.863842],[-46.181949,-23.863051],[-46.181962,-23.863033],[-46.181964,-23.863032],[-46.181966,-23.86303],[-46.182704,-23.862593],[-46.18271,-23.862589],[-46.182717,-23.862584],[-46.182725,-23.862578],[-46.182732,-23.862572],[-46.182744,-23.862558],[-46.182749,-23.86255],[-46.18275,-23.862549],[-46.183299,-23.861726],[-46.183306,-23.861717],[-46.183312,-23.861713],[-46.183316,-23.861711],[-46.18332,-23.86171],[-46.183329,-23.86171],[-46.183333,-23.861712],[-46.183337,-23.861713],[-46.183345,-23.861719],[-46.184576,-23.862726],[-46.184588,-23.862735],[-46.184596,-23.86274],[-46.184604,-23.862744],[-46.184622,-23.862752],[-46.184627,-23.862753],[-46.185277,-23.862955],[-46.185281,-23.862956],[-46.185291,-23.862959],[-46.1853,-23.86296],[-46.18531,-23.862961],[-46.185319,-23.862962],[-46.185329,-23.862962],[-46.185349,-23.86296],[-46.185358,-23.862959],[-46.185368,-23.862956],[-46.185386,-23.86295],[-46.185395,-23.862946],[-46.185403,-23.862942],[-46.185411,-23.862937],[-46.185419,-23.862931],[-46.185433,-23.862919],[-46.185451,-23.862898],[-46.185456,-23.86289],[-46.18546,-23.862882],[-46.18563,-23.862541],[-46.185631,-23.86254],[-46.185634,-23.862532],[-46.185638,-23.862524],[-46.185642,-23.862506],[-46.185644,-23.862488],[-46.185644,-23.862479],[-46.185643,-23.86247],[-46.185642,-23.862462],[-46.185545,-23.861905],[-46.185541,-23.861887],[-46.185538,-23.861879],[-46.185534,-23.861871],[-46.18553,-23.861862],[-46.185525,-23.861855],[-46.185519,-23.861847],[-46.185507,-23.861833],[-46.1855,-23.861827],[-46.185499,-23.861826],[-46.18518,-23.861556],[-46.185164,-23.861537],[-46.185164,-23.861535],[-46.185163,-23.861531],[-46.185165,-23.861523],[-46.185167,-23.86152],[-46.185173,-23.861514],[-46.185176,-23.861512],[-46.185183,-23.861509],[-46.185185,-23.861509],[-46.185574,-23.861425],[-46.185596,-23.861423],[-46.18579,-23.861445],[-46.185793,-23.861445],[-46.185803,-23.861446],[-46.185813,-23.861446],[-46.185822,-23.861445],[-46.185832,-23.861444],[-46.185841,-23.861442],[-46.185851,-23.86144],[-46.185869,-23.861434],[-46.185878,-23.86143],[-46.185886,-23.861426],[-46.18649,-23.861084],[-46.186501,-23.861079],[-46.186831,-23.860941],[-46.186851,-23.860936],[-46.186856,-23.860936],[-46.186862,-23.860938],[-46.186866,-23.86094],[-46.187319,-23.861166],[-46.187325,-23.86117],[-46.187512,-23.861282],[-46.187515,-23.861284],[-46.187523,-23.861288],[-46.187532,-23.861292],[-46.18755,-23.861298],[-46.18756,-23.861301],[-46.187569,-23.861302],[-46.187579,-23.861304],[-46.187608,-23.861304],[-46.187618,-23.861302],[-46.187627,-23.861301],[-46.187637,-23.861298],[-46.187655,-23.861292],[-46.187664,-23.861288],[-46.187672,-23.861284],[-46.187678,-23.86128],[-46.188118,-23.861002],[-46.188137,-23.860993],[-46.188142,-23.860993],[-46.18815,-23.860995],[-46.188154,-23.860997],[-46.188161,-23.861001],[-46.18892,-23.861677],[-46.188922,-23.861678],[-46.188929,-23.861684],[-46.188937,-23.861689],[-46.188942,-23.861693],[-46.189183,-23.861837],[-46.189185,-23.861838],[-46.189194,-23.861843],[-46.189202,-23.861847],[-46.189211,-23.86185],[-46.189221,-23.861853],[-46.18923,-23.861856],[-46.18924,-23.861857],[-46.189244,-23.861858],[-46.189425,-23.861881],[-46.189443,-23.861885],[-46.189447,-23.861888],[-46.18945,-23.861891],[-46.189455,-23.861897],[-46.189621,-23.86223],[-46.189629,-23.862254],[-46.18972,-23.862777],[-46.189722,-23.862786],[-46.189725,-23.862795],[-46.189728,-23.862803],[-46.189736,-23.862819],[-46.189746,-23.862835],[-46.189758,-23.862849],[-46.189765,-23.862855],[-46.189773,-23.862861],[-46.18978,-23.862866],[-46.189789,-23.862871],[-46.189797,-23.862876],[-46.189806,-23.86288],[-46.189824,-23.862886],[-46.189833,-23.862888],[-46.189843,-23.86289],[-46.189853,-23.862891],[-46.18986,-23.862892],[-46.190309,-23.862913],[-46.190334,-23.862918],[-46.190339,-23.862922],[-46.190789,-23.863344],[-46.190802,-23.86336],[-46.190803,-23.863363],[-46.190803,-23.863371],[-46.190777,-23.863654],[-46.190777,-23.86367],[-46.190779,-23.863688],[-46.190781,-23.863697],[-46.190783,-23.863704],[-46.190919,-23.864134],[-46.190919,-23.864136],[-46.190922,-23.864144],[-46.190926,-23.864153],[-46.19093,-23.864161],[-46.190935,-23.864168],[-46.190941,-23.864176],[-46.190953,-23.86419],[-46.190967,-23.864202],[-46.190991,-23.864217],[-46.191,-23.864221],[-46.191018,-23.864227],[-46.191023,-23.864228],[-46.191387,-23.864319],[-46.191836,-23.864431],[-46.191856,-23.86444],[-46.191859,-23.864442],[-46.191861,-23.864446],[-46.191863,-23.864449],[-46.191864,-23.864456],[-46.191865,-23.864458],[-46.191893,-23.864934],[-46.191891,-23.864956],[-46.191778,-23.865519],[-46.191777,-23.865525],[-46.191694,-23.865828],[-46.191694,-23.865831],[-46.191692,-23.865839],[-46.191691,-23.865845],[-46.191639,-23.866233],[-46.191639,-23.866237],[-46.191638,-23.866245],[-46.191638,-23.866254],[-46.19164,-23.866272],[-46.191642,-23.866281],[-46.191644,-23.866287],[-46.191737,-23.866589],[-46.191737,-23.866592],[-46.191741,-23.8666],[-46.191744,-23.866609],[-46.191749,-23.866617],[-46.191753,-23.866624],[-46.191759,-23.866632],[-46.191771,-23.866646],[-46.191774,-23.866648],[-46.192109,-23.86696],[-46.192121,-23.866969],[-46.192128,-23.866975],[-46.192136,-23.86698],[-46.192154,-23.866988],[-46.192172,-23.866994],[-46.19218,-23.866996],[-46.192323,-23.867028],[-46.192334,-23.86703],[-46.192343,-23.867031],[-46.192353,-23.867032],[-46.192363,-23.867032],[-46.192373,-23.867031],[-46.192382,-23.86703],[-46.192392,-23.867029],[-46.192419,-23.86702],[-46.192428,-23.867016],[-46.192432,-23.867014],[-46.192866,-23.866785],[-46.192871,-23.866783],[-46.192879,-23.866778],[-46.192887,-23.866772],[-46.192894,-23.866767],[-46.192908,-23.866753],[-46.192913,-23.866746],[-46.192919,-23.866739],[-46.192924,-23.866731],[-46.192929,-23.866721],[-46.193102,-23.86635],[-46.19312,-23.866325],[-46.193553,-23.865891],[-46.193559,-23.865886],[-46.193565,-23.865878],[-46.19357,-23.865871],[-46.193575,-23.865863],[-46.193577,-23.865859],[-46.193791,-23.865458],[-46.193803,-23.865442],[-46.193811,-23.865438],[-46.193815,-23.865438],[-46.193819,-23.865437],[-46.193827,-23.865439],[-46.193833,-23.865442],[-46.193836,-23.865444],[-46.194394,-23.865842],[-46.194399,-23.865845],[-46.194415,-23.865855],[-46.194424,-23.865859],[-46.194442,-23.865865],[-46.194452,-23.865868],[-46.194461,-23.865869],[-46.194471,-23.86587],[-46.194474,-23.865871],[-46.194812,-23.865895],[-46.194835,-23.8659],[-46.194838,-23.865902],[-46.194842,-23.865906],[-46.194845,-23.86591],[-46.195641,-23.867104],[-46.195651,-23.867122],[-46.196106,-23.868348],[-46.196107,-23.868349],[-46.196477,-23.869317],[-46.19648,-23.869328],[-46.19648,-23.869331],[-46.196479,-23.86934],[-46.196194,-23.870507],[-46.196193,-23.870514],[-46.196066,-23.871197],[-46.196065,-23.871206],[-46.196064,-23.871215],[-46.196064,-23.871224],[-46.196066,-23.871242],[-46.196068,-23.871251],[-46.196071,-23.871259],[-46.196074,-23.871268],[-46.196082,-23.871284],[-46.196087,-23.871292],[-46.196092,-23.871299],[-46.196098,-23.871307],[-46.196105,-23.871313],[-46.196111,-23.87132],[-46.196114,-23.871322],[-46.196296,-23.871471],[-46.196308,-23.87148],[-46.196316,-23.871485],[-46.196325,-23.871489],[-46.196333,-23.871493],[-46.196342,-23.871496],[-46.196352,-23.871499],[-46.196361,-23.871502],[-46.196371,-23.871503],[-46.19638,-23.871505],[-46.196409,-23.871505],[-46.196419,-23.871503],[-46.196849,-23.871439],[-46.196858,-23.871437],[-46.196868,-23.871435],[-46.196886,-23.871429],[-46.196895,-23.871425],[-46.196919,-23.87141],[-46.196933,-23.871398],[-46.196937,-23.871393],[-46.197344,-23.870962],[-46.197346,-23.870959],[-46.197352,-23.870952],[-46.197357,-23.870944],[-46.19736,-23.87094],[-46.197722,-23.870356],[-46.19773,-23.870344],[-46.198467,-23.869494],[-46.198472,-23.869489],[-46.198475,-23.869484],[-46.199296,-23.868324],[-46.199313,-23.868307],[-46.199316,-23.868306],[-46.19932,-23.868305],[-46.199328,-23.868305],[-46.199332,-23.868306],[-46.199336,-23.868308],[-46.199339,-23.86831],[-46.199345,-23.868316],[-46.199348,-23.868324],[-46.199716,-23.869541],[-46.19972,-23.869553],[-46.199724,-23.869561],[-46.200119,-23.870351],[-46.200122,-23.870358],[-46.200548,-23.871438],[-46.200552,-23.87145],[-46.200552,-23.871457],[-46.200467,-23.872279],[-46.200463,-23.872297],[-46.200282,-23.87284],[-46.200279,-23.872849],[-46.200277,-23.872858],[-46.200275,-23.872876],[-46.200275,-23.872885],[-46.200277,-23.872903],[-46.200279,-23.872912],[-46.200282,-23.87292],[-46.200285,-23.872929],[-46.200487,-23.873422],[-46.200491,-23.873431],[-46.200495,-23.873439],[-46.2005,-23.873447],[-46.200505,-23.873454],[-46.200517,-23.873468],[-46.200524,-23.873474],[-46.200532,-23.87348],[-46.200539,-23.873486],[-46.200547,-23.873491],[-46.200565,-23.873499],[-46.200592,-23.873508],[-46.200602,-23.873509],[-46.200742,-23.873531],[-46.200751,-23.873532],[-46.200761,-23.873533],[-46.200771,-23.873533],[-46.200781,-23.873532],[-46.20079,-23.873531],[-46.2008,-23.873529],[-46.200809,-23.873527],[-46.200818,-23.873524],[-46.200828,-23.873521],[-46.200836,-23.873517],[-46.200845,-23.873512],[-46.200861,-23.873502],[-46.200868,-23.873496],[-46.200881,-23.873483],[-46.200887,-23.873476],[-46.200893,-23.873468],[-46.200897,-23.87346],[-46.200902,-23.873452],[-46.200903,-23.87345],[-46.201074,-23.873086],[-46.201087,-23.873065],[-46.201248,-23.872878],[-46.20126,-23.872867],[-46.201266,-23.872864],[-46.201275,-23.872862],[-46.201864,-23.872778],[-46.20188,-23.872778],[-46.201884,-23.872779],[-46.201888,-23.872781],[-46.201892,-23.872784],[-46.201898,-23.872789],[-46.202134,-23.873051],[-46.20214,-23.873058],[-46.202154,-23.87307],[-46.20217,-23.87308],[-46.202171,-23.873081],[-46.202563,-23.873302],[-46.202579,-23.87331],[-46.202588,-23.873313],[-46.202598,-23.873316],[-46.202607,-23.873318],[-46.202617,-23.87332],[-46.202626,-23.873321],[-46.202636,-23.873322],[-46.203481,-23.873322],[-46.203501,-23.87332],[-46.20351,-23.873318],[-46.20352,-23.873316],[-46.203529,-23.873313],[-46.203531,-23.873312],[-46.204183,-23.873078],[-46.20419,-23.873075],[-46.204199,-23.873071],[-46.204207,-23.873067],[-46.204215,-23.873062],[-46.204223,-23.873056],[-46.20423,-23.87305],[-46.204235,-23.873046],[-46.204589,-23.872716],[-46.204591,-23.872713],[-46.204598,-23.872707],[-46.204604,-23.872699],[-46.204609,-23.872692],[-46.204614,-23.872684],[-46.204622,-23.872668],[-46.204625,-23.872659],[-46.204628,-23.872651],[-46.20463,-23.872642],[-46.204631,-23.872633],[-46.204631,-23.872624],[-46.204632,-23.87262],[-46.204632,-23.872262],[-46.204633,-23.872249],[-46.204635,-23.872242],[-46.204873,-23.871662],[-46.204876,-23.871653],[-46.204878,-23.871645],[-46.20488,-23.871636],[-46.204882,-23.871618],[-46.204882,-23.871609],[-46.20488,-23.871591],[-46.204878,-23.871582],[-46.204606,-23.87052],[-46.204604,-23.870501],[-46.204605,-23.870498],[-46.204607,-23.870494],[-46.20461,-23.870491],[-46.204616,-23.870486],[-46.205006,-23.870235],[-46.205026,-23.870226],[-46.205034,-23.870226],[-46.205038,-23.870227],[-46.205042,-23.870229],[-46.205045,-23.870231],[-46.205049,-23.870235],[-46.205053,-23.87024],[-46.205622,-23.871121],[-46.205627,-23.871132],[-46.205838,-23.871577],[-46.205839,-23.871578],[-46.205843,-23.871586],[-46.205853,-23.871602],[-46.205859,-23.871609],[-46.205866,-23.871615],[-46.205873,-23.871622],[-46.20588,-23.871628],[-46.205904,-23.871643],[-46.205913,-23.871647],[-46.205931,-23.871653],[-46.205941,-23.871655],[-46.20595,-23.871657],[-46.20596,-23.871658],[-46.205969,-23.871659],[-46.206196,-23.871659],[-46.206206,-23.871658],[-46.206215,-23.871657],[-46.206225,-23.871655],[-46.206234,-23.871653],[-46.206244,-23.87165],[-46.206253,-23.871647],[-46.206261,-23.871643],[-46.20627,-23.871638],[-46.206286,-23.871628],[-46.206293,-23.871622],[-46.206295,-23.87162],[-46.206784,-23.87118],[-46.206789,-23.871176],[-46.206801,-23.871162],[-46.206816,-23.871138],[-46.206822,-23.871122],[-46.206824,-23.871117],[-46.207009,-23.870481],[-46.207018,-23.870462],[-46.207022,-23.870458],[-46.207387,-23.870149],[-46.207401,-23.870139],[-46.207963,-23.870108]]]}},{"type":"Feature","properties":{"ibge_id":3506359,"municipality_name":"Bertioga"},"geometry":{"type":"Polygon","coordinates":[[[-46.154842,-23.827927],[-46.154627,-23.828254],[-46.154426,-23.828426],[-46.15351,-23.828486],[-46.153025,-23.828501],[-46.152069,-23.828994],[-46.15123,-23.82969],[-46.150866,-23.830105],[-46.150463,-23.830832],[-46.150181,-23.831533],[-46.150135,-23.831836],[-46.150044,-23.832218],[-46.150114,-23.832259],[-46.1505,-23.832293],[-46.15059,-23.832837],[-46.150662,-23.83372],[-46.150681,-23.834543],[-46.150681,-23.834565],[-46.150682,-23.834572],[-46.150682,-23.83459],[-46.1505,-23.834561],[-46.149274,-23.834359],[-46.148106,-23.834179],[-46.142508,-23.837625],[-46.142354,-23.83772],[-46.14257,-23.840199],[-46.143159,-23.84126],[-46.143,-23.841362],[-46.142532,-23.842033],[-46.142362,-23.842706],[-46.142431,-23.843071],[-46.142684,-23.843547],[-46.143056,-23.844044],[-46.143441,-23.844568],[-46.143797,-23.844905],[-46.143821,-23.844895],[-46.144861,-23.845404],[-46.145616,-23.84602],[-46.146515,-23.84624],[-46.148903,-23.846705],[-46.148171,-23.847335],[-46.146799,-23.848277],[-46.145765,-23.849431],[-46.145878,-23.85238],[-46.145905,-23.853076],[-46.145673,-23.854064],[-46.145669,-23.85445],[-46.145619,-23.854601],[-46.145612,-23.854789],[-46.145563,-23.854978],[-46.145392,-23.855091],[-46.1453,-23.85528],[-46.14517,-23.855392],[-46.145145,-23.855955],[-46.145054,-23.856142],[-46.145006,-23.856292],[-46.144999,-23.856441],[-46.144995,-23.856454],[-46.144778,-23.856471],[-46.143833,-23.856368],[-46.143032,-23.856192],[-46.142355,-23.855867],[-46.141542,-23.856219],[-46.140827,-23.856246],[-46.140044,-23.85624],[-46.139318,-23.856175],[-46.138929,-23.856151],[-46.137599,-23.855875],[-46.136457,-23.855586],[-46.135435,-23.855367],[-46.134861,-23.855269],[-46.134361,-23.8553],[-46.134045,-23.854905],[-46.133918,-23.854659],[-46.133887,-23.854214],[-46.134302,-23.85347],[-46.134437,-23.853269],[-46.134455,-23.852265],[-46.134401,-23.852197],[-46.13433,-23.851813],[-46.134213,-23.85118],[-46.134007,-23.85042],[-46.133917,-23.850093],[-46.133805,-23.849698],[-46.133692,-23.849364],[-46.133539,-23.849077],[-46.13335,-23.848726],[-46.133186,-23.848408],[-46.132425,-23.84704],[-46.131974,-23.845998],[-46.13158,-23.845625],[-46.131451,-23.845327],[-46.131366,-23.845127],[-46.130569,-23.8442],[-46.129711,-23.843223],[-46.12916,-23.842655],[-46.128982,-23.842507],[-46.128363,-23.841989],[-46.127941,-23.841572],[-46.127601,-23.841235],[-46.127553,-23.841188],[-46.126602,-23.840379],[-46.126407,-23.840213],[-46.126326,-23.840145],[-46.12603,-23.840146],[-46.125661,-23.839901],[-46.125444,-23.83984],[-46.124456,-23.839083],[-46.123847,-23.838663],[-46.123297,-23.838159],[-46.122794,-23.837872],[-46.121384,-23.836967],[-46.120717,-23.836539],[-46.118853,-23.835344],[-46.118244,-23.83495],[-46.116233,-23.833652],[-46.114641,-23.832899],[-46.113089,-23.832153],[-46.110108,-23.830622],[-46.106121,-23.828486],[-46.104307,-23.82782],[-46.103893,-23.827622],[-46.096649,-23.824615],[-46.095277,-23.823993],[-46.094133,-23.82355],[-46.0929,-23.822972],[-46.091726,-23.822328],[-46.090498,-23.821728],[-46.088613,-23.821107],[-46.08533,-23.819797],[-46.081312,-23.818243],[-46.080809,-23.818035],[-46.080777,-23.818022],[-46.078547,-23.817098],[-46.075857,-23.816226],[-46.07461,-23.815805],[-46.073539,-23.815438],[-46.070622,-23.814469],[-46.06787,-23.813927],[-46.063899,-23.813068],[-46.061287,-23.813184],[-46.060634,-23.813028],[-46.057344,-23.813034],[-46.056024,-23.813419],[-46.05326,-23.81462],[-46.051774,-23.815176],[-46.050027,-23.816406],[-46.049314,-23.816875],[-46.047775,-23.818198],[-46.047403,-23.818519],[-46.046411,-23.819609],[-46.045041,-23.821889],[-46.044219,-23.823228],[-46.044015,-23.823898],[-46.043776,-23.824476],[-46.04342,-23.82435],[-46.043158,-23.82401],[-46.04331,-23.823171],[-46.043107,-23.82292],[-46.042289,-23.821992],[-46.04152,-23.821635],[-46.041206,-23.82134],[-46.041187,-23.82117],[-46.041378,-23.820901],[-46.041892,-23.820041],[-46.041983,-23.819892],[-46.042274,-23.819276],[-46.042777,-23.81848],[-46.042808,-23.818382],[-46.041781,-23.81784],[-46.04127,-23.817596],[-46.041199,-23.817583],[-46.040957,-23.817499],[-46.040282,-23.817889],[-46.040071,-23.816041],[-46.039897,-23.81506],[-46.039605,-23.814352],[-46.038844,-23.813072],[-46.037677,-23.811558],[-46.035236,-23.809636],[-46.035009,-23.809457],[-46.033091,-23.808488],[-46.032221,-23.808048],[-46.030671,-23.807356],[-46.027785,-23.805884],[-46.025818,-23.804881],[-46.023549,-23.803896],[-46.02097,-23.802777],[-46.015973,-23.801167],[-46.012577,-23.799919],[-46.010963,-23.799326],[-46.008372,-23.798773],[-46.005923,-23.79825],[-46.005069,-23.798129],[-46.004094,-23.798134],[-46.002578,-23.798219],[-46.0011,-23.798504],[-45.999129,-23.799997],[-45.998866,-23.800118],[-45.99766,-23.799593],[-45.996106,-23.798636],[-45.995951,-23.798343],[-45.994583,-23.797169],[-45.993616,-23.796722],[-45.993788,-23.796406],[-45.99404,-23.795812],[-45.993831,-23.795489],[-45.993591,-23.794257],[-45.992584,-23.792318],[-45.992061,-23.791814],[-45.992264,-23.791455],[-45.992109,-23.790972],[-45.992043,-23.790764],[-45.991833,-23.790107],[-45.992556,-23.777259],[-45.992558,-23.777236],[-45.993266,-23.777374],[-45.993299,-23.777404],[-45.994059,-23.777576],[-45.994195,-23.777583],[-45.994351,-23.777618],[-45.995103,-23.777788],[-45.996888,-23.778178],[-45.999001,-23.778708],[-46.000129,-23.779037],[-46.001,-23.779292],[-46.001806,-23.779527],[-46.002535,-23.77974],[-46.003935,-23.780148],[-46.00598,-23.780769],[-46.006113,-23.780811],[-46.006252,-23.780851],[-46.006453,-23.780912],[-46.006584,-23.780951],[-46.009211,-23.781737],[-46.010036,-23.782011],[-46.010711,-23.782244],[-46.011507,-23.782498],[-46.012164,-23.782706],[-46.01306,-23.783017],[-46.013826,-23.783209],[-46.015083,-23.783619],[-46.015739,-23.783783],[-46.01645,-23.784001],[-46.017106,-23.784193],[-46.018063,-23.784466],[-46.018801,-23.784685],[-46.02204,-23.785651],[-46.022838,-23.785889],[-46.023515,-23.786073],[-46.024294,-23.786299],[-46.025158,-23.786553],[-46.026529,-23.786935],[-46.026594,-23.786959],[-46.027225,-23.787194],[-46.027249,-23.787197],[-46.027274,-23.787203],[-46.027984,-23.787358],[-46.02858,-23.787585],[-46.028627,-23.787602],[-46.029691,-23.787998],[-46.029773,-23.788027],[-46.038367,-23.79061],[-46.038382,-23.790615],[-46.038948,-23.790785],[-46.049805,-23.794035],[-46.054567,-23.795467],[-46.055128,-23.795678],[-46.056691,-23.796031],[-46.057323,-23.796229],[-46.057918,-23.796416],[-46.057937,-23.796419],[-46.057953,-23.794524],[-46.057964,-23.793566],[-46.057996,-23.789932],[-46.058005,-23.78655],[-46.058045,-23.78656],[-46.062492,-23.787913],[-46.062494,-23.787914],[-46.064381,-23.788557],[-46.066269,-23.7892],[-46.066278,-23.789203],[-46.066287,-23.789205],[-46.066297,-23.789207],[-46.066306,-23.789208],[-46.066334,-23.789208],[-46.067791,-23.789086],[-46.067802,-23.789085],[-46.067811,-23.789083],[-46.069516,-23.788709],[-46.06952,-23.788709],[-46.069521,-23.788708],[-46.069527,-23.788708],[-46.070694,-23.788747],[-46.070713,-23.788747],[-46.070723,-23.788746],[-46.070733,-23.788744],[-46.070742,-23.788741],[-46.070751,-23.788739],[-46.070769,-23.788731],[-46.070777,-23.788727],[-46.070786,-23.788722],[-46.070793,-23.788716],[-46.070801,-23.78871],[-46.070808,-23.788704],[-46.070814,-23.788697],[-46.070816,-23.788695],[-46.070992,-23.78849],[-46.070996,-23.788485],[-46.071001,-23.788478],[-46.071006,-23.78847],[-46.071014,-23.788454],[-46.071017,-23.788445],[-46.071018,-23.788443],[-46.071259,-23.787679],[-46.07126,-23.787676],[-46.071262,-23.787672],[-46.071263,-23.787671],[-46.071635,-23.787093],[-46.071638,-23.787087],[-46.071642,-23.78708],[-46.072014,-23.786335],[-46.072016,-23.786332],[-46.072017,-23.786331],[-46.072019,-23.786328],[-46.07231,-23.785954],[-46.072312,-23.785951],[-46.072315,-23.785948],[-46.072317,-23.785947],[-46.072318,-23.785946],[-46.072321,-23.785945],[-46.072322,-23.785944],[-46.072324,-23.785944],[-46.072327,-23.785943],[-46.072871,-23.785943],[-46.07288,-23.785942],[-46.07289,-23.785941],[-46.0729,-23.785939],[-46.072909,-23.785937],[-46.072927,-23.785931],[-46.072936,-23.785927],[-46.072944,-23.785922],[-46.072947,-23.785921],[-46.073113,-23.785821],[-46.073605,-23.785534],[-46.073612,-23.78553],[-46.073619,-23.785525],[-46.073624,-23.785521],[-46.074073,-23.785154],[-46.074076,-23.785151],[-46.074078,-23.78515],[-46.074081,-23.785149],[-46.074082,-23.785148],[-46.074084,-23.785148],[-46.074087,-23.785147],[-46.074814,-23.785147],[-46.074823,-23.785146],[-46.074833,-23.785145],[-46.074842,-23.785143],[-46.074852,-23.785141],[-46.074861,-23.785138],[-46.074868,-23.785136],[-46.075462,-23.784898],[-46.075464,-23.784897],[-46.075466,-23.784897],[-46.075468,-23.784896],[-46.075479,-23.784896],[-46.075481,-23.784897],[-46.075484,-23.784898],[-46.075487,-23.784899],[-46.075489,-23.784901],[-46.076124,-23.785337],[-46.076126,-23.785339],[-46.076134,-23.785344],[-46.076161,-23.785356],[-46.07617,-23.785358],[-46.076179,-23.785361],[-46.076189,-23.785362],[-46.07619,-23.785363],[-46.076655,-23.785429],[-46.076663,-23.78543],[-46.076673,-23.785431],[-46.076683,-23.785431],[-46.076692,-23.78543],[-46.076702,-23.785429],[-46.076712,-23.785427],[-46.076721,-23.785425],[-46.076739,-23.785419],[-46.076748,-23.785415],[-46.076756,-23.78541],[-46.076765,-23.785405],[-46.076772,-23.7854],[-46.076775,-23.785398],[-46.07751,-23.784818],[-46.077513,-23.784815],[-46.077515,-23.784814],[-46.077521,-23.784812],[-46.077531,-23.784812],[-46.077534,-23.784813],[-46.077537,-23.784814],[-46.07754,-23.784815],[-46.077543,-23.784818],[-46.077545,-23.784819],[-46.077546,-23.78482],[-46.077547,-23.784822],[-46.077548,-23.784823],[-46.077756,-23.785114],[-46.077758,-23.785117],[-46.077759,-23.785118],[-46.077759,-23.78512],[-46.07776,-23.785121],[-46.07776,-23.785123],[-46.077761,-23.785126],[-46.077761,-23.786321],[-46.077765,-23.786339],[-46.077767,-23.786347],[-46.07777,-23.786356],[-46.077778,-23.786372],[-46.077783,-23.78638],[-46.077789,-23.786387],[-46.077794,-23.786395],[-46.077801,-23.786401],[-46.077808,-23.786408],[-46.077815,-23.786414],[-46.077817,-23.786415],[-46.07848,-23.78696],[-46.078701,-23.787007],[-46.078912,-23.787102],[-46.079055,-23.78727],[-46.079211,-23.787509],[-46.079297,-23.787794],[-46.079278,-23.788124],[-46.079362,-23.788386],[-46.079561,-23.788628],[-46.079799,-23.78881],[-46.080093,-23.788849],[-46.0803,-23.788793],[-46.080486,-23.78865],[-46.080558,-23.788508],[-46.080516,-23.788425],[-46.080123,-23.788382],[-46.07992,-23.788291],[-46.079759,-23.788122],[-46.079746,-23.787935],[-46.079833,-23.787785],[-46.079803,-23.787578],[-46.079868,-23.787042],[-46.07985,-23.786536],[-46.079799,-23.785853],[-46.07985,-23.785421],[-46.080015,-23.785239],[-46.080192,-23.785213],[-46.080447,-23.785356],[-46.080836,-23.785585],[-46.081143,-23.78596],[-46.081402,-23.786143],[-46.081567,-23.786143],[-46.08174,-23.786026],[-46.082002,-23.785816],[-46.082164,-23.785559],[-46.082174,-23.785291],[-46.082047,-23.785094],[-46.081617,-23.784958],[-46.08096,-23.784913],[-46.080504,-23.784802],[-46.080065,-23.784634],[-46.079724,-23.784556],[-46.079298,-23.78431],[-46.07915,-23.784129],[-46.078924,-23.783817],[-46.078912,-23.783534],[-46.078998,-23.783329],[-46.079224,-23.783226],[-46.079499,-23.783279],[-46.079757,-23.783345],[-46.079994,-23.783245],[-46.080168,-23.783136],[-46.080355,-23.78292],[-46.080552,-23.782713],[-46.080905,-23.782456],[-46.081191,-23.782439],[-46.081334,-23.782564],[-46.081395,-23.782824],[-46.081486,-23.783219],[-46.081733,-23.783548],[-46.082162,-23.784086],[-46.082383,-23.784233],[-46.082639,-23.784255],[-46.082973,-23.784181],[-46.083285,-23.784207],[-46.083671,-23.784411],[-46.084052,-23.784658],[-46.084529,-23.784814],[-46.084945,-23.784941],[-46.085417,-23.785007],[-46.086004,-23.785016],[-46.086337,-23.784921],[-46.086517,-23.784794],[-46.086846,-23.7847],[-46.087191,-23.784679],[-46.087469,-23.784718],[-46.087626,-23.784802],[-46.087786,-23.785077],[-46.087979,-23.785274],[-46.088298,-23.785467],[-46.088667,-23.785578],[-46.089042,-23.785606],[-46.089566,-23.785715],[-46.089895,-23.785828],[-46.090178,-23.786013],[-46.090474,-23.786263],[-46.090651,-23.786637],[-46.090815,-23.787097],[-46.09084,-23.78745],[-46.090696,-23.787696],[-46.090528,-23.787835],[-46.090273,-23.78786],[-46.089748,-23.78763],[-46.089538,-23.787593],[-46.089164,-23.787408],[-46.088463,-23.787015],[-46.088024,-23.786663],[-46.087775,-23.786429],[-46.087478,-23.786284],[-46.087166,-23.786259],[-46.086994,-23.786366],[-46.086747,-23.786625],[-46.086444,-23.78699],[-46.086058,-23.78746],[-46.085656,-23.787897],[-46.08511,-23.788279],[-46.084841,-23.78843],[-46.084609,-23.788615],[-46.084453,-23.788903],[-46.084457,-23.789145],[-46.084609,-23.789354],[-46.084917,-23.789494],[-46.085237,-23.789518],[-46.08567,-23.789359],[-46.086045,-23.789194],[-46.086251,-23.7891],[-46.086526,-23.78905],[-46.0871,-23.789034],[-46.087576,-23.789091],[-46.08809,-23.789075],[-46.088553,-23.789035],[-46.089202,-23.788972],[-46.089945,-23.788993],[-46.090431,-23.78914],[-46.090742,-23.7894],[-46.090794,-23.789875],[-46.090465,-23.790204],[-46.089974,-23.790818],[-46.089441,-23.791323],[-46.088637,-23.791678],[-46.088032,-23.791808],[-46.087634,-23.791952],[-46.087227,-23.792283],[-46.086994,-23.792888],[-46.086847,-23.793545],[-46.086743,-23.794376],[-46.086562,-23.795119],[-46.086423,-23.795664],[-46.086181,-23.795854],[-46.086,-23.79579],[-46.085637,-23.795465],[-46.08523,-23.795154],[-46.08489,-23.795121],[-46.084556,-23.794989],[-46.084331,-23.795067],[-46.084291,-23.795321],[-46.084374,-23.795902],[-46.084564,-23.796878],[-46.084574,-23.797318],[-46.084531,-23.797892],[-46.084288,-23.7992],[-46.084236,-23.800238],[-46.084274,-23.800537],[-46.084347,-23.80074],[-46.084797,-23.800785],[-46.084962,-23.800748],[-46.085218,-23.800411],[-46.085628,-23.800087],[-46.086103,-23.799632],[-46.086432,-23.799029],[-46.086537,-23.798542],[-46.086562,-23.798367],[-46.086698,-23.797996],[-46.086816,-23.797672],[-46.086891,-23.797509],[-46.08707,-23.797123],[-46.087498,-23.796496],[-46.088011,-23.795967],[-46.088628,-23.795534],[-46.089078,-23.795439],[-46.089309,-23.795503],[-46.08955,-23.795842],[-46.089795,-23.796217],[-46.09036,-23.796563],[-46.09083,-23.796568],[-46.091032,-23.796285],[-46.090989,-23.795932],[-46.090764,-23.795479],[-46.090515,-23.793889],[-46.090514,-23.793886],[-46.090514,-23.793878],[-46.090515,-23.793876],[-46.090516,-23.793873],[-46.090517,-23.793871],[-46.090524,-23.793864],[-46.090526,-23.793863],[-46.090528,-23.793861],[-46.09053,-23.793861],[-46.090536,-23.79386],[-46.090546,-23.79386],[-46.090547,-23.793861],[-46.090549,-23.793862],[-46.090552,-23.793863],[-46.090554,-23.793864],[-46.090555,-23.793865],[-46.091042,-23.794213],[-46.091047,-23.794216],[-46.091055,-23.794221],[-46.09106,-23.794224],[-46.091794,-23.794606],[-46.091795,-23.794607],[-46.091799,-23.79461],[-46.092476,-23.795061],[-46.092481,-23.795064],[-46.093216,-23.795511],[-46.093219,-23.795513],[-46.093228,-23.795518],[-46.09323,-23.795519],[-46.093837,-23.795806],[-46.093838,-23.795807],[-46.094681,-23.796228],[-46.094682,-23.796229],[-46.095427,-23.796618],[-46.095429,-23.796619],[-46.096012,-23.796942],[-46.096013,-23.796943],[-46.096655,-23.797296],[-46.096661,-23.7973],[-46.096665,-23.797301],[-46.097501,-23.797687],[-46.097503,-23.797688],[-46.098645,-23.798196],[-46.098666,-23.798203],[-46.098676,-23.798206],[-46.098685,-23.798207],[-46.09869,-23.798208],[-46.099121,-23.798262],[-46.099126,-23.798262],[-46.099136,-23.798263],[-46.099151,-23.798263],[-46.099156,-23.798262],[-46.099165,-23.798261],[-46.099175,-23.79826],[-46.099202,-23.798251],[-46.099211,-23.798247],[-46.099218,-23.798244],[-46.099642,-23.79801],[-46.099837,-23.798531],[-46.09996,-23.798749],[-46.100072,-23.798818],[-46.100253,-23.798861],[-46.100234,-23.798921],[-46.100085,-23.799025],[-46.099832,-23.799136],[-46.099401,-23.799156],[-46.098944,-23.799125],[-46.098474,-23.799013],[-46.098391,-23.798965],[-46.098375,-23.798672],[-46.096525,-23.79851],[-46.09601,-23.798431],[-46.095483,-23.798396],[-46.094849,-23.798319],[-46.093146,-23.798166],[-46.092859,-23.799726],[-46.092253,-23.799624],[-46.09224,-23.799576],[-46.092252,-23.798701],[-46.092089,-23.798607],[-46.09156,-23.799451],[-46.091026,-23.800321],[-46.090473,-23.801214],[-46.089958,-23.802051],[-46.089433,-23.802922],[-46.089331,-23.803957],[-46.089134,-23.805694],[-46.08913,-23.805724],[-46.089126,-23.805756],[-46.089113,-23.805948],[-46.089111,-23.805972],[-46.08947,-23.806159],[-46.090335,-23.806603],[-46.091223,-23.807195],[-46.091906,-23.807078],[-46.092029,-23.806032],[-46.092229,-23.804605],[-46.092299,-23.804558],[-46.095365,-23.806731],[-46.095588,-23.807706],[-46.095323,-23.809421],[-46.09521,-23.809501],[-46.095498,-23.809695],[-46.095753,-23.809937],[-46.096186,-23.810142],[-46.099668,-23.811251],[-46.09967,-23.811252],[-46.105622,-23.813036],[-46.105939,-23.813136],[-46.107495,-23.813627],[-46.110137,-23.81442],[-46.110494,-23.814528],[-46.112002,-23.814981],[-46.114046,-23.815639],[-46.114146,-23.815664],[-46.115315,-23.815999],[-46.115339,-23.816006],[-46.115362,-23.816013],[-46.115633,-23.816091],[-46.11567,-23.815896],[-46.115674,-23.815872],[-46.115763,-23.815312],[-46.1158,-23.815127],[-46.115776,-23.815124],[-46.11465,-23.814988],[-46.115059,-23.813653],[-46.115969,-23.813775],[-46.115993,-23.813778],[-46.116082,-23.813128],[-46.116284,-23.811407],[-46.116286,-23.811384],[-46.11638,-23.810936],[-46.118562,-23.812149],[-46.118563,-23.812152],[-46.118526,-23.812307],[-46.118515,-23.812481],[-46.118528,-23.812686],[-46.118568,-23.812905],[-46.118637,-23.8131],[-46.118705,-23.813259],[-46.118811,-23.813445],[-46.118913,-23.813829],[-46.118952,-23.814013],[-46.118998,-23.81416],[-46.11908,-23.814301],[-46.119183,-23.81443],[-46.119302,-23.814501],[-46.119625,-23.814708],[-46.119696,-23.814859],[-46.119898,-23.815026],[-46.12015,-23.815192],[-46.120539,-23.815334],[-46.120821,-23.815414],[-46.121119,-23.815414],[-46.121468,-23.815334],[-46.121867,-23.815167],[-46.122119,-23.81499],[-46.122281,-23.814839],[-46.122412,-23.814627],[-46.122457,-23.814349],[-46.122538,-23.814127],[-46.122629,-23.81395],[-46.122796,-23.813809],[-46.123003,-23.813662],[-46.123225,-23.813567],[-46.123477,-23.813526],[-46.123962,-23.813486],[-46.124356,-23.813491],[-46.125222,-23.813551],[-46.12557,-23.813612],[-46.126004,-23.813668],[-46.126696,-23.81366],[-46.127872,-23.813586],[-46.128084,-23.813562],[-46.128405,-23.813514],[-46.129119,-23.813353],[-46.129752,-23.813187],[-46.130259,-23.81299],[-46.130539,-23.812865],[-46.130861,-23.812573],[-46.131066,-23.812126],[-46.131145,-23.811786],[-46.131145,-23.811407],[-46.131092,-23.811009],[-46.130971,-23.810642],[-46.130774,-23.810278],[-46.130615,-23.809964],[-46.130577,-23.809741],[-46.130592,-23.809529],[-46.13063,-23.809366],[-46.130714,-23.809241],[-46.130812,-23.809173],[-46.130952,-23.809135],[-46.131202,-23.809195],[-46.131399,-23.809343],[-46.131554,-23.809548],[-46.131728,-23.809866],[-46.131857,-23.810328],[-46.131918,-23.81085],[-46.131963,-23.811767],[-46.132122,-23.812532],[-46.132183,-23.812766],[-46.132329,-23.813228],[-46.131804,-23.816658],[-46.131801,-23.816679],[-46.130957,-23.821847],[-46.131441,-23.822292],[-46.132402,-23.823183],[-46.133201,-23.823944],[-46.134868,-23.825494],[-46.136007,-23.826577],[-46.136809,-23.827331],[-46.137157,-23.827653],[-46.141514,-23.823615],[-46.141647,-23.823495],[-46.142425,-23.824351],[-46.142301,-23.824456],[-46.141404,-23.825222],[-46.143195,-23.826998],[-46.143204,-23.82699],[-46.148673,-23.821833],[-46.152662,-23.817988],[-46.152754,-23.818292],[-46.152826,-23.818461],[-46.152949,-23.818604],[-46.153233,-23.81887],[-46.153473,-23.819462],[-46.153648,-23.819989],[-46.153727,-23.820482],[-46.153821,-23.823664],[-46.153813,-23.82367],[-46.153822,-23.823681],[-46.153985,-23.824549],[-46.154351,-23.825736],[-46.15464,-23.826523],[-46.154802,-23.827072],[-46.154842,-23.827927]]]}},{"type":"Feature","properties":{"ibge_id":3506359,"municipality_name":"Bertioga"},"geometry":{"type":"Polygon","coordinates":[[[-45.959213,-23.765249],[-45.958207,-23.774053],[-45.956644,-23.773962],[-45.956556,-23.773957],[-45.956538,-23.775031],[-45.956441,-23.777451],[-45.956438,-23.77794],[-45.954296,-23.777422],[-45.949834,-23.776011],[-45.948397,-23.775484],[-45.946102,-23.77495],[-45.94371,-23.774288],[-45.94134,-23.773617],[-45.937096,-23.772464],[-45.935155,-23.772073],[-45.933327,-23.771625],[-45.929718,-23.770615],[-45.925921,-23.769673],[-45.92566,-23.769609],[-45.921608,-23.768525],[-45.91831,-23.767816],[-45.917803,-23.767802],[-45.914004,-23.76689],[-45.911759,-23.766303],[-45.909517,-23.765716],[-45.904914,-23.765024],[-45.903853,-23.764742],[-45.900296,-23.763796],[-45.897852,-23.762871],[-45.896963,-23.762269],[-45.897964,-23.760671],[-45.89827,-23.759791],[-45.899269,-23.758619],[-45.89931,-23.755233],[-45.899828,-23.752502],[-45.900083,-23.751263],[-45.902826,-23.751867],[-45.913674,-23.755319],[-45.923499,-23.758384],[-45.929794,-23.760389],[-45.932296,-23.761249],[-45.932721,-23.761366],[-45.933262,-23.761485],[-45.93976,-23.763778],[-45.944349,-23.765298],[-45.946935,-23.765977],[-45.946929,-23.762289],[-45.952345,-23.76297],[-45.957688,-23.763671],[-45.957719,-23.765261],[-45.959213,-23.765249]]]}},{"type":"Feature","properties":{"ibge_id":3506359,"municipality_name":"Bertioga"},"geometry":{"type":"Polygon","coordinates":[[[-45.874032,-23.71001],[-45.873321,-23.715398],[-45.873208,-23.716236],[-45.872613,-23.720623],[-45.872007,-23.725088],[-45.871308,-23.730245],[-45.871114,-23.731231],[-45.870893,-23.732113],[-45.870711,-23.732709],[-45.87053,-23.733306],[-45.870426,-23.733929],[-45.870348,-23.73437],[-45.87027,-23.734707],[-45.870115,-23.735693],[-45.869992,-23.736555],[-45.869804,-23.73756],[-45.869707,-23.73812],[-45.869633,-23.738456],[-45.869564,-23.738812],[-45.86944,-23.739324],[-45.869369,-23.739668],[-45.869085,-23.740836],[-45.869032,-23.741056],[-45.868416,-23.743306],[-45.868066,-23.744434],[-45.867877,-23.745323],[-45.86767,-23.746122],[-45.866577,-23.751474],[-45.865275,-23.757845],[-45.86527,-23.757868],[-45.86527,-23.757869],[-45.864442,-23.757778],[-45.864204,-23.757765],[-45.86353,-23.757689],[-45.862688,-23.757586],[-45.862687,-23.75761],[-45.862671,-23.757921],[-45.862741,-23.758348],[-45.861822,-23.758273],[-45.860865,-23.758142],[-45.857066,-23.757759],[-45.855517,-23.757564],[-45.854184,-23.757469],[-45.850378,-23.75707],[-45.848605,-23.756854],[-45.845824,-23.756514],[-45.842699,-23.755921],[-45.840442,-23.755916],[-45.840007,-23.755916],[-45.839038,-23.754995],[-45.835146,-23.751299],[-45.83367,-23.749884],[-45.833643,-23.749858],[-45.827127,-23.743658],[-45.823737,-23.740425],[-45.849375,-23.733253],[-45.850768,-23.732864],[-45.850772,-23.732863],[-45.85176,-23.732565],[-45.851791,-23.732561],[-45.852758,-23.732561],[-45.852767,-23.73256],[-45.852777,-23.732559],[-45.852786,-23.732557],[-45.852796,-23.732555],[-45.852814,-23.732549],[-45.852819,-23.732546],[-45.853367,-23.732295],[-45.853371,-23.732294],[-45.853395,-23.732279],[-45.853402,-23.732273],[-45.853405,-23.732271],[-45.853638,-23.73206],[-45.85364,-23.732059],[-45.854131,-23.731638],[-45.854138,-23.731632],[-45.854145,-23.731625],[-45.85415,-23.731618],[-45.854156,-23.73161],[-45.854161,-23.731603],[-45.854165,-23.731594],[-45.854169,-23.731586],[-45.854172,-23.731578],[-45.854175,-23.731569],[-45.854176,-23.731564],[-45.85419,-23.731498],[-45.854191,-23.731494],[-45.854193,-23.731476],[-45.854193,-23.731467],[-45.854192,-23.731458],[-45.854191,-23.73145],[-45.854189,-23.731441],[-45.854186,-23.731432],[-45.854183,-23.731424],[-45.85418,-23.731415],[-45.85417,-23.731399],[-45.854165,-23.731392],[-45.854153,-23.731378],[-45.854146,-23.731372],[-45.854138,-23.731366],[-45.854131,-23.73136],[-45.854123,-23.731355],[-45.854114,-23.731351],[-45.854106,-23.731347],[-45.854097,-23.731343],[-45.854087,-23.731341],[-45.854078,-23.731338],[-45.854068,-23.731336],[-45.854059,-23.731335],[-45.854031,-23.731335],[-45.854007,-23.731337],[-45.854002,-23.731336],[-45.853999,-23.731334],[-45.853995,-23.731332],[-45.853992,-23.731329],[-45.85399,-23.731325],[-45.853989,-23.731322],[-45.853987,-23.731314],[-45.853988,-23.73131],[-45.853989,-23.731307],[-45.853992,-23.731302],[-45.853996,-23.731297],[-45.854215,-23.731053],[-45.854221,-23.731046],[-45.854224,-23.731042],[-45.854418,-23.730775],[-45.85443,-23.730761],[-45.854707,-23.730506],[-45.854717,-23.730496],[-45.854723,-23.730489],[-45.854728,-23.730482],[-45.854733,-23.730474],[-45.854741,-23.730458],[-45.854747,-23.73044],[-45.854749,-23.730432],[-45.854751,-23.730414],[-45.854798,-23.729296],[-45.854804,-23.729273],[-45.854805,-23.72927],[-45.854808,-23.729268],[-45.854812,-23.729266],[-45.854821,-23.729262],[-45.855139,-23.729164],[-45.85515,-23.729162],[-45.855161,-23.729162],[-45.855164,-23.729163],[-45.855708,-23.729322],[-45.855711,-23.729323],[-45.85572,-23.729325],[-45.85573,-23.729327],[-45.855739,-23.729328],[-45.855768,-23.729328],[-45.855778,-23.729327],[-45.855788,-23.729325],[-45.855797,-23.729323],[-45.855806,-23.72932],[-45.855811,-23.729318],[-45.856277,-23.729141],[-45.856294,-23.729136],[-45.856296,-23.729136],[-45.856304,-23.729138],[-45.856308,-23.72914],[-45.856311,-23.729142],[-45.856314,-23.729145],[-45.856317,-23.729149],[-45.85632,-23.729155],[-45.856594,-23.72984],[-45.856597,-23.729848],[-45.856601,-23.729855],[-45.856607,-23.729864],[-45.856612,-23.729871],[-45.856618,-23.729877],[-45.856623,-23.729885],[-45.856631,-23.729891],[-45.856639,-23.729897],[-45.856645,-23.729902],[-45.856654,-23.729908],[-45.856663,-23.729912],[-45.856671,-23.729916],[-45.85668,-23.72992],[-45.856687,-23.729922],[-45.856761,-23.729944],[-45.856766,-23.729946],[-45.856773,-23.729947],[-45.856783,-23.729949],[-45.856792,-23.72995],[-45.856802,-23.729951],[-45.856812,-23.729951],[-45.856832,-23.729949],[-45.85684,-23.729947],[-45.856849,-23.729945],[-45.856859,-23.729942],[-45.856869,-23.729939],[-45.856877,-23.729935],[-45.856886,-23.72993],[-45.856902,-23.72992],[-45.856909,-23.729914],[-45.856911,-23.729913],[-45.85728,-23.729584],[-45.857285,-23.72958],[-45.857292,-23.729573],[-45.857297,-23.729566],[-45.857299,-23.729564],[-45.857435,-23.729382],[-45.857451,-23.729367],[-45.857454,-23.729366],[-45.857464,-23.729364],[-45.857616,-23.729347],[-45.857622,-23.729346],[-45.857632,-23.729344],[-45.857641,-23.729342],[-45.857659,-23.729336],[-45.857668,-23.729332],[-45.857677,-23.729327],[-45.857685,-23.729322],[-45.857693,-23.729317],[-45.8577,-23.729311],[-45.857707,-23.729305],[-45.857712,-23.729299],[-45.857715,-23.729296],[-45.857786,-23.729213],[-45.85779,-23.729208],[-45.857795,-23.729201],[-45.8578,-23.729193],[-45.857804,-23.729185],[-45.857808,-23.729177],[-45.857811,-23.729168],[-45.857814,-23.72916],[-45.857816,-23.729151],[-45.857817,-23.729142],[-45.857818,-23.729134],[-45.857818,-23.729128],[-45.857818,-23.72876],[-45.857819,-23.728747],[-45.85782,-23.728744],[-45.857822,-23.728741],[-45.857824,-23.728738],[-45.857829,-23.728733],[-45.857833,-23.728731],[-45.858002,-23.728634],[-45.858013,-23.72863],[-45.858027,-23.728628],[-45.858517,-23.728627],[-45.858542,-23.728631],[-45.858794,-23.728706],[-45.858861,-23.728726],[-45.859844,-23.729042],[-45.859852,-23.729044],[-45.859862,-23.729046],[-45.859871,-23.729048],[-45.859891,-23.72905],[-45.859901,-23.72905],[-45.85991,-23.729049],[-45.85992,-23.729048],[-45.859929,-23.729046],[-45.859939,-23.729044],[-45.859947,-23.729042],[-45.860497,-23.728858],[-45.860499,-23.728858],[-45.860974,-23.728708],[-45.860986,-23.728705],[-45.860993,-23.728705],[-45.860997,-23.728706],[-45.861005,-23.72871],[-45.861425,-23.728982],[-45.861441,-23.728996],[-45.861443,-23.728999],[-45.861444,-23.729003],[-45.861444,-23.729007],[-45.861443,-23.729011],[-45.861442,-23.729016],[-45.861439,-23.729021],[-45.861239,-23.729346],[-45.861238,-23.729348],[-45.860972,-23.729808],[-45.860964,-23.729824],[-45.860961,-23.729832],[-45.860958,-23.729841],[-45.860957,-23.729846],[-45.860924,-23.73],[-45.860923,-23.730004],[-45.860921,-23.730022],[-45.860921,-23.730031],[-45.860923,-23.730049],[-45.860925,-23.730058],[-45.860927,-23.730066],[-45.860931,-23.730075],[-45.860934,-23.730083],[-45.860939,-23.730091],[-45.860943,-23.730099],[-45.860949,-23.730107],[-45.860955,-23.730114],[-45.860968,-23.730127],[-45.860975,-23.730133],[-45.860991,-23.730143],[-45.861,-23.730148],[-45.861008,-23.730152],[-45.861026,-23.730158],[-45.861036,-23.73016],[-45.861045,-23.730162],[-45.861055,-23.730163],[-45.861059,-23.730164],[-45.861232,-23.730175],[-45.861255,-23.73018],[-45.861258,-23.730182],[-45.861264,-23.730188],[-45.86154,-23.730539],[-45.861542,-23.730542],[-45.861753,-23.730795],[-45.861756,-23.730798],[-45.861762,-23.730805],[-45.861769,-23.730811],[-45.861777,-23.730817],[-45.861784,-23.730823],[-45.861792,-23.730828],[-45.86181,-23.730836],[-45.861837,-23.730845],[-45.861846,-23.730846],[-45.862253,-23.730911],[-45.862267,-23.730914],[-45.86227,-23.730915],[-45.862273,-23.730918],[-45.862278,-23.730922],[-45.86228,-23.730926],[-45.862505,-23.731263],[-45.862511,-23.731271],[-45.862516,-23.731278],[-45.862523,-23.731284],[-45.86253,-23.731291],[-45.862537,-23.731297],[-45.862561,-23.731312],[-45.862568,-23.731315],[-45.862955,-23.731438],[-45.863598,-23.724403],[-45.864004,-23.719954],[-45.86441,-23.715511],[-45.864688,-23.709199],[-45.866589,-23.709369],[-45.868428,-23.709533],[-45.87108,-23.709759],[-45.874032,-23.71001]]]}},{"type":"Feature","properties":{"ibge_id":3513504,"municipality_name":"Cubatão"},"geometry":{"type":"Polygon","coordinates":[[[-46.496237,-23.899368],[-46.496213,-23.899565],[-46.493862,-23.900317],[-46.492615,-23.900119],[-46.492348,-23.900344],[-46.492463,-23.900725],[-46.492579,-23.901105],[-46.493022,-23.901752],[-46.493131,-23.902125],[-46.493277,-23.905616],[-46.492836,-23.906436],[-46.492575,-23.90666],[-46.492398,-23.906811],[-46.489945,-23.908908],[-46.486805,-23.911112],[-46.486214,-23.911676],[-46.48469,-23.913131],[-46.48278,-23.914953],[-46.481352,-23.916132],[-46.481041,-23.916389],[-46.480917,-23.916467],[-46.480516,-23.916722],[-46.479506,-23.917363],[-46.477466,-23.918153],[-46.47624,-23.918386],[-46.475551,-23.918517],[-46.473336,-23.918615],[-46.471711,-23.918535],[-46.471331,-23.918368],[-46.469992,-23.917671],[-46.469855,-23.9176],[-46.46975,-23.917545],[-46.469694,-23.917516],[-46.469487,-23.917292],[-46.469249,-23.917032],[-46.469154,-23.916986],[-46.469059,-23.916939],[-46.468868,-23.916846],[-46.468773,-23.916799],[-46.467769,-23.916506],[-46.466944,-23.91624],[-46.466503,-23.916118],[-46.466198,-23.916033],[-46.466092,-23.916003],[-46.465555,-23.915903],[-46.465019,-23.915802],[-46.464727,-23.915748],[-46.46377,-23.915568],[-46.463202,-23.915283],[-46.463074,-23.91513],[-46.462913,-23.914937],[-46.462624,-23.914591],[-46.462349,-23.914261],[-46.461961,-23.913796],[-46.460681,-23.912261],[-46.460482,-23.912029],[-46.460283,-23.911796],[-46.460223,-23.911744],[-46.459845,-23.911415],[-46.459646,-23.911309],[-46.459594,-23.911279],[-46.459433,-23.911186],[-46.459148,-23.911022],[-46.458902,-23.910881],[-46.458849,-23.910726],[-46.457856,-23.909807],[-46.457121,-23.909345],[-46.457023,-23.909086],[-46.457112,-23.908598],[-46.457006,-23.908489],[-46.456224,-23.90844],[-46.456086,-23.908355],[-46.45597,-23.908166],[-46.455956,-23.907866],[-46.456084,-23.907279],[-46.45601,-23.907137],[-46.4558,-23.907032],[-46.455383,-23.907036],[-46.454903,-23.907175],[-46.454417,-23.907449],[-46.453733,-23.9081],[-46.453297,-23.908343],[-46.452806,-23.908395],[-46.452117,-23.908239],[-46.451423,-23.907966],[-46.450645,-23.907857],[-46.449259,-23.908195],[-46.447495,-23.909196],[-46.447165,-23.909687],[-46.447401,-23.911147],[-46.446936,-23.912482],[-46.447122,-23.91318],[-46.447499,-23.913388],[-46.448165,-23.913045],[-46.448761,-23.912223],[-46.449062,-23.91195],[-46.449479,-23.911755],[-46.449896,-23.911731],[-46.450291,-23.911872],[-46.450621,-23.912224],[-46.450381,-23.91234],[-46.45045,-23.912536],[-46.450547,-23.912713],[-46.450582,-23.913057],[-46.450505,-23.913144],[-46.450546,-23.913303],[-46.450304,-23.914109],[-46.449783,-23.914822],[-46.44934,-23.915272],[-46.448906,-23.915232],[-46.448448,-23.915146],[-46.447845,-23.914981],[-46.447287,-23.914855],[-46.446787,-23.91478],[-46.446498,-23.914732],[-46.44639,-23.914752],[-46.446083,-23.914777],[-46.445574,-23.914816],[-46.445032,-23.914885],[-46.444309,-23.91515],[-46.443761,-23.915446],[-46.443283,-23.915741],[-46.443145,-23.915994],[-46.442915,-23.916156],[-46.442654,-23.916672],[-46.442663,-23.916883],[-46.442285,-23.917475],[-46.442693,-23.917255],[-46.442883,-23.916995],[-46.443011,-23.917039],[-46.443123,-23.917293],[-46.442936,-23.917584],[-46.442529,-23.917874],[-46.442028,-23.918261],[-46.441077,-23.9186],[-46.440467,-23.918682],[-46.440148,-23.918618],[-46.439948,-23.918477],[-46.440547,-23.917858],[-46.440767,-23.917613],[-46.44108,-23.917399],[-46.441328,-23.917184],[-46.441266,-23.917032],[-46.441167,-23.916893],[-46.44101,-23.916775],[-46.440814,-23.916721],[-46.440676,-23.916727],[-46.440698,-23.916832],[-46.440552,-23.91689],[-46.440373,-23.916908],[-46.440082,-23.917013],[-46.439934,-23.917362],[-46.440096,-23.917417],[-46.439957,-23.917573],[-46.439468,-23.918348],[-46.438977,-23.918584],[-46.438616,-23.918678],[-46.43856,-23.918692],[-46.438527,-23.918678],[-46.438393,-23.918618],[-46.438289,-23.91857],[-46.438256,-23.918555],[-46.438227,-23.918535],[-46.438111,-23.918455],[-46.437621,-23.918312],[-46.437372,-23.918251],[-46.437041,-23.91811],[-46.436992,-23.918084],[-46.436537,-23.917849],[-46.435287,-23.916922],[-46.433839,-23.915739],[-46.433121,-23.915222],[-46.43205,-23.914802],[-46.431032,-23.914702],[-46.430825,-23.914586],[-46.430747,-23.914381],[-46.430743,-23.914142],[-46.431072,-23.913569],[-46.431579,-23.912885],[-46.432325,-23.911528],[-46.433051,-23.910285],[-46.4335,-23.909019],[-46.433888,-23.908455],[-46.434064,-23.908354],[-46.434351,-23.90833],[-46.436631,-23.909367],[-46.438505,-23.910032],[-46.439996,-23.910596],[-46.440995,-23.910452],[-46.441587,-23.910189],[-46.441898,-23.909922],[-46.442118,-23.909358],[-46.44196,-23.90856],[-46.441554,-23.907805],[-46.440588,-23.907059],[-46.439618,-23.906471],[-46.439518,-23.906065],[-46.440674,-23.905118],[-46.440856,-23.904884],[-46.441057,-23.904774],[-46.441172,-23.90475],[-46.441421,-23.904584],[-46.441502,-23.904435],[-46.441522,-23.904295],[-46.441471,-23.904206],[-46.44158,-23.904034],[-46.441691,-23.903923],[-46.441812,-23.903786],[-46.441902,-23.90368],[-46.441992,-23.903577],[-46.441982,-23.903484],[-46.441977,-23.903435],[-46.441975,-23.903411],[-46.441957,-23.90335],[-46.441962,-23.903308],[-46.442003,-23.903219],[-46.442034,-23.903187],[-46.442045,-23.903132],[-46.442052,-23.903104],[-46.44198,-23.903004],[-46.441994,-23.902726],[-46.44199,-23.902405],[-46.441789,-23.902085],[-46.441431,-23.901761],[-46.441113,-23.90165],[-46.440876,-23.901592],[-46.440733,-23.901563],[-46.440444,-23.90149],[-46.440092,-23.901471],[-46.439666,-23.90144],[-46.439354,-23.901499],[-46.43902,-23.901505],[-46.43873,-23.901556],[-46.438555,-23.901693],[-46.438527,-23.901979],[-46.438455,-23.90219],[-46.43839,-23.902559],[-46.438236,-23.902795],[-46.438105,-23.903016],[-46.437869,-23.90323],[-46.438011,-23.9032],[-46.438169,-23.903118],[-46.438246,-23.903199],[-46.438309,-23.902953],[-46.438352,-23.902812],[-46.438515,-23.902742],[-46.438779,-23.902337],[-46.43888,-23.902071],[-46.4391,-23.901851],[-46.439489,-23.901724],[-46.440003,-23.901698],[-46.440491,-23.90172],[-46.441192,-23.902086],[-46.440984,-23.902058],[-46.440503,-23.901897],[-46.440229,-23.901956],[-46.44033,-23.902046],[-46.44066,-23.902073],[-46.441262,-23.902269],[-46.441474,-23.902491],[-46.44151,-23.902777],[-46.441387,-23.902875],[-46.441316,-23.903343],[-46.441195,-23.903453],[-46.441134,-23.903734],[-46.440931,-23.904047],[-46.4408,-23.904364],[-46.440264,-23.904704],[-46.439915,-23.904845],[-46.439544,-23.905112],[-46.439255,-23.905439],[-46.439088,-23.905756],[-46.439,-23.906272],[-46.439116,-23.90664],[-46.439311,-23.906876],[-46.440349,-23.907578],[-46.440791,-23.907896],[-46.441324,-23.908601],[-46.441598,-23.909042],[-46.441682,-23.909404],[-46.441482,-23.909818],[-46.441015,-23.910036],[-46.440984,-23.909838],[-46.441081,-23.909543],[-46.440976,-23.909227],[-46.440878,-23.909433],[-46.440775,-23.909797],[-46.440766,-23.910016],[-46.440498,-23.910101],[-46.439924,-23.909901],[-46.439127,-23.909683],[-46.438931,-23.9095],[-46.43849,-23.909286],[-46.437916,-23.90922],[-46.437246,-23.908978],[-46.436153,-23.908391],[-46.435694,-23.908179],[-46.434427,-23.907641],[-46.433792,-23.907978],[-46.433115,-23.908488],[-46.432609,-23.909814],[-46.431937,-23.91098],[-46.431286,-23.911984],[-46.43026,-23.913551],[-46.43019,-23.914229],[-46.429131,-23.914514],[-46.428737,-23.914309],[-46.42826,-23.914225],[-46.428045,-23.913882],[-46.427635,-23.913854],[-46.427357,-23.913924],[-46.426614,-23.914385],[-46.426236,-23.914506],[-46.42586,-23.914429],[-46.425456,-23.914639],[-46.424787,-23.914932],[-46.424822,-23.91529],[-46.424751,-23.915423],[-46.424404,-23.915107],[-46.424444,-23.914476],[-46.424101,-23.914029],[-46.423735,-23.91383],[-46.423209,-23.913388],[-46.423219,-23.912927],[-46.423345,-23.912687],[-46.423807,-23.912417],[-46.424007,-23.912142],[-46.424031,-23.911891],[-46.423938,-23.911704],[-46.423995,-23.911411],[-46.424097,-23.911242],[-46.424243,-23.911146],[-46.424599,-23.911141],[-46.424747,-23.910953],[-46.424772,-23.91073],[-46.424734,-23.910539],[-46.424578,-23.910685],[-46.42457,-23.910826],[-46.424577,-23.910974],[-46.424487,-23.91102],[-46.424333,-23.910974],[-46.424314,-23.910887],[-46.424196,-23.910914],[-46.423999,-23.911199],[-46.4238,-23.911452],[-46.423656,-23.911713],[-46.423644,-23.912205],[-46.423529,-23.912249],[-46.423503,-23.912174],[-46.423305,-23.91235],[-46.422986,-23.912864],[-46.422904,-23.913196],[-46.423006,-23.913566],[-46.423007,-23.913737],[-46.422977,-23.91387],[-46.422925,-23.914],[-46.422638,-23.914296],[-46.422321,-23.914726],[-46.421721,-23.915234],[-46.421528,-23.915479],[-46.421583,-23.91555],[-46.421805,-23.915215],[-46.422004,-23.915128],[-46.422189,-23.915091],[-46.422532,-23.914807],[-46.422731,-23.91461],[-46.422866,-23.914477],[-46.423273,-23.914075],[-46.423903,-23.914246],[-46.424028,-23.914691],[-46.423766,-23.915125],[-46.423885,-23.91547],[-46.423777,-23.916687],[-46.423721,-23.917247],[-46.424044,-23.917417],[-46.424127,-23.917752],[-46.424293,-23.917886],[-46.424376,-23.917951],[-46.424819,-23.918264],[-46.425134,-23.918027],[-46.425821,-23.917762],[-46.426035,-23.917683],[-46.426461,-23.917595],[-46.426505,-23.917582],[-46.427168,-23.917382],[-46.427386,-23.917403],[-46.428399,-23.917161],[-46.428807,-23.917301],[-46.429342,-23.91749],[-46.429833,-23.917711],[-46.430154,-23.918136],[-46.430574,-23.918261],[-46.431179,-23.918618],[-46.431553,-23.91839],[-46.43185,-23.918167],[-46.432171,-23.918002],[-46.432719,-23.917261],[-46.433137,-23.916956],[-46.43345,-23.916806],[-46.434146,-23.916963],[-46.435854,-23.918465],[-46.43618,-23.918627],[-46.436519,-23.918786],[-46.436778,-23.919077],[-46.437095,-23.919033],[-46.437307,-23.919135],[-46.437412,-23.91919],[-46.437501,-23.919218],[-46.437519,-23.919196],[-46.437669,-23.919101],[-46.437817,-23.919076],[-46.437849,-23.919091],[-46.437881,-23.919107],[-46.438058,-23.919193],[-46.438093,-23.919228],[-46.438143,-23.919278],[-46.438177,-23.919313],[-46.438401,-23.919304],[-46.438483,-23.919366],[-46.438547,-23.919444],[-46.438807,-23.919454],[-46.438897,-23.919493],[-46.439316,-23.919539],[-46.439884,-23.919563],[-46.440578,-23.919476],[-46.441125,-23.919355],[-46.44228,-23.919057],[-46.444367,-23.918441],[-46.445608,-23.918451],[-46.445691,-23.918172],[-46.445949,-23.918059],[-46.446967,-23.917885],[-46.447842,-23.91792],[-46.448631,-23.918181],[-46.44909,-23.918489],[-46.449775,-23.919907],[-46.450085,-23.921106],[-46.450605,-23.923305],[-46.451412,-23.925188],[-46.452072,-23.927485],[-46.452512,-23.929166],[-46.45283,-23.930042],[-46.453227,-23.931657],[-46.453371,-23.932316],[-46.452658,-23.934107],[-46.452101,-23.934657],[-46.450864,-23.937141],[-46.448585,-23.940139],[-46.448137,-23.941124],[-46.446804,-23.941367],[-46.445218,-23.941461],[-46.445421,-23.94133],[-46.445157,-23.941064],[-46.445072,-23.940697],[-46.445055,-23.940302],[-46.444897,-23.939963],[-46.444649,-23.939545],[-46.444474,-23.939245],[-46.443959,-23.938652],[-46.443943,-23.938341],[-46.443801,-23.93811],[-46.443779,-23.937748],[-46.443705,-23.937618],[-46.443705,-23.937517],[-46.443349,-23.93733],[-46.44283,-23.937054],[-46.442705,-23.936991],[-46.442095,-23.936839],[-46.441225,-23.936579],[-46.440836,-23.936511],[-46.440661,-23.93641],[-46.440553,-23.936432],[-46.440067,-23.936359],[-46.439576,-23.936325],[-46.438949,-23.936314],[-46.438859,-23.936234],[-46.438226,-23.936059],[-46.437469,-23.935997],[-46.437356,-23.936065],[-46.437192,-23.936116],[-46.436639,-23.936223],[-46.435972,-23.936229],[-46.435503,-23.93633],[-46.43491,-23.936325],[-46.434757,-23.936353],[-46.434666,-23.936375],[-46.434547,-23.936402],[-46.434535,-23.936448],[-46.434546,-23.936513],[-46.433958,-23.936607],[-46.433117,-23.936822],[-46.433088,-23.936924],[-46.432569,-23.936946],[-46.431648,-23.936957],[-46.430925,-23.936942],[-46.430372,-23.936882],[-46.429591,-23.936631],[-46.429474,-23.936684],[-46.429248,-23.936605],[-46.428926,-23.936487],[-46.428858,-23.936532],[-46.428762,-23.936515],[-46.428785,-23.93639],[-46.428197,-23.936238],[-46.428124,-23.936136],[-46.42757,-23.935876],[-46.427135,-23.93565],[-46.426949,-23.935634],[-46.426841,-23.935447],[-46.426503,-23.935317],[-46.426491,-23.935238],[-46.42613,-23.934973],[-46.425977,-23.934967],[-46.42564,-23.934856],[-46.425569,-23.934832],[-46.425395,-23.934775],[-46.42536,-23.934763],[-46.425328,-23.934747],[-46.425247,-23.934705],[-46.424983,-23.934367],[-46.42528,-23.934115],[-46.425569,-23.933747],[-46.426104,-23.933056],[-46.427051,-23.931829],[-46.426949,-23.931718],[-46.426817,-23.931675],[-46.426696,-23.931731],[-46.426093,-23.932395],[-46.425667,-23.932972],[-46.42497,-23.933579],[-46.42477,-23.933551],[-46.424252,-23.934298],[-46.423911,-23.934154],[-46.423335,-23.933866],[-46.423007,-23.93367],[-46.422614,-23.933565],[-46.422194,-23.93338],[-46.422987,-23.932932],[-46.423332,-23.932888],[-46.423581,-23.932717],[-46.423298,-23.932772],[-46.422805,-23.932795],[-46.422194,-23.933153],[-46.422072,-23.933087],[-46.421933,-23.933172],[-46.421147,-23.933093],[-46.42061,-23.933054],[-46.419588,-23.933093],[-46.419038,-23.933067],[-46.418396,-23.933119],[-46.418068,-23.933093],[-46.417793,-23.932936],[-46.417636,-23.932713],[-46.417452,-23.932517],[-46.417151,-23.932451],[-46.416745,-23.932464],[-46.416339,-23.93236],[-46.415802,-23.932281],[-46.415605,-23.932268],[-46.415212,-23.93236],[-46.414778,-23.932545],[-46.414476,-23.932228],[-46.414393,-23.932314],[-46.413359,-23.932327],[-46.412861,-23.932415],[-46.412877,-23.932523],[-46.412733,-23.93255],[-46.412713,-23.932435],[-46.412091,-23.932687],[-46.411914,-23.932455],[-46.410699,-23.932363],[-46.410404,-23.932445],[-46.410401,-23.93251],[-46.410339,-23.93252],[-46.41025,-23.932405],[-46.410195,-23.932399],[-46.410159,-23.932455],[-46.410205,-23.93253],[-46.410228,-23.932576],[-46.410226,-23.932578],[-46.410221,-23.932586],[-46.410208,-23.932608],[-46.410193,-23.932589],[-46.409941,-23.932746],[-46.409247,-23.932333],[-46.407236,-23.932301],[-46.407065,-23.932307],[-46.407026,-23.932412],[-46.406902,-23.932556],[-46.406784,-23.932615],[-46.406568,-23.932589],[-46.40643,-23.932576],[-46.406338,-23.932471],[-46.406279,-23.932261],[-46.405854,-23.932327],[-46.405546,-23.932215],[-46.405389,-23.932248],[-46.405264,-23.932333],[-46.405068,-23.932301],[-46.404171,-23.932224],[-46.40416,-23.932184],[-46.403951,-23.932184],[-46.403748,-23.932283],[-46.403453,-23.932197],[-46.40327,-23.932217],[-46.40268,-23.932584],[-46.402084,-23.932951],[-46.401796,-23.933239],[-46.401576,-23.933347],[-46.401396,-23.933501],[-46.400539,-23.934268],[-46.400414,-23.934289],[-46.400359,-23.934381],[-46.400089,-23.934607],[-46.399596,-23.934895],[-46.39933,-23.934941],[-46.398984,-23.935014],[-46.39837,-23.935119],[-46.397866,-23.935143],[-46.397243,-23.935119],[-46.396638,-23.935145],[-46.396007,-23.935103],[-46.395656,-23.935171],[-46.395328,-23.934875],[-46.395229,-23.934871],[-46.39523,-23.934662],[-46.394968,-23.934077],[-46.394988,-23.934006],[-46.395118,-23.933996],[-46.395249,-23.933966],[-46.395249,-23.933936],[-46.395219,-23.933896],[-46.395048,-23.933825],[-46.394485,-23.933765],[-46.393026,-23.933835],[-46.392895,-23.933775],[-46.392111,-23.933664],[-46.39036,-23.933141],[-46.390159,-23.93288],[-46.390079,-23.932658],[-46.390008,-23.932477],[-46.389938,-23.931974],[-46.389978,-23.931652],[-46.390018,-23.93129],[-46.390069,-23.931109],[-46.390018,-23.931039],[-46.390028,-23.930827],[-46.390612,-23.929811],[-46.390672,-23.92965],[-46.390743,-23.92951],[-46.391789,-23.928282],[-46.391912,-23.928105],[-46.391957,-23.92804],[-46.392042,-23.927917],[-46.392087,-23.927852],[-46.392094,-23.927844],[-46.392101,-23.927835],[-46.392144,-23.92777],[-46.392166,-23.927738],[-46.392578,-23.927739],[-46.392715,-23.927667],[-46.392973,-23.927591],[-46.393308,-23.927551],[-46.39347,-23.927428],[-46.393869,-23.927379],[-46.394076,-23.92731],[-46.394278,-23.927266],[-46.394412,-23.927177],[-46.39454,-23.927162],[-46.394628,-23.927138],[-46.394653,-23.927098],[-46.394707,-23.927074],[-46.394909,-23.927083],[-46.394988,-23.927014],[-46.395042,-23.926995],[-46.395239,-23.927],[-46.395269,-23.926975],[-46.395481,-23.926911],[-46.395535,-23.926852],[-46.395811,-23.926773],[-46.395855,-23.926674],[-46.396156,-23.926574],[-46.396578,-23.92636],[-46.396595,-23.926324],[-46.396634,-23.926157],[-46.396728,-23.926039],[-46.39693,-23.926009],[-46.397132,-23.92589],[-46.397225,-23.925797],[-46.397284,-23.925837],[-46.397432,-23.925743],[-46.397639,-23.925787],[-46.397748,-23.925709],[-46.397856,-23.925718],[-46.398157,-23.925531],[-46.398275,-23.925551],[-46.398373,-23.925516],[-46.398482,-23.925433],[-46.398639,-23.925418],[-46.398713,-23.925472],[-46.398812,-23.925428],[-46.398878,-23.92535],[-46.399098,-23.925324],[-46.399246,-23.92527],[-46.399459,-23.925162],[-46.399773,-23.925019],[-46.399797,-23.925048],[-46.400172,-23.92491],[-46.400177,-23.924851],[-46.400359,-23.924782],[-46.40065,-23.924644],[-46.400763,-23.924644],[-46.40097,-23.924526],[-46.400946,-23.924472],[-46.401093,-23.924403],[-46.401162,-23.924353],[-46.401299,-23.924286],[-46.401576,-23.924151],[-46.401902,-23.923974],[-46.402049,-23.923841],[-46.402207,-23.923752],[-46.402385,-23.923516],[-46.402734,-23.923299],[-46.40302,-23.92319],[-46.403129,-23.923282],[-46.403269,-23.923278],[-46.403447,-23.923467],[-46.403531,-23.923416],[-46.40351,-23.923259],[-46.40342,-23.923005],[-46.403675,-23.922614],[-46.403787,-23.922365],[-46.403809,-23.922315],[-46.403869,-23.922139],[-46.403887,-23.92201],[-46.404113,-23.921693],[-46.404009,-23.921334],[-46.40389,-23.921304],[-46.403906,-23.920917],[-46.403652,-23.920398],[-46.403566,-23.920072],[-46.403581,-23.919811],[-46.4054,-23.921847],[-46.40548,-23.921893],[-46.405485,-23.921832],[-46.40552,-23.921626],[-46.405538,-23.92155],[-46.405664,-23.921438],[-46.405694,-23.921355],[-46.405817,-23.921366],[-46.405829,-23.921333],[-46.405911,-23.921318],[-46.406034,-23.921319],[-46.406076,-23.921261],[-46.406058,-23.921147],[-46.406101,-23.921089],[-46.405875,-23.921006],[-46.405787,-23.920847],[-46.405695,-23.920744],[-46.40571,-23.920678],[-46.405795,-23.920686],[-46.405937,-23.920431],[-46.406041,-23.920452],[-46.406126,-23.920339],[-46.406176,-23.920366],[-46.406317,-23.920449],[-46.406361,-23.920478],[-46.406477,-23.920329],[-46.406617,-23.920149],[-46.406941,-23.919876],[-46.407041,-23.919795],[-46.407314,-23.920014],[-46.407614,-23.919831],[-46.407584,-23.919756],[-46.407726,-23.919667],[-46.408019,-23.920171],[-46.407793,-23.920425],[-46.407869,-23.920459],[-46.40786,-23.920696],[-46.408022,-23.92075],[-46.408214,-23.920961],[-46.408188,-23.921054],[-46.408576,-23.921411],[-46.408532,-23.92149],[-46.408752,-23.921761],[-46.409088,-23.921422],[-46.409435,-23.921079],[-46.40962,-23.920934],[-46.409719,-23.92085],[-46.409863,-23.920763],[-46.410276,-23.920502],[-46.410586,-23.920337],[-46.411267,-23.919957],[-46.411576,-23.919774],[-46.412122,-23.919458],[-46.412483,-23.919264],[-46.413427,-23.91871],[-46.41389,-23.918461],[-46.414313,-23.918214],[-46.41486,-23.917894],[-46.414917,-23.917863],[-46.415498,-23.917539],[-46.415812,-23.91736],[-46.416102,-23.917196],[-46.416445,-23.916984],[-46.416831,-23.916768],[-46.417459,-23.916415],[-46.417736,-23.916259],[-46.418046,-23.916074],[-46.418265,-23.915938],[-46.418548,-23.915709],[-46.41864,-23.915629],[-46.418904,-23.915356],[-46.41902,-23.915215],[-46.419389,-23.914692],[-46.41966,-23.914287],[-46.419793,-23.914089],[-46.419953,-23.913853],[-46.420197,-23.913505],[-46.420489,-23.913055],[-46.420673,-23.912784],[-46.42076,-23.912656],[-46.420955,-23.912364],[-46.421193,-23.912006],[-46.421544,-23.911471],[-46.421666,-23.911282],[-46.421827,-23.911038],[-46.422157,-23.910563],[-46.42238,-23.910233],[-46.422552,-23.909966],[-46.422733,-23.909668],[-46.422899,-23.90928],[-46.42297,-23.909062],[-46.423024,-23.908846],[-46.42308,-23.908582],[-46.423096,-23.908462],[-46.423104,-23.908286],[-46.423111,-23.907719],[-46.42311,-23.907236],[-46.42311,-23.907124],[-46.423111,-23.906819],[-46.423105,-23.906683],[-46.423095,-23.906428],[-46.423085,-23.90611],[-46.423091,-23.905855],[-46.423083,-23.9053],[-46.423082,-23.905252],[-46.423071,-23.904668],[-46.423061,-23.904243],[-46.423061,-23.903878],[-46.423044,-23.903568],[-46.423042,-23.903537],[-46.423002,-23.903056],[-46.422953,-23.902713],[-46.422888,-23.902481],[-46.42276,-23.90207],[-46.42265,-23.901658],[-46.422568,-23.901385],[-46.4225,-23.901141],[-46.42243,-23.900887],[-46.422333,-23.900558],[-46.42225,-23.900218],[-46.422171,-23.899932],[-46.422139,-23.899816],[-46.422031,-23.899418],[-46.421775,-23.89855],[-46.421689,-23.898248],[-46.421644,-23.898099],[-46.421546,-23.897764],[-46.421426,-23.897322],[-46.421309,-23.896871],[-46.421244,-23.896647],[-46.42122,-23.896563],[-46.421088,-23.896093],[-46.421061,-23.895938],[-46.420998,-23.895735],[-46.420717,-23.894843],[-46.420513,-23.894264],[-46.420414,-23.893927],[-46.420319,-23.893573],[-46.420237,-23.893256],[-46.420104,-23.892828],[-46.419994,-23.892421],[-46.419885,-23.891961],[-46.419755,-23.891479],[-46.419641,-23.891071],[-46.419495,-23.890537],[-46.419422,-23.890303],[-46.419184,-23.889661],[-46.419007,-23.889266],[-46.418744,-23.888787],[-46.418445,-23.888349],[-46.418302,-23.888132],[-46.418115,-23.887925],[-46.417814,-23.88758],[-46.417709,-23.887477],[-46.41753,-23.887299],[-46.41737,-23.887148],[-46.417084,-23.886867],[-46.4164,-23.88633],[-46.416087,-23.886089],[-46.415677,-23.885756],[-46.415478,-23.885613],[-46.415221,-23.8854],[-46.414784,-23.885054],[-46.414163,-23.88456],[-46.413828,-23.884295],[-46.413533,-23.88406],[-46.413186,-23.883792],[-46.412468,-23.88322],[-46.411241,-23.88225],[-46.411165,-23.882186],[-46.410978,-23.882036],[-46.410717,-23.881823],[-46.410639,-23.881766],[-46.410499,-23.881669],[-46.410401,-23.881587],[-46.409936,-23.882027],[-46.409698,-23.882219],[-46.409415,-23.882402],[-46.409249,-23.882502],[-46.409135,-23.882595],[-46.408997,-23.882674],[-46.408731,-23.882767],[-46.408354,-23.882952],[-46.407935,-23.883058],[-46.407419,-23.88316],[-46.406866,-23.883215],[-46.406427,-23.883299],[-46.405906,-23.883309],[-46.405723,-23.883284],[-46.405653,-23.883245],[-46.405472,-23.883271],[-46.405116,-23.883241],[-46.404769,-23.883263],[-46.404571,-23.883076],[-46.404549,-23.882652],[-46.404861,-23.882027],[-46.405094,-23.881536],[-46.405394,-23.88128],[-46.405539,-23.880979],[-46.4062,-23.880432],[-46.406483,-23.880199],[-46.406548,-23.879994],[-46.406561,-23.879656],[-46.406375,-23.87915],[-46.406235,-23.878994],[-46.406121,-23.878912],[-46.4059,-23.878829],[-46.405622,-23.878831],[-46.405323,-23.878886],[-46.405161,-23.878947],[-46.404994,-23.878917],[-46.404639,-23.878996],[-46.404224,-23.87904],[-46.40341,-23.879467],[-46.402989,-23.879679],[-46.402373,-23.879809],[-46.401847,-23.879974],[-46.401505,-23.879976],[-46.401331,-23.879838],[-46.40126,-23.879889],[-46.401092,-23.880158],[-46.400959,-23.880426],[-46.401129,-23.880722],[-46.401277,-23.881597],[-46.401181,-23.882571],[-46.400748,-23.883075],[-46.400315,-23.883685],[-46.39987,-23.88441],[-46.399521,-23.884862],[-46.399219,-23.885467],[-46.39899,-23.885899],[-46.398929,-23.886016],[-46.398901,-23.8861],[-46.398832,-23.886135],[-46.39878,-23.88619],[-46.398701,-23.886275],[-46.398583,-23.886364],[-46.398434,-23.886426],[-46.398339,-23.88643],[-46.398224,-23.886421],[-46.398157,-23.886397],[-46.398031,-23.88614],[-46.397895,-23.885822],[-46.397712,-23.885515],[-46.397569,-23.88524],[-46.396813,-23.884975],[-46.396331,-23.884857],[-46.39596,-23.884801],[-46.395684,-23.884867],[-46.39533,-23.884927],[-46.394894,-23.88497],[-46.394584,-23.885119],[-46.394223,-23.88536],[-46.393895,-23.885584],[-46.39367,-23.88586],[-46.393402,-23.885959],[-46.393242,-23.886113],[-46.393133,-23.886446],[-46.393157,-23.886733],[-46.393238,-23.887145],[-46.393652,-23.887685],[-46.394024,-23.888153],[-46.394344,-23.88893],[-46.39451,-23.889578],[-46.39452,-23.890263],[-46.394312,-23.891557],[-46.393903,-23.892204],[-46.393396,-23.892616],[-46.392817,-23.892723],[-46.392163,-23.892844],[-46.391421,-23.893058],[-46.390814,-23.893349],[-46.39018,-23.893606],[-46.389909,-23.893692],[-46.389558,-23.894082],[-46.389248,-23.894379],[-46.389009,-23.894815],[-46.388782,-23.895198],[-46.388678,-23.895695],[-46.388492,-23.896112],[-46.388375,-23.89653],[-46.388253,-23.896934],[-46.387975,-23.897259],[-46.387378,-23.897453],[-46.386692,-23.897568],[-46.386261,-23.897596],[-46.385648,-23.897615],[-46.385075,-23.89786],[-46.384736,-23.898011],[-46.384271,-23.898203],[-46.383823,-23.898475],[-46.383538,-23.898828],[-46.383273,-23.899116],[-46.382894,-23.899387],[-46.38225,-23.899574],[-46.381659,-23.898755],[-46.381767,-23.89805],[-46.38221,-23.897296],[-46.382564,-23.896871],[-46.382799,-23.896211],[-46.383068,-23.896051],[-46.383185,-23.895717],[-46.383293,-23.895184],[-46.383251,-23.894341],[-46.383119,-23.893844],[-46.382927,-23.893194],[-46.382778,-23.892616],[-46.382553,-23.891993],[-46.382331,-23.891355],[-46.381962,-23.890728],[-46.381682,-23.890197],[-46.381269,-23.890031],[-46.380438,-23.890216],[-46.379766,-23.889686],[-46.379183,-23.889449],[-46.378283,-23.888969],[-46.377932,-23.887744],[-46.377473,-23.887505],[-46.377317,-23.885518],[-46.377594,-23.884964],[-46.377278,-23.884218],[-46.377197,-23.883584],[-46.377517,-23.882287],[-46.377489,-23.879906],[-46.377679,-23.878936],[-46.377545,-23.877793],[-46.377363,-23.876146],[-46.378044,-23.87505],[-46.378886,-23.873852],[-46.378901,-23.873711],[-46.379056,-23.873615],[-46.379142,-23.873645],[-46.379242,-23.873707],[-46.379407,-23.873779],[-46.379611,-23.873812],[-46.379839,-23.873883],[-46.380023,-23.87403],[-46.380204,-23.874149],[-46.3804,-23.874179],[-46.380511,-23.874343],[-46.380624,-23.874464],[-46.38082,-23.874592],[-46.380929,-23.874647],[-46.381209,-23.874729],[-46.381302,-23.874614],[-46.381296,-23.874418],[-46.381377,-23.874276],[-46.381473,-23.874165],[-46.381555,-23.87405],[-46.381485,-23.873879],[-46.381428,-23.873694],[-46.381298,-23.873468],[-46.381299,-23.873237],[-46.381171,-23.873055],[-46.381056,-23.872788],[-46.380982,-23.872536],[-46.381079,-23.872428],[-46.381177,-23.872308],[-46.38112,-23.872118],[-46.380877,-23.872019],[-46.380655,-23.871862],[-46.380741,-23.871782],[-46.380623,-23.871704],[-46.380504,-23.871608],[-46.380331,-23.871511],[-46.380073,-23.871488],[-46.379885,-23.871435],[-46.379805,-23.871332],[-46.379396,-23.871154],[-46.379064,-23.871047],[-46.378992,-23.87097],[-46.378331,-23.870948],[-46.377957,-23.871152],[-46.376575,-23.870994],[-46.375512,-23.870879],[-46.375306,-23.869704],[-46.375249,-23.869432],[-46.375103,-23.868742],[-46.375034,-23.868516],[-46.37494,-23.868318],[-46.374829,-23.868183],[-46.374584,-23.868037],[-46.371947,-23.866635],[-46.371676,-23.866472],[-46.371241,-23.866153],[-46.371097,-23.866063],[-46.37053,-23.865493],[-46.369867,-23.864627],[-46.369406,-23.863809],[-46.369246,-23.863259],[-46.368937,-23.861775],[-46.368966,-23.861597],[-46.369032,-23.861482],[-46.369331,-23.860971],[-46.369452,-23.860659],[-46.369546,-23.860089],[-46.369499,-23.85982],[-46.369407,-23.859592],[-46.369236,-23.859355],[-46.369043,-23.859181],[-46.367793,-23.858041],[-46.367496,-23.857701],[-46.367328,-23.857373],[-46.367063,-23.856657],[-46.36682,-23.855999],[-46.366705,-23.855708],[-46.366327,-23.854263],[-46.366115,-23.853375],[-46.365797,-23.852443],[-46.3656,-23.851989],[-46.365413,-23.851706],[-46.36515,-23.851367],[-46.364862,-23.851029],[-46.364594,-23.850692],[-46.364338,-23.850422],[-46.363994,-23.850044],[-46.363779,-23.849889],[-46.363607,-23.849753],[-46.3632,-23.849522],[-46.362943,-23.849387],[-46.362686,-23.849212],[-46.3623,-23.84904],[-46.36198,-23.848905],[-46.361595,-23.84885],[-46.361274,-23.848716],[-46.360879,-23.848608],[-46.360529,-23.848311],[-46.36023,-23.847993],[-46.360014,-23.847719],[-46.359901,-23.847575],[-46.359752,-23.847307],[-46.359629,-23.847086],[-46.359356,-23.846655],[-46.359205,-23.846401],[-46.358946,-23.84609],[-46.358838,-23.845992],[-46.358409,-23.845703],[-46.357874,-23.845413],[-46.357595,-23.845278],[-46.357168,-23.845164],[-46.356827,-23.845108],[-46.356677,-23.84508],[-46.356462,-23.845031],[-46.356145,-23.844888],[-46.355896,-23.844735],[-46.352589,-23.842879],[-46.352249,-23.842684],[-46.351857,-23.84244],[-46.351504,-23.842194],[-46.351301,-23.842051],[-46.351164,-23.841918],[-46.350994,-23.841764],[-46.350788,-23.841476],[-46.35056,-23.841186],[-46.350363,-23.8408],[-46.350159,-23.840502],[-46.349932,-23.840066],[-46.34976,-23.839699],[-46.349576,-23.839332],[-46.349446,-23.838964],[-46.349337,-23.838596],[-46.349248,-23.838228],[-46.349139,-23.83786],[-46.348997,-23.837492],[-46.348836,-23.837125],[-46.348706,-23.836757],[-46.348628,-23.836389],[-46.348514,-23.835979],[-46.348488,-23.835628],[-46.348497,-23.835285],[-46.348415,-23.834893],[-46.348322,-23.834608],[-46.347777,-23.833757],[-46.347521,-23.833418],[-46.347195,-23.833104],[-46.346936,-23.83289],[-46.346542,-23.832544],[-46.346211,-23.832256],[-46.346136,-23.83216],[-46.34602,-23.832053],[-46.345929,-23.831939],[-46.345609,-23.831611],[-46.345268,-23.831314],[-46.344859,-23.830965],[-46.344744,-23.830769],[-46.344608,-23.830605],[-46.344436,-23.830316],[-46.344206,-23.82982],[-46.344169,-23.82951],[-46.344109,-23.82922],[-46.344072,-23.828859],[-46.344036,-23.8286],[-46.344132,-23.828164],[-46.344186,-23.827873],[-46.344173,-23.827729],[-46.344126,-23.827595],[-46.343966,-23.827345],[-46.343884,-23.827109],[-46.343802,-23.826758],[-46.343754,-23.826406],[-46.343726,-23.825919],[-46.343778,-23.825598],[-46.343776,-23.82537],[-46.343732,-23.825154],[-46.343637,-23.824946],[-46.343546,-23.824784],[-46.343272,-23.824403],[-46.343168,-23.824219],[-46.343077,-23.824053],[-46.342597,-23.823385],[-46.341776,-23.822596],[-46.340798,-23.821676],[-46.339862,-23.820792],[-46.338718,-23.819466],[-46.338147,-23.818823],[-46.337451,-23.817782],[-46.337286,-23.817583],[-46.33639,-23.8167],[-46.335232,-23.81548],[-46.334423,-23.814648],[-46.333481,-23.813931],[-46.333049,-23.813534],[-46.332343,-23.812739],[-46.33223,-23.812573],[-46.331904,-23.812094],[-46.33139,-23.811266],[-46.33119,-23.811008],[-46.331039,-23.810699],[-46.33094,-23.810182],[-46.330917,-23.810023],[-46.330889,-23.8096],[-46.330885,-23.809265],[-46.330855,-23.809135],[-46.330762,-23.809006],[-46.33057,-23.808817],[-46.330333,-23.808705],[-46.32991,-23.808604],[-46.329712,-23.808504],[-46.329585,-23.808384],[-46.32946,-23.808195],[-46.32942,-23.807941],[-46.329414,-23.80742],[-46.329371,-23.80716],[-46.329257,-23.806964],[-46.329125,-23.806828],[-46.328146,-23.805722],[-46.327832,-23.805448],[-46.327577,-23.805281],[-46.327246,-23.805209],[-46.3264,-23.804968],[-46.325878,-23.804776],[-46.325112,-23.804502],[-46.32458,-23.804193],[-46.323922,-23.803767],[-46.323594,-23.803603],[-46.323079,-23.803463],[-46.321989,-23.803286],[-46.321518,-23.803196],[-46.321089,-23.803159],[-46.320534,-23.803187],[-46.320292,-23.803097],[-46.320244,-23.787216],[-46.320239,-23.785479],[-46.320257,-23.785262],[-46.320286,-23.785188],[-46.320324,-23.785135],[-46.320382,-23.785101],[-46.320502,-23.785062],[-46.320558,-23.785055],[-46.320701,-23.785053],[-46.320832,-23.785071],[-46.321127,-23.785136],[-46.321385,-23.785195],[-46.321668,-23.785258],[-46.322065,-23.78532],[-46.322323,-23.785368],[-46.322979,-23.785427],[-46.323104,-23.785428],[-46.323254,-23.785415],[-46.3234,-23.785384],[-46.323531,-23.785339],[-46.3238,-23.785187],[-46.324083,-23.785009],[-46.324272,-23.784909],[-46.324555,-23.784825],[-46.324963,-23.784706],[-46.325025,-23.78466],[-46.325061,-23.784618],[-46.325117,-23.784521],[-46.325238,-23.784263],[-46.325269,-23.784235],[-46.325346,-23.784216],[-46.325419,-23.784227],[-46.325491,-23.784233],[-46.3258,-23.784253],[-46.326058,-23.784248],[-46.326254,-23.784212],[-46.326499,-23.784146],[-46.326698,-23.78407],[-46.326805,-23.784028],[-46.326941,-23.783955],[-46.327072,-23.78385],[-46.327288,-23.783617],[-46.327457,-23.783406],[-46.327504,-23.783368],[-46.327551,-23.783342],[-46.327689,-23.783342],[-46.328072,-23.783407],[-46.3284,-23.783474],[-46.328556,-23.783472],[-46.328692,-23.783443],[-46.328766,-23.783395],[-46.328842,-23.783315],[-46.328902,-23.783249],[-46.328929,-23.783163],[-46.32897,-23.782897],[-46.329031,-23.782759],[-46.329113,-23.782653],[-46.329172,-23.782595],[-46.329329,-23.782454],[-46.329429,-23.782381],[-46.329537,-23.782339],[-46.329684,-23.78232],[-46.329962,-23.782322],[-46.330224,-23.782292],[-46.330728,-23.782267],[-46.330964,-23.782228],[-46.331229,-23.78217],[-46.331329,-23.782119],[-46.331422,-23.782033],[-46.33147,-23.781961],[-46.331494,-23.781881],[-46.331512,-23.781751],[-46.331591,-23.781559],[-46.331648,-23.781417],[-46.331672,-23.781364],[-46.33172,-23.781299],[-46.331781,-23.781258],[-46.331842,-23.781254],[-46.332155,-23.781272],[-46.332459,-23.781282],[-46.332637,-23.781288],[-46.332886,-23.781254],[-46.333196,-23.781197],[-46.33352,-23.781162],[-46.33379,-23.781152],[-46.33429,-23.781201],[-46.335112,-23.781222],[-46.335559,-23.781247],[-46.336193,-23.781347],[-46.33638,-23.781391],[-46.33662,-23.781471],[-46.337088,-23.781613],[-46.337218,-23.78163],[-46.337287,-23.781629],[-46.33736,-23.78161],[-46.337595,-23.781526],[-46.337725,-23.781506],[-46.337862,-23.781497],[-46.338063,-23.781518],[-46.338191,-23.781535],[-46.338358,-23.781586],[-46.33861,-23.781668],[-46.338721,-23.781718],[-46.338878,-23.781825],[-46.339683,-23.78227],[-46.340223,-23.782516],[-46.340665,-23.782769],[-46.341011,-23.782994],[-46.341542,-23.783328],[-46.342347,-23.783819],[-46.34294,-23.784279],[-46.343243,-23.78453],[-46.343461,-23.784741],[-46.343645,-23.784967],[-46.343917,-23.785361],[-46.34405,-23.785598],[-46.344291,-23.786127],[-46.344499,-23.786491],[-46.344762,-23.786989],[-46.344875,-23.787179],[-46.344956,-23.787275],[-46.345056,-23.787368],[-46.345174,-23.78746],[-46.345387,-23.787551],[-46.34557,-23.78761],[-46.345845,-23.787672],[-46.346248,-23.787737],[-46.346747,-23.787739],[-46.347113,-23.787736],[-46.347441,-23.78775],[-46.348002,-23.787829],[-46.348289,-23.78784],[-46.348409,-23.787833],[-46.348559,-23.78778],[-46.348623,-23.787733],[-46.348659,-23.787678],[-46.348794,-23.787351],[-46.348821,-23.787298],[-46.348872,-23.787235],[-46.34895,-23.787185],[-46.349035,-23.787165],[-46.349108,-23.787157],[-46.349169,-23.787164],[-46.349384,-23.787202],[-46.34961,-23.787245],[-46.349828,-23.787305],[-46.350173,-23.787371],[-46.350405,-23.787437],[-46.350686,-23.787509],[-46.350995,-23.787591],[-46.351357,-23.787675],[-46.351596,-23.787734],[-46.351901,-23.787812],[-46.352049,-23.787859],[-46.352347,-23.788009],[-46.352656,-23.788152],[-46.352807,-23.788215],[-46.35297,-23.788282],[-46.353426,-23.788388],[-46.353523,-23.788426],[-46.353628,-23.788484],[-46.3537,-23.788558],[-46.353771,-23.788666],[-46.353804,-23.788782],[-46.353817,-23.78887],[-46.353821,-23.788995],[-46.353816,-23.789086],[-46.353808,-23.789201],[-46.353775,-23.789385],[-46.353711,-23.78961],[-46.353587,-23.790076],[-46.353562,-23.790167],[-46.353551,-23.79028],[-46.353548,-23.790395],[-46.35357,-23.790513],[-46.353612,-23.790608],[-46.353709,-23.790765],[-46.353873,-23.791061],[-46.353966,-23.79118],[-46.354083,-23.791292],[-46.354188,-23.791384],[-46.354298,-23.791436],[-46.354444,-23.791472],[-46.354648,-23.791474],[-46.354914,-23.791458],[-46.355233,-23.791447],[-46.355398,-23.791435],[-46.355536,-23.791408],[-46.355737,-23.791349],[-46.355798,-23.791339],[-46.355867,-23.791301],[-46.35594,-23.791217],[-46.355991,-23.791146],[-46.356023,-23.791064],[-46.356091,-23.790849],[-46.356121,-23.790775],[-46.35617,-23.790719],[-46.35623,-23.790658],[-46.356293,-23.790626],[-46.356404,-23.790604],[-46.356485,-23.79063],[-46.35655,-23.79067],[-46.356592,-23.790722],[-46.356712,-23.790905],[-46.357044,-23.791276],[-46.357241,-23.791423],[-46.357623,-23.791618],[-46.358079,-23.791883],[-46.35859,-23.792124],[-46.35866,-23.792152],[-46.358749,-23.792167],[-46.358923,-23.79215],[-46.35914,-23.792106],[-46.359382,-23.792055],[-46.359732,-23.79202],[-46.359954,-23.792035],[-46.36019,-23.792077],[-46.360337,-23.792147],[-46.36041,-23.792187],[-46.360578,-23.792301],[-46.360737,-23.792416],[-46.360855,-23.792478],[-46.360996,-23.79249],[-46.36107,-23.792473],[-46.361159,-23.792431],[-46.361317,-23.792291],[-46.361454,-23.792148],[-46.361688,-23.791949],[-46.361811,-23.791813],[-46.361912,-23.791629],[-46.361998,-23.791469],[-46.362076,-23.791337],[-46.362108,-23.791291],[-46.362132,-23.791272],[-46.362168,-23.791242],[-46.362226,-23.79121],[-46.362327,-23.791205],[-46.362395,-23.791199],[-46.362472,-23.791205],[-46.362562,-23.791235],[-46.362648,-23.791284],[-46.362911,-23.791437],[-46.363248,-23.791609],[-46.363392,-23.791669],[-46.36361,-23.791723],[-46.363782,-23.791743],[-46.363932,-23.791746],[-46.36408,-23.791712],[-46.364384,-23.791657],[-46.364477,-23.791645],[-46.364578,-23.791654],[-46.364783,-23.791694],[-46.364957,-23.791745],[-46.365188,-23.791845],[-46.365356,-23.791905],[-46.365482,-23.791952],[-46.365647,-23.792033],[-46.36607,-23.79227],[-46.366319,-23.792368],[-46.366454,-23.79241],[-46.366599,-23.792436],[-46.367112,-23.792483],[-46.367435,-23.792489],[-46.367683,-23.792462],[-46.367898,-23.792408],[-46.368103,-23.792344],[-46.368287,-23.792271],[-46.368443,-23.792191],[-46.368557,-23.792115],[-46.368605,-23.792063],[-46.36866,-23.791905],[-46.368712,-23.791719],[-46.368737,-23.791633],[-46.36879,-23.791542],[-46.368815,-23.791512],[-46.368854,-23.791482],[-46.368935,-23.791419],[-46.36912,-23.791331],[-46.369366,-23.791252],[-46.369548,-23.791199],[-46.369764,-23.791174],[-46.370136,-23.791159],[-46.370326,-23.791125],[-46.370448,-23.791094],[-46.370531,-23.791048],[-46.370724,-23.790913],[-46.370945,-23.79073],[-46.371116,-23.790586],[-46.371298,-23.790407],[-46.371449,-23.790253],[-46.371595,-23.790106],[-46.371712,-23.790011],[-46.371906,-23.789837],[-46.371953,-23.789788],[-46.372012,-23.789747],[-46.372094,-23.789705],[-46.372193,-23.78968],[-46.372276,-23.789673],[-46.372349,-23.789695],[-46.372387,-23.789711],[-46.372464,-23.789769],[-46.372505,-23.789848],[-46.372537,-23.790104],[-46.372575,-23.790347],[-46.372588,-23.790421],[-46.372631,-23.790499],[-46.372704,-23.790615],[-46.37281,-23.790727],[-46.372925,-23.790825],[-46.373117,-23.790947],[-46.373527,-23.791171],[-46.373816,-23.7913],[-46.37412,-23.791469],[-46.374369,-23.79165],[-46.374417,-23.7917],[-46.374478,-23.791792],[-46.374608,-23.792056],[-46.374792,-23.792364],[-46.374858,-23.792439],[-46.374948,-23.792525],[-46.375366,-23.792779],[-46.375602,-23.792928],[-46.375821,-23.793117],[-46.376012,-23.793272],[-46.376119,-23.793341],[-46.376263,-23.79342],[-46.376359,-23.793459],[-46.37642,-23.79347],[-46.376494,-23.793458],[-46.376689,-23.793416],[-46.376857,-23.793399],[-46.376942,-23.793409],[-46.377017,-23.793462],[-46.37707,-23.793588],[-46.377082,-23.793735],[-46.377032,-23.794197],[-46.377045,-23.794301],[-46.377094,-23.794401],[-46.377174,-23.794587],[-46.377233,-23.794751],[-46.377245,-23.794807],[-46.377238,-23.79489],[-46.377193,-23.794958],[-46.377118,-23.795029],[-46.377073,-23.795048],[-46.377012,-23.795052],[-46.376919,-23.795053],[-46.376858,-23.795043],[-46.37676,-23.794995],[-46.376695,-23.794947],[-46.37634,-23.794774],[-46.376115,-23.794709],[-46.375892,-23.79467],[-46.375248,-23.794625],[-46.37487,-23.794609],[-46.374544,-23.794617],[-46.374414,-23.794637],[-46.374122,-23.794698],[-46.373925,-23.794746],[-46.373769,-23.79482],[-46.37367,-23.794894],[-46.373624,-23.794955],[-46.373536,-23.795083],[-46.373458,-23.795189],[-46.373366,-23.795346],[-46.373327,-23.79546],[-46.373333,-23.795553],[-46.373358,-23.795658],[-46.37342,-23.795745],[-46.373577,-23.795935],[-46.373707,-23.796097],[-46.373824,-23.796361],[-46.374013,-23.796876],[-46.374088,-23.797005],[-46.37426,-23.797229],[-46.374578,-23.797593],[-46.374676,-23.797735],[-46.374781,-23.797921],[-46.374962,-23.798258],[-46.37513,-23.798656],[-46.37525,-23.799079],[-46.375333,-23.799519],[-46.375405,-23.79998],[-46.375458,-23.800128],[-46.37557,-23.800287],[-46.375811,-23.800565],[-46.376005,-23.80082],[-46.376239,-23.801147],[-46.376474,-23.801391],[-46.376633,-23.801528],[-46.376767,-23.801699],[-46.376831,-23.801878],[-46.376905,-23.802283],[-46.376951,-23.802466],[-46.376998,-23.802644],[-46.377064,-23.802774],[-46.377238,-23.802975],[-46.377423,-23.803288],[-46.377469,-23.803444],[-46.377488,-23.803651],[-46.377559,-23.803996],[-46.377598,-23.804134],[-46.377682,-23.804281],[-46.377784,-23.804399],[-46.377948,-23.804535],[-46.378041,-23.804604],[-46.378232,-23.804704],[-46.378583,-23.804853],[-46.379,-23.80504],[-46.379247,-23.805168],[-46.379417,-23.805277],[-46.379601,-23.805419],[-46.379761,-23.8056],[-46.379814,-23.805671],[-46.379913,-23.805791],[-46.380032,-23.805882],[-46.380178,-23.805964],[-46.380281,-23.805999],[-46.380538,-23.806047],[-46.380676,-23.806115],[-46.380742,-23.806181],[-46.380775,-23.806253],[-46.380788,-23.806372],[-46.380777,-23.806449],[-46.38077,-23.806529],[-46.380784,-23.806685],[-46.380825,-23.806801],[-46.380932,-23.806927],[-46.381119,-23.807116],[-46.381503,-23.807542],[-46.381662,-23.807672],[-46.381739,-23.807693],[-46.381807,-23.807688],[-46.381857,-23.807665],[-46.381946,-23.807623],[-46.382082,-23.807522],[-46.382146,-23.807495],[-46.382213,-23.807488],[-46.382264,-23.807497],[-46.38231,-23.807519],[-46.382391,-23.807612],[-46.38247,-23.807761],[-46.382503,-23.80788],[-46.382514,-23.808007],[-46.382508,-23.808386],[-46.382479,-23.808642],[-46.382481,-23.808768],[-46.382513,-23.808887],[-46.382564,-23.808977],[-46.382659,-23.809084],[-46.382898,-23.809284],[-46.383309,-23.809593],[-46.383397,-23.809644],[-46.383527,-23.809691],[-46.383629,-23.809721],[-46.383771,-23.809731],[-46.384153,-23.809736],[-46.384548,-23.809744],[-46.384884,-23.809773],[-46.385067,-23.809764],[-46.385228,-23.809726],[-46.385379,-23.809664],[-46.385538,-23.80956],[-46.385769,-23.809414],[-46.3859,-23.80936],[-46.386065,-23.809325],[-46.386287,-23.809276],[-46.386532,-23.809296],[-46.386723,-23.809315],[-46.386908,-23.809348],[-46.387537,-23.809517],[-46.388054,-23.809638],[-46.388694,-23.809732],[-46.388956,-23.809768],[-46.389211,-23.80984],[-46.389392,-23.809906],[-46.38956,-23.809997],[-46.389637,-23.810052],[-46.390262,-23.810518],[-46.390727,-23.810715],[-46.39115,-23.810986],[-46.391535,-23.811321],[-46.392079,-23.81169],[-46.392488,-23.811918],[-46.392737,-23.812077],[-46.392871,-23.812217],[-46.393028,-23.812427],[-46.393262,-23.812656],[-46.393634,-23.813116],[-46.393748,-23.81326],[-46.393859,-23.813475],[-46.393959,-23.813769],[-46.394064,-23.814108],[-46.394135,-23.814254],[-46.394185,-23.814306],[-46.394275,-23.814346],[-46.394332,-23.81436],[-46.394404,-23.814357],[-46.394481,-23.81433],[-46.394562,-23.814276],[-46.394638,-23.814185],[-46.394798,-23.81393],[-46.394864,-23.813742],[-46.395007,-23.813386],[-46.395075,-23.813273],[-46.395203,-23.813123],[-46.395299,-23.813014],[-46.395398,-23.812913],[-46.395584,-23.812745],[-46.395638,-23.812688],[-46.395709,-23.812602],[-46.395772,-23.812403],[-46.395787,-23.812321],[-46.395811,-23.81202],[-46.395859,-23.811916],[-46.395898,-23.811873],[-46.395956,-23.811824],[-46.396052,-23.811778],[-46.396175,-23.811766],[-46.39653,-23.811838],[-46.39698,-23.811959],[-46.397592,-23.812054],[-46.39785,-23.812039],[-46.39823,-23.811936],[-46.398571,-23.81186],[-46.398685,-23.811856],[-46.398908,-23.811854],[-46.399295,-23.811814],[-46.399826,-23.811829],[-46.400449,-23.811804],[-46.40079,-23.811751],[-46.400942,-23.811754],[-46.401104,-23.811786],[-46.401621,-23.811943],[-46.401782,-23.811976],[-46.401867,-23.811967],[-46.401934,-23.811941],[-46.402023,-23.811896],[-46.402092,-23.81183],[-46.402245,-23.81175],[-46.402311,-23.811741],[-46.402403,-23.811754],[-46.402471,-23.811799],[-46.402544,-23.81186],[-46.402887,-23.812194],[-46.40303,-23.812239],[-46.403174,-23.812242],[-46.403253,-23.812247],[-46.403374,-23.812231],[-46.40353,-23.812167],[-46.403676,-23.8121],[-46.403824,-23.811986],[-46.403999,-23.811896],[-46.404083,-23.811883],[-46.404157,-23.811897],[-46.404197,-23.811928],[-46.404258,-23.811969],[-46.40438,-23.812148],[-46.404492,-23.812242],[-46.404847,-23.812352],[-46.404915,-23.812362],[-46.405017,-23.812358],[-46.405227,-23.812285],[-46.405395,-23.81227],[-46.405567,-23.812282],[-46.405708,-23.812308],[-46.405866,-23.812367],[-46.406315,-23.812623],[-46.406837,-23.812796],[-46.407286,-23.812855],[-46.407654,-23.812951],[-46.407726,-23.812984],[-46.40789,-23.813109],[-46.407982,-23.813196],[-46.408031,-23.813294],[-46.408152,-23.813599],[-46.408326,-23.814205],[-46.408443,-23.814634],[-46.40848,-23.814751],[-46.40855,-23.814865],[-46.408688,-23.815002],[-46.408771,-23.815067],[-46.408891,-23.815128],[-46.409125,-23.81521],[-46.409293,-23.815266],[-46.409414,-23.815282],[-46.409588,-23.815281],[-46.409998,-23.815296],[-46.410109,-23.815303],[-46.410186,-23.815326],[-46.410296,-23.815379],[-46.410543,-23.815535],[-46.411187,-23.81613],[-46.411367,-23.816417],[-46.411455,-23.816515],[-46.411642,-23.816664],[-46.411743,-23.816728],[-46.411862,-23.8168],[-46.41205,-23.816885],[-46.412821,-23.817256],[-46.413433,-23.817548],[-46.414135,-23.817819],[-46.414421,-23.817966],[-46.414608,-23.818006],[-46.414807,-23.818004],[-46.41492,-23.817966],[-46.414993,-23.817911],[-46.415017,-23.817648],[-46.414863,-23.817186],[-46.414873,-23.817098],[-46.414916,-23.817036],[-46.414976,-23.817012],[-46.415078,-23.817009],[-46.415141,-23.817019],[-46.415218,-23.817052],[-46.415406,-23.817194],[-46.415604,-23.817308],[-46.415804,-23.817465],[-46.416026,-23.817607],[-46.416133,-23.81769],[-46.416285,-23.817837],[-46.416402,-23.817915],[-46.416803,-23.818082],[-46.417663,-23.818462],[-46.418251,-23.818768],[-46.41919,-23.81917],[-46.419727,-23.819497],[-46.420294,-23.819915],[-46.420618,-23.820148],[-46.420814,-23.820308],[-46.421105,-23.820619],[-46.421519,-23.821125],[-46.421792,-23.821475],[-46.421981,-23.821737],[-46.422394,-23.822234],[-46.422729,-23.822588],[-46.42289,-23.822714],[-46.423293,-23.822979],[-46.423476,-23.823114],[-46.423689,-23.823312],[-46.423994,-23.823723],[-46.424225,-23.823935],[-46.424418,-23.824069],[-46.42487,-23.824277],[-46.425416,-23.82446],[-46.425696,-23.824585],[-46.425825,-23.824666],[-46.425922,-23.824754],[-46.426085,-23.824979],[-46.426197,-23.825066],[-46.426323,-23.82515],[-46.426486,-23.825224],[-46.426594,-23.825273],[-46.426798,-23.825323],[-46.427765,-23.825489],[-46.42841,-23.825629],[-46.428938,-23.825785],[-46.429185,-23.825839],[-46.429484,-23.825883],[-46.430097,-23.825918],[-46.430732,-23.826012],[-46.430986,-23.826038],[-46.431254,-23.826045],[-46.431601,-23.826013],[-46.431725,-23.826001],[-46.431851,-23.82596],[-46.432108,-23.825812],[-46.43228,-23.825727],[-46.432447,-23.825671],[-46.432655,-23.825648],[-46.432839,-23.82563],[-46.433288,-23.825576],[-46.433571,-23.825533],[-46.433776,-23.825484],[-46.433836,-23.825435],[-46.433857,-23.825346],[-46.433833,-23.825199],[-46.433728,-23.824883],[-46.43365,-23.824418],[-46.433645,-23.824314],[-46.433661,-23.824236],[-46.433702,-23.824148],[-46.433788,-23.824083],[-46.433934,-23.824039],[-46.434046,-23.824043],[-46.43417,-23.824055],[-46.434302,-23.824087],[-46.434412,-23.82412],[-46.434537,-23.824188],[-46.434972,-23.824424],[-46.435767,-23.824765],[-46.436647,-23.825229],[-46.436875,-23.825368],[-46.437459,-23.825887],[-46.437684,-23.826144],[-46.43781,-23.826307],[-46.437961,-23.826579],[-46.438183,-23.82699],[-46.438219,-23.827074],[-46.438247,-23.827182],[-46.438269,-23.827377],[-46.438291,-23.827576],[-46.438273,-23.827727],[-46.438233,-23.827874],[-46.438182,-23.827967],[-46.43814,-23.828016],[-46.43804,-23.828109],[-46.437987,-23.828138],[-46.437906,-23.82819],[-46.437822,-23.828221],[-46.437752,-23.828245],[-46.437558,-23.828284],[-46.43743,-23.828349],[-46.437384,-23.828392],[-46.437356,-23.828424],[-46.437291,-23.828507],[-46.43726,-23.828584],[-46.437236,-23.828712],[-46.437191,-23.828845],[-46.437171,-23.828964],[-46.437177,-23.829083],[-46.437228,-23.829176],[-46.437298,-23.829244],[-46.437404,-23.829302],[-46.43752,-23.829351],[-46.43783,-23.829483],[-46.438002,-23.829588],[-46.438113,-23.829636],[-46.43819,-23.829657],[-46.438266,-23.829654],[-46.438388,-23.829616],[-46.438483,-23.829552],[-46.438561,-23.829465],[-46.43863,-23.829313],[-46.438707,-23.829163],[-46.438762,-23.828999],[-46.438814,-23.828785],[-46.438868,-23.828629],[-46.438979,-23.828493],[-46.43903,-23.828416],[-46.439122,-23.82837],[-46.439265,-23.828348],[-46.439435,-23.828367],[-46.439507,-23.828396],[-46.439626,-23.828468],[-46.439707,-23.828551],[-46.439738,-23.828627],[-46.439822,-23.828863],[-46.439865,-23.829151],[-46.439888,-23.829301],[-46.439937,-23.829513],[-46.439993,-23.829567],[-46.440081,-23.829592],[-46.440166,-23.829582],[-46.440255,-23.829533],[-46.440472,-23.829295],[-46.440834,-23.82887],[-46.440962,-23.828779],[-46.441056,-23.828735],[-46.441141,-23.828715],[-46.441248,-23.828711],[-46.441333,-23.828725],[-46.441423,-23.828744],[-46.441572,-23.828812],[-46.441831,-23.828939],[-46.441963,-23.828975],[-46.442611,-23.829088],[-46.442896,-23.82916],[-46.443298,-23.829218],[-46.443457,-23.829228],[-46.443591,-23.829213],[-46.443735,-23.829209],[-46.443881,-23.82919],[-46.444059,-23.829161],[-46.444193,-23.829123],[-46.4443,-23.829105],[-46.4444,-23.82911],[-46.444515,-23.829133],[-46.444562,-23.829165],[-46.444606,-23.829235],[-46.444613,-23.82931],[-46.444586,-23.829383],[-46.444526,-23.829515],[-46.444507,-23.829557],[-46.444172,-23.830124],[-46.444122,-23.830227],[-46.444114,-23.830289],[-46.444108,-23.830562],[-46.444078,-23.830618],[-46.444029,-23.830663],[-46.443938,-23.830702],[-46.443866,-23.830702],[-46.443774,-23.830692],[-46.443693,-23.830665],[-46.443539,-23.83058],[-46.443099,-23.830272],[-46.443009,-23.830221],[-46.442896,-23.830166],[-46.44277,-23.830119],[-46.442649,-23.830089],[-46.442268,-23.830004],[-46.441722,-23.82986],[-46.441601,-23.82984],[-46.441525,-23.829842],[-46.441436,-23.829858],[-46.441342,-23.829888],[-46.441263,-23.829929],[-46.441192,-23.829978],[-46.441129,-23.830038],[-46.441086,-23.830103],[-46.440899,-23.830381],[-46.440668,-23.830689],[-46.440559,-23.830799],[-46.44041,-23.830938],[-46.440235,-23.831054],[-46.440063,-23.831152],[-46.439878,-23.831201],[-46.439753,-23.831215],[-46.439643,-23.831213],[-46.439262,-23.831179],[-46.439133,-23.831189],[-46.439004,-23.831219],[-46.438895,-23.83128],[-46.438829,-23.831359],[-46.438817,-23.831427],[-46.43883,-23.831495],[-46.438855,-23.831582],[-46.4389,-23.831645],[-46.439038,-23.831822],[-46.439203,-23.831993],[-46.439684,-23.832452],[-46.440055,-23.832774],[-46.440227,-23.832878],[-46.44067,-23.833093],[-46.440885,-23.833207],[-46.440962,-23.833279],[-46.440993,-23.833317],[-46.440999,-23.833365],[-46.440966,-23.833405],[-46.440919,-23.833429],[-46.440824,-23.833424],[-46.440728,-23.833399],[-46.440578,-23.833347],[-46.440496,-23.833295],[-46.439941,-23.833039],[-46.439822,-23.833007],[-46.439721,-23.833005],[-46.439626,-23.833024],[-46.439522,-23.833058],[-46.439453,-23.833097],[-46.439407,-23.833156],[-46.439392,-23.833216],[-46.439412,-23.833294],[-46.439447,-23.833387],[-46.439492,-23.833454],[-46.439767,-23.833828],[-46.440001,-23.834125],[-46.440106,-23.834231],[-46.440199,-23.834309],[-46.440281,-23.834362],[-46.440396,-23.834423],[-46.440631,-23.834531],[-46.440882,-23.834654],[-46.441028,-23.834741],[-46.44113,-23.834822],[-46.441163,-23.834867],[-46.441179,-23.834915],[-46.441179,-23.834974],[-46.441162,-23.835027],[-46.441108,-23.835117],[-46.441087,-23.835191],[-46.441077,-23.83541],[-46.441092,-23.835579],[-46.441102,-23.835698],[-46.441136,-23.835787],[-46.441175,-23.835888],[-46.441232,-23.835966],[-46.441536,-23.836363],[-46.441643,-23.836492],[-46.441827,-23.836803],[-46.441901,-23.836976],[-46.441946,-23.837122],[-46.441969,-23.837268],[-46.441977,-23.837989],[-46.441962,-23.838246],[-46.441941,-23.838646],[-46.441959,-23.838803],[-46.44201,-23.838983],[-46.442057,-23.839129],[-46.442125,-23.839268],[-46.442595,-23.839991],[-46.442685,-23.840095],[-46.442879,-23.840247],[-46.443257,-23.840528],[-46.44366,-23.840785],[-46.443802,-23.840892],[-46.443842,-23.840938],[-46.443865,-23.841],[-46.443859,-23.841105],[-46.443833,-23.841141],[-46.443787,-23.841174],[-46.443699,-23.841216],[-46.443595,-23.841233],[-46.443425,-23.841233],[-46.443295,-23.841241],[-46.443158,-23.841282],[-46.443004,-23.84139],[-46.442935,-23.841432],[-46.442874,-23.84149],[-46.442719,-23.841659],[-46.442657,-23.841705],[-46.442601,-23.841704],[-46.442509,-23.841653],[-46.442435,-23.841564],[-46.442359,-23.841422],[-46.442104,-23.840983],[-46.442032,-23.840899],[-46.441977,-23.840852],[-46.441872,-23.840771],[-46.441739,-23.840671],[-46.441637,-23.840613],[-46.44094,-23.840256],[-46.440352,-23.840011],[-46.440035,-23.839816],[-46.439846,-23.839716],[-46.439669,-23.839649],[-46.439543,-23.839609],[-46.43941,-23.839582],[-46.43935,-23.83958],[-46.439298,-23.839591],[-46.43924,-23.839618],[-46.439155,-23.839657],[-46.439098,-23.839711],[-46.439025,-23.83981],[-46.439012,-23.839832],[-46.438978,-23.839995],[-46.438954,-23.840162],[-46.438957,-23.840495],[-46.438936,-23.840689],[-46.43884,-23.840996],[-46.438795,-23.841396],[-46.438587,-23.841662],[-46.438419,-23.841837],[-46.438233,-23.842023],[-46.437965,-23.842247],[-46.437913,-23.842361],[-46.437898,-23.842583],[-46.438006,-23.842733],[-46.438207,-23.842894],[-46.439017,-23.843335],[-46.439166,-23.84348],[-46.43943,-23.843918],[-46.439593,-23.844106],[-46.439769,-23.844392],[-46.440132,-23.845236],[-46.440268,-23.845584],[-46.44037,-23.845775],[-46.44073,-23.846385],[-46.440897,-23.846784],[-46.440981,-23.84708],[-46.441107,-23.847307],[-46.441199,-23.847432],[-46.441285,-23.847521],[-46.441519,-23.847726],[-46.441643,-23.84784],[-46.442122,-23.848149],[-46.442291,-23.848313],[-46.442454,-23.848571],[-46.442568,-23.848808],[-46.442645,-23.849069],[-46.442668,-23.84922],[-46.442702,-23.849354],[-46.442759,-23.849499],[-46.44286,-23.84963],[-46.443216,-23.849915],[-46.443548,-23.850173],[-46.443685,-23.850248],[-46.443875,-23.850308],[-46.443987,-23.850298],[-46.444094,-23.850272],[-46.444274,-23.850237],[-46.444407,-23.850244],[-46.444553,-23.850287],[-46.444649,-23.850338],[-46.444788,-23.8504],[-46.444916,-23.850417],[-46.445289,-23.850413],[-46.445362,-23.850428],[-46.445435,-23.850468],[-46.445614,-23.850582],[-46.445756,-23.850619],[-46.446252,-23.850689],[-46.446982,-23.850841],[-46.447358,-23.850963],[-46.447679,-23.851097],[-46.447814,-23.851171],[-46.447966,-23.851295],[-46.448158,-23.851468],[-46.448394,-23.851596],[-46.448501,-23.851637],[-46.448623,-23.851652],[-46.448979,-23.851652],[-46.4494,-23.851595],[-46.44962,-23.851537],[-46.450136,-23.851457],[-46.450706,-23.851339],[-46.450814,-23.85133],[-46.450953,-23.851346],[-46.451142,-23.851386],[-46.451351,-23.851443],[-46.451538,-23.851531],[-46.451751,-23.851632],[-46.451843,-23.851695],[-46.451908,-23.851778],[-46.451933,-23.851861],[-46.451944,-23.851934],[-46.451952,-23.852106],[-46.451984,-23.852307],[-46.452037,-23.852465],[-46.452144,-23.85259],[-46.452368,-23.852788],[-46.452557,-23.852932],[-46.452888,-23.853133],[-46.453283,-23.853241],[-46.453653,-23.85333],[-46.453911,-23.853411],[-46.454037,-23.853476],[-46.454175,-23.853566],[-46.454302,-23.853661],[-46.45439,-23.853744],[-46.454552,-23.853909],[-46.454717,-23.854113],[-46.45489,-23.854348],[-46.454952,-23.854451],[-46.455018,-23.854557],[-46.455055,-23.854658],[-46.455134,-23.854883],[-46.455239,-23.855213],[-46.4553,-23.855351],[-46.455341,-23.855447],[-46.455463,-23.8556],[-46.455637,-23.855767],[-46.45581,-23.856061],[-46.455887,-23.85624],[-46.455921,-23.856358],[-46.455936,-23.856434],[-46.455944,-23.856477],[-46.455962,-23.856695],[-46.456004,-23.856937],[-46.456105,-23.857189],[-46.456377,-23.857499],[-46.456638,-23.857723],[-46.457008,-23.857944],[-46.457135,-23.858029],[-46.45719,-23.8581],[-46.457202,-23.8582],[-46.457179,-23.858312],[-46.457066,-23.858696],[-46.457067,-23.858825],[-46.457103,-23.858943],[-46.457411,-23.859562],[-46.457523,-23.859961],[-46.457612,-23.860146],[-46.457652,-23.860218],[-46.45772,-23.860274],[-46.457751,-23.860304],[-46.457803,-23.860329],[-46.457877,-23.860346],[-46.457977,-23.860357],[-46.45829,-23.860379],[-46.458415,-23.860379],[-46.45848,-23.860389],[-46.458535,-23.860415],[-46.458585,-23.860448],[-46.458617,-23.86052],[-46.458642,-23.860641],[-46.458728,-23.860907],[-46.458821,-23.86105],[-46.458899,-23.861173],[-46.458925,-23.861286],[-46.458941,-23.861486],[-46.45892,-23.862012],[-46.4589,-23.862151],[-46.458924,-23.862324],[-46.458955,-23.862459],[-46.458992,-23.862505],[-46.459039,-23.862549],[-46.459134,-23.862638],[-46.459268,-23.862759],[-46.459599,-23.863044],[-46.459672,-23.863119],[-46.4597,-23.863177],[-46.459704,-23.863243],[-46.45972,-23.863338],[-46.459713,-23.863693],[-46.459713,-23.86407],[-46.459733,-23.864632],[-46.459708,-23.864699],[-46.459657,-23.864755],[-46.459608,-23.8648],[-46.459531,-23.864822],[-46.459098,-23.864964],[-46.458926,-23.865006],[-46.458792,-23.865058],[-46.45865,-23.86513],[-46.458589,-23.865155],[-46.45853,-23.865203],[-46.458461,-23.865292],[-46.458408,-23.865376],[-46.458368,-23.865483],[-46.458343,-23.865676],[-46.458367,-23.865859],[-46.458435,-23.865959],[-46.458445,-23.865981],[-46.458469,-23.866014],[-46.458485,-23.866031],[-46.458534,-23.866078],[-46.458568,-23.866106],[-46.458621,-23.866136],[-46.458722,-23.866184],[-46.458799,-23.866212],[-46.458832,-23.866225],[-46.458934,-23.866249],[-46.459071,-23.866265],[-46.459471,-23.866241],[-46.459656,-23.86621],[-46.459728,-23.866183],[-46.459821,-23.866134],[-46.459898,-23.866088],[-46.459952,-23.866032],[-46.460126,-23.865779],[-46.46028,-23.865529],[-46.460347,-23.86545],[-46.460392,-23.865399],[-46.460489,-23.865325],[-46.46059,-23.865276],[-46.460908,-23.865134],[-46.46119,-23.865007],[-46.461543,-23.864865],[-46.461657,-23.864798],[-46.461739,-23.864736],[-46.461932,-23.864524],[-46.462256,-23.864196],[-46.462538,-23.863905],[-46.462718,-23.863736],[-46.462847,-23.863639],[-46.463156,-23.863324],[-46.46352,-23.86302],[-46.463858,-23.862791],[-46.464221,-23.862488],[-46.464476,-23.862148],[-46.464825,-23.861756],[-46.46512,-23.861328],[-46.465402,-23.860962],[-46.465464,-23.860907],[-46.465511,-23.860884],[-46.465568,-23.860874],[-46.465644,-23.860888],[-46.465714,-23.860919],[-46.465828,-23.861013],[-46.465934,-23.861183],[-46.466128,-23.861519],[-46.466363,-23.861904],[-46.466477,-23.862063],[-46.466557,-23.862155],[-46.466737,-23.862489],[-46.466834,-23.862656],[-46.466891,-23.862802],[-46.467087,-23.863351],[-46.467121,-23.863441],[-46.467147,-23.863543],[-46.467195,-23.863801],[-46.46725,-23.863968],[-46.467276,-23.864068],[-46.467309,-23.864124],[-46.467351,-23.86418],[-46.46741,-23.864241],[-46.467505,-23.864352],[-46.467585,-23.864404],[-46.467711,-23.864452],[-46.467895,-23.864516],[-46.468025,-23.864586],[-46.468086,-23.864653],[-46.468122,-23.864718],[-46.468165,-23.864873],[-46.468169,-23.864959],[-46.468155,-23.865038],[-46.468087,-23.865173],[-46.467999,-23.865264],[-46.467885,-23.865326],[-46.467771,-23.865351],[-46.467629,-23.865347],[-46.467511,-23.865328],[-46.467408,-23.865305],[-46.467026,-23.865159],[-46.466903,-23.865132],[-46.466793,-23.865129],[-46.466676,-23.865142],[-46.466591,-23.865175],[-46.466534,-23.865234],[-46.466486,-23.865315],[-46.46645,-23.865409],[-46.466417,-23.86549],[-46.466403,-23.865581],[-46.466404,-23.865704],[-46.466418,-23.865839],[-46.466451,-23.865952],[-46.466485,-23.866069],[-46.46655,-23.866201],[-46.466697,-23.866484],[-46.466844,-23.866725],[-46.466965,-23.866952],[-46.467062,-23.86716],[-46.467126,-23.867316],[-46.467154,-23.867453],[-46.467236,-23.867807],[-46.467261,-23.867967],[-46.467269,-23.86812],[-46.467242,-23.868674],[-46.46729,-23.869274],[-46.467314,-23.869405],[-46.467352,-23.869543],[-46.467473,-23.869862],[-46.4676,-23.870263],[-46.467643,-23.870459],[-46.467717,-23.870689],[-46.467825,-23.870896],[-46.46788,-23.87098],[-46.467938,-23.871035],[-46.468019,-23.871097],[-46.468113,-23.871131],[-46.468563,-23.871226],[-46.468626,-23.871251],[-46.468682,-23.871289],[-46.468737,-23.871343],[-46.468782,-23.871399],[-46.468837,-23.871491],[-46.468921,-23.871686],[-46.469075,-23.872097],[-46.469149,-23.872466],[-46.469233,-23.872696],[-46.469376,-23.872928],[-46.46955,-23.873131],[-46.469707,-23.873263],[-46.469893,-23.873365],[-46.469947,-23.873389],[-46.470058,-23.873399],[-46.47022,-23.8734],[-46.470275,-23.873397],[-46.470354,-23.873377],[-46.47054,-23.873324],[-46.470708,-23.873308],[-46.470855,-23.873304],[-46.470983,-23.873345],[-46.471037,-23.87337],[-46.471079,-23.873409],[-46.471148,-23.873484],[-46.471244,-23.873618],[-46.47152,-23.874003],[-46.471613,-23.874108],[-46.471719,-23.874206],[-46.471764,-23.874243],[-46.47189,-23.8743],[-46.47196,-23.874325],[-46.47202,-23.874357],[-46.472108,-23.874382],[-46.472477,-23.874444],[-46.47262,-23.874481],[-46.472765,-23.874542],[-46.47283,-23.874578],[-46.472901,-23.874656],[-46.472949,-23.874728],[-46.472969,-23.874771],[-46.472985,-23.87484],[-46.473086,-23.875166],[-46.473308,-23.875775],[-46.473354,-23.875876],[-46.473419,-23.875974],[-46.473476,-23.876018],[-46.473586,-23.876111],[-46.473694,-23.876172],[-46.473752,-23.876225],[-46.473802,-23.876242],[-46.474159,-23.876405],[-46.474226,-23.876454],[-46.474291,-23.876521],[-46.474344,-23.876599],[-46.474353,-23.876666],[-46.474362,-23.876789],[-46.474343,-23.877004],[-46.474384,-23.877477],[-46.474391,-23.877596],[-46.474431,-23.877779],[-46.4746,-23.878153],[-46.474675,-23.878282],[-46.474749,-23.878366],[-46.474854,-23.878508],[-46.475082,-23.878686],[-46.475255,-23.878811],[-46.475428,-23.878906],[-46.475708,-23.879041],[-46.475886,-23.879121],[-46.476092,-23.879181],[-46.476614,-23.879303],[-46.47701,-23.879376],[-46.47709,-23.879373],[-46.477202,-23.879363],[-46.477313,-23.879334],[-46.477401,-23.879302],[-46.47781,-23.879142],[-46.477923,-23.87912],[-46.477975,-23.879128],[-46.478028,-23.879153],[-46.478068,-23.879186],[-46.478084,-23.87922],[-46.478097,-23.879315],[-46.478144,-23.879624],[-46.478178,-23.879754],[-46.478346,-23.879972],[-46.478526,-23.88021],[-46.478668,-23.880397],[-46.478849,-23.880772],[-46.479126,-23.881194],[-46.479195,-23.88128],[-46.479275,-23.881355],[-46.479888,-23.881832],[-46.480014,-23.881961],[-46.480108,-23.882076],[-46.480169,-23.882148],[-46.480621,-23.882913],[-46.480927,-23.883498],[-46.481302,-23.884195],[-46.481648,-23.884718],[-46.482035,-23.885189],[-46.48242,-23.885549],[-46.482613,-23.885704],[-46.482872,-23.885845],[-46.483025,-23.885888],[-46.483284,-23.88593],[-46.483773,-23.88595],[-46.483863,-23.885942],[-46.48397,-23.885914],[-46.484099,-23.885876],[-46.48418,-23.885834],[-46.484323,-23.885749],[-46.484444,-23.885675],[-46.484501,-23.885599],[-46.484539,-23.885537],[-46.484584,-23.885477],[-46.484616,-23.885392],[-46.484634,-23.885356],[-46.48464,-23.885277],[-46.484622,-23.885178],[-46.484582,-23.885075],[-46.484529,-23.885002],[-46.484463,-23.884921],[-46.484377,-23.884832],[-46.484278,-23.884742],[-46.484071,-23.884622],[-46.483896,-23.88453],[-46.483789,-23.884489],[-46.483681,-23.884423],[-46.483598,-23.884365],[-46.483564,-23.884314],[-46.483536,-23.884139],[-46.483542,-23.884079],[-46.483561,-23.88403],[-46.483607,-23.88399],[-46.483633,-23.883968],[-46.483678,-23.883936],[-46.483736,-23.883911],[-46.483883,-23.883855],[-46.484062,-23.88382],[-46.484374,-23.883767],[-46.484807,-23.883625],[-46.485251,-23.883454],[-46.485379,-23.88343],[-46.485551,-23.883434],[-46.48566,-23.883455],[-46.48582,-23.883504],[-46.486106,-23.88367],[-46.486634,-23.883983],[-46.486819,-23.884067],[-46.487102,-23.884187],[-46.487283,-23.884276],[-46.487386,-23.884327],[-46.487508,-23.884411],[-46.487693,-23.884558],[-46.487876,-23.884702],[-46.488084,-23.884926],[-46.488266,-23.885168],[-46.488343,-23.885265],[-46.488446,-23.885422],[-46.488571,-23.885641],[-46.488806,-23.886076],[-46.489182,-23.886749],[-46.489447,-23.887296],[-46.489809,-23.887795],[-46.490194,-23.88823],[-46.490703,-23.888662],[-46.491116,-23.889019],[-46.491581,-23.889405],[-46.491778,-23.889635],[-46.491966,-23.889738],[-46.492272,-23.889991],[-46.492618,-23.890392],[-46.49277,-23.890773],[-46.492925,-23.89157],[-46.492963,-23.891679],[-46.492978,-23.891818],[-46.493004,-23.891919],[-46.492961,-23.892548],[-46.492863,-23.893159],[-46.492868,-23.89366],[-46.492873,-23.894122],[-46.49288,-23.89471],[-46.492927,-23.89526],[-46.492985,-23.895598],[-46.493126,-23.89596],[-46.493259,-23.896207],[-46.49343,-23.896429],[-46.493818,-23.896869],[-46.49412,-23.897288],[-46.494602,-23.89781],[-46.495179,-23.898267],[-46.495645,-23.898625],[-46.495945,-23.898904],[-46.496087,-23.899059],[-46.496155,-23.899135],[-46.496208,-23.899227],[-46.49623,-23.899289],[-46.496237,-23.899368]]]}},{"type":"Feature","properties":{"ibge_id":3518701,"municipality_name":"Guarujá"},"geometry":{"type":"Polygon","coordinates":[[[-46.325436,-24.009299],[-46.325411,-24.009389],[-46.325303,-24.009434],[-46.325184,-24.009482],[-46.325067,-24.009383],[-46.325019,-24.009263],[-46.32495,-24.00921],[-46.324914,-24.009204],[-46.32486,-24.009195],[-46.324786,-24.009121],[-46.324715,-24.009201],[-46.324705,-24.009253],[-46.324742,-24.009317],[-46.324795,-24.009374],[-46.324809,-24.009447],[-46.324708,-24.009488],[-46.324627,-24.009424],[-46.324582,-24.009377],[-46.324524,-24.00938],[-46.324509,-24.00938],[-46.324417,-24.009397],[-46.324404,-24.009397],[-46.324313,-24.009352],[-46.324259,-24.009341],[-46.324197,-24.009396],[-46.324158,-24.009389],[-46.324189,-24.009277],[-46.32414,-24.009234],[-46.324099,-24.009205],[-46.324022,-24.009152],[-46.323954,-24.009055],[-46.323857,-24.008978],[-46.323829,-24.008907],[-46.323758,-24.00889],[-46.323729,-24.008827],[-46.323689,-24.008781],[-46.32369,-24.008704],[-46.323659,-24.008674],[-46.323579,-24.008627],[-46.3235,-24.008525],[-46.323492,-24.008474],[-46.323512,-24.008424],[-46.323582,-24.008401],[-46.323676,-24.008527],[-46.323784,-24.008542],[-46.323893,-24.008546],[-46.323965,-24.008537],[-46.324005,-24.008467],[-46.32402,-24.008403],[-46.323948,-24.008369],[-46.323958,-24.008305],[-46.324049,-24.008342],[-46.324151,-24.00826],[-46.324208,-24.008186],[-46.324197,-24.008117],[-46.32421,-24.008067],[-46.324279,-24.00804],[-46.324371,-24.008037],[-46.324449,-24.008072],[-46.324519,-24.008127],[-46.324568,-24.00808],[-46.324613,-24.008028],[-46.324774,-24.007989],[-46.324925,-24.00803],[-46.325064,-24.008156],[-46.325073,-24.008271],[-46.32517,-24.008366],[-46.32528,-24.008465],[-46.32529,-24.008474],[-46.325317,-24.008578],[-46.325319,-24.008727],[-46.325319,-24.008733],[-46.325346,-24.008875],[-46.325349,-24.008889],[-46.32534,-24.008985],[-46.325264,-24.00899],[-46.32528,-24.009059],[-46.325384,-24.009125],[-46.3254,-24.009218],[-46.325436,-24.009299]]]}},{"type":"Feature","properties":{"ibge_id":3518701,"municipality_name":"Guarujá"},"geometry":{"type":"Polygon","coordinates":[[[-46.32474,-24.021262],[-46.324668,-24.021565],[-46.324664,-24.021571],[-46.32438,-24.021747],[-46.324315,-24.021913],[-46.324333,-24.022049],[-46.324363,-24.022253],[-46.324251,-24.022458],[-46.32408,-24.022609],[-46.32383,-24.022799],[-46.32352,-24.022949],[-46.323511,-24.022949],[-46.323303,-24.022976],[-46.323128,-24.022945],[-46.323115,-24.022945],[-46.322887,-24.022837],[-46.322664,-24.022807],[-46.322335,-24.022804],[-46.322322,-24.022804],[-46.322005,-24.022801],[-46.321726,-24.022821],[-46.321573,-24.022758],[-46.321424,-24.022678],[-46.321239,-24.022892],[-46.320929,-24.023083],[-46.320763,-24.023275],[-46.320763,-24.02328],[-46.320572,-24.023608],[-46.320493,-24.02385],[-46.320385,-24.024051],[-46.320273,-24.024192],[-46.320132,-24.024305],[-46.319978,-24.024335],[-46.31978,-24.024386],[-46.31977,-24.024391],[-46.319624,-24.024508],[-46.319455,-24.024586],[-46.319257,-24.024598],[-46.318964,-24.024485],[-46.318955,-24.024481],[-46.318729,-24.024391],[-46.318705,-24.024391],[-46.318686,-24.024386],[-46.318426,-24.02434],[-46.318417,-24.02434],[-46.318157,-24.024285],[-46.318028,-24.024192],[-46.317718,-24.024],[-46.317647,-24.023841],[-46.317648,-24.023687],[-46.317639,-24.023674],[-46.317525,-24.023519],[-46.317501,-24.023492],[-46.317367,-24.023333],[-46.317311,-24.023156],[-46.317294,-24.022976],[-46.317171,-24.022697],[-46.317167,-24.022684],[-46.317077,-24.022437],[-46.317055,-24.022166],[-46.316913,-24.021884],[-46.316733,-24.021596],[-46.31671,-24.021442],[-46.316605,-24.021371],[-46.316576,-24.021357],[-46.316413,-24.021294],[-46.316284,-24.021197],[-46.315715,-24.020761],[-46.315472,-24.020451],[-46.315267,-24.02026],[-46.314989,-24.020156],[-46.314612,-24.020184],[-46.314154,-24.020295],[-46.313767,-24.020437],[-46.313375,-24.020618],[-46.313002,-24.020809],[-46.312912,-24.02102],[-46.312674,-24.02122],[-46.312664,-24.021233],[-46.312354,-24.021438],[-46.312184,-24.02159],[-46.31224,-24.021789],[-46.312204,-24.022026],[-46.312061,-24.022315],[-46.311996,-24.02257],[-46.312067,-24.022768],[-46.312156,-24.022967],[-46.312208,-24.023065],[-46.312172,-24.023267],[-46.31222,-24.023364],[-46.312238,-24.023479],[-46.312193,-24.023615],[-46.312193,-24.023624],[-46.31222,-24.023791],[-46.312306,-24.023906],[-46.312356,-24.024188],[-46.312397,-24.024479],[-46.312385,-24.024703],[-46.312373,-24.024888],[-46.312371,-24.025121],[-46.312455,-24.025381],[-46.312455,-24.02539],[-46.312539,-24.025668],[-46.312577,-24.025775],[-46.312566,-24.025925],[-46.312579,-24.026066],[-46.312605,-24.026317],[-46.312626,-24.026625],[-46.312634,-24.026783],[-46.312639,-24.026788],[-46.312661,-24.02703],[-46.312661,-24.027043],[-46.312577,-24.027284],[-46.312576,-24.027298],[-46.312283,-24.027718],[-46.312044,-24.028081],[-46.311886,-24.028392],[-46.311851,-24.02856],[-46.31173,-24.028647],[-46.311561,-24.028677],[-46.311397,-24.028675],[-46.31118,-24.028665],[-46.31107,-24.028585],[-46.31107,-24.028576],[-46.31098,-24.028426],[-46.310966,-24.028417],[-46.310897,-24.028364],[-46.310837,-24.028319],[-46.310818,-24.028301],[-46.310722,-24.028195],[-46.310708,-24.028181],[-46.310656,-24.028044],[-46.310525,-24.027854],[-46.310363,-24.027633],[-46.310317,-24.027474],[-46.310302,-24.027456],[-46.31027,-24.027364],[-46.31026,-24.027346],[-46.310048,-24.026891],[-46.309734,-24.026453],[-46.309311,-24.0259],[-46.308819,-24.025426],[-46.308432,-24.025106],[-46.307805,-24.024621],[-46.307687,-24.024444],[-46.307645,-24.02425],[-46.307597,-24.02415],[-46.307478,-24.024012],[-46.307263,-24.0238],[-46.307253,-24.023786],[-46.307053,-24.023534],[-46.306896,-24.023334],[-46.306773,-24.023118],[-46.306693,-24.022972],[-46.306469,-24.022684],[-46.306269,-24.02248],[-46.306179,-24.022255],[-46.306189,-24.022121],[-46.306205,-24.021963],[-46.306259,-24.021832],[-46.306323,-24.021735],[-46.306329,-24.021652],[-46.306143,-24.021408],[-46.305948,-24.021169],[-46.305752,-24.020983],[-46.305481,-24.020566],[-46.305214,-24.020291],[-46.305062,-24.020083],[-46.304834,-24.019746],[-46.304562,-24.019485],[-46.304212,-24.019301],[-46.303651,-24.019072],[-46.303161,-24.018927],[-46.302782,-24.018788],[-46.302441,-24.018666],[-46.302187,-24.018541],[-46.302131,-24.018421],[-46.301804,-24.018282],[-46.30156,-24.018117],[-46.30147,-24.017963],[-46.301404,-24.017835],[-46.301201,-24.017716],[-46.301073,-24.017578],[-46.300901,-24.017392],[-46.30085,-24.017181],[-46.300698,-24.016977],[-46.300512,-24.016795],[-46.300302,-24.016609],[-46.300087,-24.016448],[-46.299995,-24.016417],[-46.299861,-24.016363],[-46.299703,-24.016274],[-46.299651,-24.016163],[-46.299498,-24.0161],[-46.299296,-24.016028],[-46.299118,-24.015996],[-46.298853,-24.015976],[-46.298545,-24.015982],[-46.298444,-24.01599],[-46.298382,-24.015918],[-46.298237,-24.015869],[-46.297987,-24.015884],[-46.297977,-24.015884],[-46.297818,-24.015914],[-46.297563,-24.015916],[-46.297298,-24.015909],[-46.297274,-24.015905],[-46.296995,-24.015841],[-46.296985,-24.015841],[-46.296774,-24.015826],[-46.296585,-24.015895],[-46.296444,-24.015995],[-46.296293,-24.016143],[-46.296173,-24.016177],[-46.296043,-24.016154],[-46.295816,-24.016165],[-46.295716,-24.016107],[-46.295692,-24.016094],[-46.295466,-24.016052],[-46.295447,-24.016052],[-46.295167,-24.016032],[-46.294965,-24.015987],[-46.294174,-24.016523],[-46.293485,-24.017046],[-46.29288,-24.017512],[-46.292458,-24.017831],[-46.29203,-24.018191],[-46.291657,-24.018556],[-46.291346,-24.018916],[-46.291174,-24.019133],[-46.290928,-24.019508],[-46.290824,-24.019705],[-46.290891,-24.019748],[-46.290961,-24.019812],[-46.290957,-24.019893],[-46.290992,-24.019951],[-46.291078,-24.020015],[-46.291127,-24.020084],[-46.291178,-24.020238],[-46.291159,-24.020352],[-46.291131,-24.020485],[-46.291136,-24.020604],[-46.291164,-24.020676],[-46.291263,-24.020827],[-46.291363,-24.02098],[-46.291525,-24.021103],[-46.291714,-24.021219],[-46.291856,-24.021307],[-46.29198,-24.02141],[-46.292013,-24.021553],[-46.29207,-24.021647],[-46.292141,-24.021669],[-46.292233,-24.021698],[-46.292296,-24.021785],[-46.292357,-24.021848],[-46.292428,-24.021886],[-46.292482,-24.021908],[-46.292538,-24.02203],[-46.292558,-24.022129],[-46.292577,-24.022253],[-46.292552,-24.022377],[-46.292521,-24.022442],[-46.292435,-24.022509],[-46.2924,-24.022611],[-46.292389,-24.022717],[-46.292388,-24.022822],[-46.292388,-24.022825],[-46.292357,-24.022903],[-46.292285,-24.022958],[-46.292188,-24.023075],[-46.292123,-24.023146],[-46.292007,-24.02317],[-46.291884,-24.023246],[-46.291802,-24.023345],[-46.291651,-24.023505],[-46.291507,-24.023606],[-46.291308,-24.023743],[-46.29113,-24.023844],[-46.291011,-24.023902],[-46.290952,-24.023988],[-46.290836,-24.024068],[-46.290727,-24.024111],[-46.290713,-24.024111],[-46.290557,-24.024094],[-46.29055,-24.024088],[-46.290445,-24.024052],[-46.290293,-24.024045],[-46.290102,-24.024112],[-46.289944,-24.02425],[-46.289872,-24.024352],[-46.289867,-24.024454],[-46.289842,-24.024581],[-46.289804,-24.024673],[-46.289803,-24.02481],[-46.289803,-24.024816],[-46.289797,-24.024993],[-46.289797,-24.025002],[-46.289793,-24.025126],[-46.289764,-24.02525],[-46.289715,-24.025393],[-46.289612,-24.025531],[-46.289492,-24.025623],[-46.289482,-24.025626],[-46.289312,-24.025662],[-46.289121,-24.025661],[-46.288698,-24.025589],[-46.288545,-24.025544],[-46.288397,-24.025481],[-46.288339,-24.025421],[-46.288187,-24.025395],[-46.288024,-24.025326],[-46.288018,-24.025323],[-46.287845,-24.025247],[-46.287838,-24.02524],[-46.287818,-24.025228],[-46.287598,-24.025117],[-46.287403,-24.025004],[-46.28713,-24.024754],[-46.286948,-24.024631],[-46.286826,-24.02459],[-46.286704,-24.024545],[-46.286565,-24.024448],[-46.286434,-24.024363],[-46.286329,-24.024285],[-46.286204,-24.024215],[-46.286137,-24.024196],[-46.285675,-24.024447],[-46.285194,-24.02489],[-46.284838,-24.025252],[-46.284559,-24.025628],[-46.284349,-24.0259],[-46.284194,-24.026162],[-46.284079,-24.026475],[-46.284515,-24.026798],[-46.284871,-24.027061],[-46.28515,-24.027323],[-46.285435,-24.027668],[-46.28554,-24.02788],[-46.285642,-24.028051],[-46.285727,-24.028172],[-46.285751,-24.028329],[-46.285807,-24.028549],[-46.285763,-24.028738],[-46.28553,-24.02888],[-46.285297,-24.028984],[-46.284998,-24.029011],[-46.284706,-24.029138],[-46.284514,-24.029325],[-46.284639,-24.029539],[-46.284579,-24.029773],[-46.284493,-24.03009],[-46.284416,-24.030332],[-46.284396,-24.03068],[-46.284451,-24.030983],[-46.284532,-24.031189],[-46.284662,-24.031378],[-46.284726,-24.031666],[-46.28469,-24.031961],[-46.284688,-24.032181],[-46.284719,-24.032385],[-46.284825,-24.032537],[-46.284915,-24.032667],[-46.285079,-24.032842],[-46.285235,-24.03298],[-46.285475,-24.033043],[-46.28573,-24.033189],[-46.285995,-24.033259],[-46.286384,-24.033368],[-46.28668,-24.033613],[-46.286688,-24.033621],[-46.286935,-24.03382],[-46.28714,-24.034041],[-46.287446,-24.034119],[-46.287583,-24.034226],[-46.287872,-24.034335],[-46.28802,-24.034424],[-46.288101,-24.034652],[-46.288165,-24.03491],[-46.288171,-24.035122],[-46.288128,-24.035311],[-46.288026,-24.035507],[-46.287883,-24.035657],[-46.287724,-24.0358],[-46.287598,-24.035958],[-46.287581,-24.036048],[-46.287746,-24.036141],[-46.287994,-24.036211],[-46.288209,-24.036273],[-46.288417,-24.036275],[-46.288657,-24.036315],[-46.288888,-24.036416],[-46.289086,-24.036493],[-46.289151,-24.03669],[-46.289206,-24.036926],[-46.289237,-24.037153],[-46.289136,-24.037349],[-46.288919,-24.037514],[-46.288677,-24.037588],[-46.28851,-24.03773],[-46.288327,-24.037804],[-46.287824,-24.037909],[-46.287276,-24.038048],[-46.287034,-24.038114],[-46.286909,-24.038158],[-46.286842,-24.038256],[-46.286866,-24.038378],[-46.286922,-24.038514],[-46.286971,-24.038598],[-46.287137,-24.038577],[-46.287395,-24.038571],[-46.287777,-24.038506],[-46.28825,-24.03851],[-46.288697,-24.03859],[-46.289085,-24.038767],[-46.289364,-24.039027],[-46.289585,-24.03937],[-46.289585,-24.039377],[-46.289723,-24.039659],[-46.289821,-24.039811],[-46.289844,-24.040016],[-46.2898,-24.040303],[-46.289814,-24.040583],[-46.289713,-24.040704],[-46.289388,-24.040799],[-46.289047,-24.040902],[-46.289022,-24.04091],[-46.288747,-24.041029],[-46.288588,-24.041126],[-46.288438,-24.041247],[-46.288295,-24.04142],[-46.288186,-24.041585],[-46.288018,-24.04175],[-46.287818,-24.041908],[-46.287801,-24.041923],[-46.287667,-24.042058],[-46.287615,-24.042239],[-46.28758,-24.042451],[-46.287594,-24.042671],[-46.287617,-24.042898],[-46.287665,-24.043042],[-46.287814,-24.043112],[-46.287996,-24.043189],[-46.288178,-24.043259],[-46.288259,-24.043418],[-46.288299,-24.043623],[-46.288381,-24.04373],[-46.288627,-24.043967],[-46.288725,-24.04418],[-46.288947,-24.044371],[-46.289144,-24.044509],[-46.289268,-24.044639],[-46.289299,-24.044836],[-46.289147,-24.045077],[-46.288922,-24.045151],[-46.288716,-24.045058],[-46.288643,-24.044906],[-46.288511,-24.044829],[-46.288353,-24.044798],[-46.288245,-24.044812],[-46.288112,-24.044917],[-46.287978,-24.044991],[-46.287754,-24.045058],[-46.287488,-24.045063],[-46.287315,-24.045016],[-46.287149,-24.044962],[-46.286976,-24.044885],[-46.286794,-24.044822],[-46.286761,-24.044799],[-46.286629,-24.044715],[-46.286373,-24.044577],[-46.286184,-24.044408],[-46.286003,-24.044271],[-46.285839,-24.044156],[-46.285707,-24.044079],[-46.285525,-24.043971],[-46.28541,-24.043925],[-46.285361,-24.043856],[-46.285096,-24.043794],[-46.284881,-24.043716],[-46.28479,-24.043693],[-46.284575,-24.043668],[-46.284367,-24.043735],[-46.284218,-24.043673],[-46.284061,-24.043596],[-46.283929,-24.043534],[-46.283681,-24.043464],[-46.283433,-24.043416],[-46.28326,-24.043309],[-46.283061,-24.043269],[-46.282904,-24.043192],[-46.282731,-24.043085],[-46.282616,-24.043031],[-46.282558,-24.042962],[-46.282551,-24.042856],[-46.282651,-24.042804],[-46.282718,-24.042767],[-46.282728,-24.042608],[-46.282688,-24.042471],[-46.28268,-24.042403],[-46.282739,-24.04235],[-46.28274,-24.042259],[-46.282608,-24.04219],[-46.282608,-24.042183],[-46.282467,-24.042106],[-46.282435,-24.041984],[-46.282412,-24.041848],[-46.282496,-24.041765],[-46.282612,-24.041713],[-46.282458,-24.041424],[-46.282308,-24.041498],[-46.282142,-24.041489],[-46.282085,-24.041406],[-46.282086,-24.041254],[-46.282104,-24.041156],[-46.282022,-24.041042],[-46.281916,-24.040874],[-46.281785,-24.040691],[-46.281744,-24.040585],[-46.28153,-24.040477],[-46.281498,-24.040356],[-46.281499,-24.040204],[-46.28165,-24.040077],[-46.281842,-24.03998],[-46.281852,-24.039753],[-46.281788,-24.039636],[-46.281698,-24.039499],[-46.281674,-24.039378],[-46.281717,-24.039219],[-46.281718,-24.039128],[-46.28162,-24.038953],[-46.28163,-24.038794],[-46.281772,-24.03869],[-46.281931,-24.038555],[-46.281958,-24.038381],[-46.281851,-24.038243],[-46.281843,-24.038236],[-46.281687,-24.03806],[-46.281572,-24.037938],[-46.281325,-24.037838],[-46.281085,-24.037745],[-46.28082,-24.037727],[-46.280605,-24.037703],[-46.280588,-24.037703],[-46.280372,-24.037701],[-46.280067,-24.037577],[-46.279786,-24.037492],[-46.279456,-24.037284],[-46.279151,-24.037115],[-46.278971,-24.036909],[-46.278839,-24.036779],[-46.27879,-24.036764],[-46.27836,-24.036563],[-46.278113,-24.036387],[-46.278,-24.036068],[-46.277945,-24.035802],[-46.277964,-24.035515],[-46.278037,-24.035317],[-46.277964,-24.035105],[-46.27785,-24.034892],[-46.277819,-24.034664],[-46.277888,-24.034445],[-46.277915,-24.034165],[-46.277918,-24.033938],[-46.277887,-24.033711],[-46.277814,-24.033521],[-46.277749,-24.033346],[-46.277735,-24.033096],[-46.277738,-24.032846],[-46.277756,-24.032649],[-46.277766,-24.03253],[-46.277802,-24.032281],[-46.277845,-24.032137],[-46.277796,-24.03197],[-46.277741,-24.031758],[-46.277701,-24.03153],[-46.277637,-24.031318],[-46.277637,-24.03131],[-46.27759,-24.031067],[-46.27765,-24.030894],[-46.277751,-24.030713],[-46.277769,-24.030539],[-46.277754,-24.030387],[-46.277739,-24.030266],[-46.277781,-24.030175],[-46.277972,-24.030169],[-46.278262,-24.030172],[-46.278404,-24.030105],[-46.278554,-24.029962],[-46.278647,-24.029819],[-46.27864,-24.029652],[-46.278617,-24.029478],[-46.278719,-24.029256],[-46.278788,-24.028999],[-46.278873,-24.028795],[-46.279007,-24.028667],[-46.279248,-24.028624],[-46.27948,-24.02858],[-46.279598,-24.028438],[-46.279766,-24.028182],[-46.27986,-24.02791],[-46.279971,-24.027577],[-46.280073,-24.027381],[-46.280182,-24.027261],[-46.280216,-24.027125],[-46.280252,-24.026853],[-46.280245,-24.026694],[-46.280256,-24.026512],[-46.2803,-24.026217],[-46.280311,-24.025967],[-46.280214,-24.025731],[-46.280075,-24.025537],[-46.27987,-24.025316],[-46.279623,-24.025117],[-46.279623,-24.025109],[-46.279435,-24.024865],[-46.279379,-24.024607],[-46.279382,-24.024312],[-46.279382,-24.024304],[-46.279385,-24.023986],[-46.279479,-24.023714],[-46.279642,-24.023335],[-46.279818,-24.023147],[-46.280035,-24.023005],[-46.279892,-24.022254],[-46.279213,-24.021309],[-46.278566,-24.020493],[-46.277953,-24.019898],[-46.277154,-24.019362],[-46.276725,-24.019176],[-46.276395,-24.019029],[-46.27629,-24.018786],[-46.276267,-24.018521],[-46.275792,-24.017913],[-46.275539,-24.017427],[-46.275521,-24.016813],[-46.274907,-24.016284],[-46.27446,-24.015903],[-46.273273,-24.015257],[-46.271681,-24.014365],[-46.270411,-24.013725],[-46.269321,-24.013247],[-46.268486,-24.01302],[-46.268114,-24.012941],[-46.267466,-24.013103],[-46.267014,-24.013485],[-46.266753,-24.013861],[-46.26651,-24.014094],[-46.266188,-24.014243],[-46.265905,-24.014382],[-46.265498,-24.014416],[-46.265259,-24.014346],[-46.265044,-24.014261],[-46.264805,-24.0141],[-46.264616,-24.013901],[-46.264318,-24.013876],[-46.263953,-24.013873],[-46.263712,-24.013947],[-46.263404,-24.014065],[-46.263154,-24.014169],[-46.262981,-24.014077],[-46.262901,-24.013842],[-46.262887,-24.013516],[-46.262957,-24.013168],[-46.263068,-24.012889],[-46.26322,-24.012587],[-46.263379,-24.012429],[-46.263572,-24.012264],[-46.263722,-24.012159],[-46.263897,-24.012063],[-46.264204,-24.012005],[-46.264445,-24.011999],[-46.26447,-24.011939],[-46.264447,-24.011766],[-46.264449,-24.0116],[-46.264509,-24.011388],[-46.26466,-24.01123],[-46.264744,-24.01111],[-46.264787,-24.010982],[-46.264872,-24.010778],[-46.26499,-24.010567],[-46.265091,-24.010401],[-46.265209,-24.010228],[-46.265277,-24.010062],[-46.265536,-24.009887],[-46.265753,-24.00974],[-46.26602,-24.009515],[-46.266312,-24.009374],[-46.266596,-24.0093],[-46.266845,-24.00931],[-46.267161,-24.009206],[-46.267444,-24.009072],[-46.267522,-24.008717],[-46.26752,-24.008126],[-46.267403,-24.007391],[-46.267168,-24.006866],[-46.266899,-24.006346],[-46.266302,-24.005538],[-46.265893,-24.004997],[-46.26556,-24.004543],[-46.265198,-24.004052],[-46.264247,-24.003235],[-46.263663,-24.002799],[-46.262807,-24.002125],[-46.259937,-24.000512],[-46.25927,-24.000136],[-46.258823,-23.99998],[-46.257716,-23.99966],[-46.257057,-23.999541],[-46.256649,-23.999663],[-46.256076,-23.999719],[-46.255655,-23.999609],[-46.255647,-23.999602],[-46.254884,-23.99877],[-46.253981,-23.997876],[-46.253225,-23.99718],[-46.252377,-23.996612],[-46.251353,-23.996256],[-46.251124,-23.996376],[-46.250873,-23.996636],[-46.250854,-23.996653],[-46.250614,-23.996764],[-46.250061,-23.996716],[-46.249652,-23.996494],[-46.249081,-23.996306],[-46.248464,-23.996031],[-46.248055,-23.995844],[-46.247791,-23.99558],[-46.247516,-23.995299],[-46.247423,-23.995123],[-46.24753,-23.994941],[-46.247541,-23.994749],[-46.247381,-23.99453],[-46.247231,-23.994293],[-46.247262,-23.994058],[-46.247398,-23.993858],[-46.24778,-23.99372],[-46.248182,-23.993718],[-46.24847,-23.993665],[-46.248585,-23.993615],[-46.248701,-23.993577],[-46.249179,-23.99347],[-46.249226,-23.993453],[-46.247682,-23.992279],[-46.246173,-23.991451],[-46.245555,-23.991222],[-46.245512,-23.99121],[-46.244806,-23.99101],[-46.244133,-23.990809],[-46.243445,-23.990624],[-46.242695,-23.990386],[-46.242103,-23.990188],[-46.242046,-23.990306],[-46.241536,-23.990163],[-46.240749,-23.989921],[-46.240137,-23.98974],[-46.239476,-23.989564],[-46.239515,-23.989422],[-46.239268,-23.989377],[-46.238683,-23.989213],[-46.238313,-23.989113],[-46.237736,-23.988952],[-46.237185,-23.988812],[-46.236635,-23.988663],[-46.236121,-23.988523],[-46.235229,-23.988275],[-46.235043,-23.988231],[-46.234613,-23.988122],[-46.234194,-23.988016],[-46.233798,-23.987905],[-46.233354,-23.987795],[-46.232869,-23.987667],[-46.232605,-23.9876],[-46.23229,-23.987525],[-46.231989,-23.987434],[-46.231646,-23.98735],[-46.230714,-23.987105],[-46.230452,-23.987029],[-46.230046,-23.986924],[-46.229566,-23.986826],[-46.229073,-23.986757],[-46.228883,-23.986744],[-46.228595,-23.986707],[-46.228138,-23.986642],[-46.227544,-23.986567],[-46.226582,-23.986438],[-46.226452,-23.986426],[-46.226314,-23.986398],[-46.225337,-23.98627],[-46.224229,-23.986126],[-46.223106,-23.985978],[-46.222724,-23.98593],[-46.222014,-23.985836],[-46.221619,-23.98578],[-46.221339,-23.985738],[-46.221055,-23.985676],[-46.220826,-23.985601],[-46.220698,-23.985526],[-46.22053,-23.985449],[-46.220214,-23.985307],[-46.219896,-23.985147],[-46.219571,-23.985064],[-46.219306,-23.98502],[-46.219012,-23.984998],[-46.218867,-23.984983],[-46.218672,-23.984979],[-46.218173,-23.98497],[-46.217206,-23.984938],[-46.216186,-23.984923],[-46.215166,-23.984933],[-46.213524,-23.984991],[-46.211919,-23.985116],[-46.210907,-23.98531],[-46.209959,-23.985487],[-46.208467,-23.985769],[-46.208183,-23.98591],[-46.208011,-23.98606],[-46.207708,-23.986288],[-46.207159,-23.986696],[-46.206785,-23.986971],[-46.20614,-23.987431],[-46.205149,-23.988167],[-46.2049,-23.988321],[-46.203876,-23.989168],[-46.203366,-23.989679],[-46.203006,-23.990059],[-46.202747,-23.990495],[-46.202568,-23.990877],[-46.202465,-23.991211],[-46.202371,-23.991506],[-46.202276,-23.991815],[-46.202173,-23.992187],[-46.202002,-23.992487],[-46.201931,-23.992633],[-46.201881,-23.993011],[-46.201883,-23.99341],[-46.201885,-23.993525],[-46.201902,-23.993579],[-46.201948,-23.993594],[-46.202,-23.993645],[-46.202043,-23.99374],[-46.202075,-23.993898],[-46.202048,-23.994084],[-46.201981,-23.994111],[-46.20192,-23.99415],[-46.20271,-23.994128],[-46.202924,-23.994216],[-46.2033,-23.994404],[-46.203807,-23.994666],[-46.204197,-23.994834],[-46.20451,-23.995003],[-46.204863,-23.995251],[-46.205176,-23.995535],[-46.205577,-23.995928],[-46.205863,-23.996223],[-46.206136,-23.996583],[-46.2063,-23.996901],[-46.206304,-23.996905],[-46.206316,-23.997035],[-46.20657,-23.997134],[-46.206783,-23.997316],[-46.206788,-23.99732],[-46.206843,-23.997473],[-46.206868,-23.997586],[-46.206961,-23.997716],[-46.207149,-23.997887],[-46.207388,-23.998086],[-46.20754,-23.998296],[-46.207639,-23.998433],[-46.207665,-23.998541],[-46.207694,-23.998706],[-46.207771,-23.99886],[-46.207775,-23.998976],[-46.207703,-23.999076],[-46.207592,-23.999239],[-46.207502,-23.999411],[-46.207421,-23.999555],[-46.207332,-23.999655],[-46.207195,-23.999714],[-46.207106,-23.999809],[-46.207026,-23.999901],[-46.206902,-24.00004],[-46.2068,-24.000164],[-46.206684,-24.000247],[-46.206411,-24.000309],[-46.206165,-24.000323],[-46.205976,-24.000349],[-46.205744,-24.000375],[-46.205575,-24.000506],[-46.205412,-24.000569],[-46.205403,-24.000569],[-46.205171,-24.000535],[-46.204846,-24.000468],[-46.204539,-24.000433],[-46.204284,-24.000451],[-46.203967,-24.000492],[-46.203958,-24.000492],[-46.203532,-24.000544],[-46.203224,-24.000582],[-46.202706,-24.000613],[-46.20249,-24.000607],[-46.202161,-24.000544],[-46.201793,-24.000441],[-46.201522,-24.000374],[-46.201504,-24.000362],[-46.201482,-24.000358],[-46.201078,-23.999937],[-46.201061,-23.999924],[-46.200696,-23.99952],[-46.200576,-23.99904],[-46.200474,-23.998702],[-46.200266,-23.998399],[-46.200023,-23.998136],[-46.199792,-23.997901],[-46.199779,-23.997885],[-46.199689,-23.997667],[-46.199692,-23.99737],[-46.199926,-23.997255],[-46.200266,-23.99713],[-46.200535,-23.997048],[-46.200637,-23.996961],[-46.200762,-23.996809],[-46.200856,-23.996593],[-46.200894,-23.996393],[-46.200869,-23.996192],[-46.200823,-23.996039],[-46.20065,-23.995844],[-46.200546,-23.995634],[-46.200491,-23.995461],[-46.200445,-23.995272],[-46.200363,-23.995111],[-46.200236,-23.995038],[-46.20003,-23.99504],[-46.199678,-23.995037],[-46.199406,-23.994982],[-46.19906,-23.994915],[-46.198819,-23.994856],[-46.198688,-23.994751],[-46.198531,-23.994693],[-46.198364,-23.99468],[-46.198329,-23.99468],[-46.198162,-23.994694],[-46.198148,-23.994702],[-46.197945,-23.994801],[-46.197757,-23.994776],[-46.197542,-23.994686],[-46.197368,-23.994596],[-46.197197,-23.994542],[-46.197184,-23.994538],[-46.196982,-23.994484],[-46.196772,-23.99443],[-46.196636,-23.994393],[-46.19636,-23.994274],[-46.196133,-23.994156],[-46.195936,-23.994058],[-46.195722,-23.993987],[-46.195709,-23.993987],[-46.195434,-23.993808],[-46.195425,-23.993792],[-46.195312,-23.993662],[-46.195305,-23.99351],[-46.195305,-23.993498],[-46.195302,-23.993349],[-46.195203,-23.993176],[-46.195068,-23.993094],[-46.194747,-23.992859],[-46.194573,-23.992761],[-46.194332,-23.99265],[-46.194074,-23.992499],[-46.193852,-23.992381],[-46.193834,-23.992373],[-46.193559,-23.99219],[-46.193546,-23.992181],[-46.193301,-23.992075],[-46.193078,-23.991993],[-46.192699,-23.991692],[-46.192482,-23.991413],[-46.192322,-23.991163],[-46.192194,-23.990881],[-46.192142,-23.990722],[-46.192126,-23.99061],[-46.191977,-23.990544],[-46.191797,-23.990523],[-46.191784,-23.990518],[-46.191658,-23.990381],[-46.191568,-23.990187],[-46.191559,-23.990175],[-46.19142,-23.990021],[-46.191285,-23.98994],[-46.191061,-23.989886],[-46.19075,-23.989859],[-46.190407,-23.989836],[-46.190385,-23.989835],[-46.190139,-23.989861],[-46.190126,-23.989865],[-46.189945,-23.989892],[-46.189642,-23.990018],[-46.189449,-23.990028],[-46.189418,-23.990028],[-46.189168,-23.990013],[-46.18915,-23.990009],[-46.18897,-23.989967],[-46.188821,-23.989946],[-46.188698,-23.989953],[-46.188548,-23.989976],[-46.188372,-23.98999],[-46.188206,-23.989945],[-46.188197,-23.98994],[-46.188053,-23.989903],[-46.187894,-23.989942],[-46.187774,-23.990049],[-46.18779,-23.990174],[-46.187759,-23.99025],[-46.187622,-23.990285],[-46.187609,-23.990292],[-46.187481,-23.990356],[-46.187418,-23.990487],[-46.187443,-23.990632],[-46.187443,-23.990644],[-46.187437,-23.990781],[-46.187356,-23.990973],[-46.18716,-23.99116],[-46.186983,-23.99127],[-46.186584,-23.99141],[-46.186289,-23.991504],[-46.186217,-23.991604],[-46.186216,-23.991728],[-46.186118,-23.991868],[-46.185919,-23.991974],[-46.18591,-23.991982],[-46.185584,-23.992064],[-46.185571,-23.992068],[-46.185289,-23.992137],[-46.185271,-23.992137],[-46.185038,-23.992167],[-46.184819,-23.992161],[-46.184801,-23.992161],[-46.184587,-23.992083],[-46.184573,-23.992083],[-46.184372,-23.992009],[-46.184128,-23.991898],[-46.183944,-23.991828],[-46.183818,-23.991755],[-46.183813,-23.991751],[-46.183669,-23.991689],[-46.183441,-23.991651],[-46.183213,-23.991613],[-46.182981,-23.991547],[-46.182976,-23.991542],[-46.182806,-23.991445],[-46.182614,-23.99129],[-46.182409,-23.99118],[-46.182243,-23.991086],[-46.182144,-23.990921],[-46.182139,-23.990909],[-46.182097,-23.99074],[-46.182073,-23.990571],[-46.18203,-23.990463],[-46.182035,-23.99037],[-46.182116,-23.990263],[-46.182099,-23.990166],[-46.182082,-23.99015],[-46.181973,-23.990053],[-46.181992,-23.989948],[-46.182032,-23.989872],[-46.182032,-23.989856],[-46.18195,-23.989715],[-46.181833,-23.989586],[-46.181742,-23.989436],[-46.181691,-23.989287],[-46.181715,-23.989139],[-46.181799,-23.989055],[-46.182112,-23.988942],[-46.182306,-23.988861],[-46.18275,-23.988869],[-46.183154,-23.988889],[-46.183496,-23.988892],[-46.183514,-23.988892],[-46.183827,-23.988771],[-46.18393,-23.988619],[-46.183986,-23.988327],[-46.183975,-23.988107],[-46.184117,-23.987954],[-46.184204,-23.987734],[-46.184267,-23.98757],[-46.18436,-23.98747],[-46.184634,-23.987384],[-46.185087,-23.987284],[-46.185292,-23.987282],[-46.1856,-23.987273],[-46.185864,-23.987279],[-46.186066,-23.987289],[-46.186274,-23.98709],[-46.186316,-23.98687],[-46.186325,-23.986854],[-46.186345,-23.986585],[-46.18626,-23.986383],[-46.186135,-23.986125],[-46.186058,-23.985976],[-46.186043,-23.985751],[-46.186106,-23.985599],[-46.186191,-23.985403],[-46.186346,-23.985312],[-46.186227,-23.984922],[-46.186047,-23.984519],[-46.185857,-23.984184],[-46.18564,-23.983949],[-46.185532,-23.983787],[-46.185251,-23.98376],[-46.185107,-23.983687],[-46.184928,-23.983597],[-46.184788,-23.983507],[-46.184775,-23.983495],[-46.184666,-23.983374],[-46.184479,-23.983251],[-46.184479,-23.983247],[-46.184339,-23.983134],[-46.184205,-23.982956],[-46.184251,-23.982792],[-46.184251,-23.982788],[-46.18438,-23.98264],[-46.184561,-23.982553],[-46.184737,-23.982551],[-46.185009,-23.98261],[-46.185421,-23.982678],[-46.185737,-23.982713],[-46.18603,-23.982792],[-46.186289,-23.982834],[-46.186416,-23.982843],[-46.186526,-23.982776],[-46.186619,-23.982632],[-46.186683,-23.98244],[-46.18676,-23.9822],[-46.186735,-23.982055],[-46.186698,-23.982009],[-46.186579,-23.981861],[-46.186379,-23.981675],[-46.186171,-23.981475],[-46.186076,-23.981322],[-46.185959,-23.98116],[-46.185959,-23.981156],[-46.185864,-23.981023],[-46.185791,-23.980837],[-46.185786,-23.980833],[-46.185692,-23.980628],[-46.185611,-23.980418],[-46.185586,-23.98023],[-46.185592,-23.980093],[-46.185589,-23.979965],[-46.185573,-23.979876],[-46.18549,-23.97981],[-46.185329,-23.979676],[-46.185334,-23.979559],[-46.185432,-23.979496],[-46.185551,-23.979481],[-46.185539,-23.97934],[-46.185365,-23.979166],[-46.185283,-23.979069],[-46.185173,-23.979048],[-46.185032,-23.979035],[-46.184871,-23.978949],[-46.184811,-23.978808],[-46.18487,-23.97864],[-46.18487,-23.978632],[-46.184959,-23.978472],[-46.185057,-23.97836],[-46.185075,-23.978337],[-46.185196,-23.978149],[-46.185324,-23.978022],[-46.185466,-23.978029],[-46.185632,-23.978078],[-46.185821,-23.978088],[-46.18609,-23.978046],[-46.186385,-23.978005],[-46.186586,-23.978015],[-46.186705,-23.97804],[-46.186925,-23.977994],[-46.18708,-23.977871],[-46.187205,-23.977651],[-46.187247,-23.977431],[-46.187255,-23.977178],[-46.187178,-23.976952],[-46.187127,-23.976755],[-46.187073,-23.976526],[-46.1869,-23.976251],[-46.186787,-23.976114],[-46.186568,-23.976051],[-46.186542,-23.976047],[-46.186301,-23.975949],[-46.186166,-23.975807],[-46.186137,-23.975666],[-46.18617,-23.975494],[-46.18611,-23.975317],[-46.185962,-23.975199],[-46.185949,-23.975187],[-46.185792,-23.975057],[-46.185767,-23.974964],[-46.185908,-23.974889],[-46.186071,-23.97485],[-46.186103,-23.974706],[-46.186104,-23.974607],[-46.186035,-23.974474],[-46.186041,-23.97433],[-46.186152,-23.97421],[-46.186255,-23.974007],[-46.186314,-23.973871],[-46.186447,-23.973719],[-46.186633,-23.973629],[-46.186603,-23.973488],[-46.186606,-23.973295],[-46.186734,-23.973212],[-46.186857,-23.973189],[-46.18695,-23.973141],[-46.187049,-23.972991],[-46.187022,-23.972792],[-46.186812,-23.972487],[-46.186472,-23.97225],[-46.186157,-23.972083],[-46.185775,-23.971865],[-46.185379,-23.971723],[-46.185056,-23.971661],[-46.184763,-23.971579],[-46.184632,-23.971426],[-46.184592,-23.971256],[-46.184579,-23.971066],[-46.184634,-23.970866],[-46.184729,-23.970603],[-46.184847,-23.970344],[-46.185035,-23.969885],[-46.185218,-23.969165],[-46.185258,-23.968417],[-46.185253,-23.967798],[-46.185242,-23.967589],[-46.185206,-23.967144],[-46.185064,-23.966314],[-46.184704,-23.965379],[-46.184274,-23.964539],[-46.183803,-23.963626],[-46.183308,-23.962776],[-46.182752,-23.961909],[-46.181903,-23.961176],[-46.181564,-23.961038],[-46.181461,-23.961119],[-46.181324,-23.961208],[-46.18116,-23.961233],[-46.180963,-23.96119],[-46.180779,-23.961143],[-46.180665,-23.961052],[-46.180494,-23.960964],[-46.180286,-23.960869],[-46.180171,-23.96083],[-46.179995,-23.960821],[-46.17997,-23.960821],[-46.179806,-23.960797],[-46.179696,-23.960755],[-46.17952,-23.960723],[-46.179291,-23.960684],[-46.179119,-23.960634],[-46.178988,-23.960599],[-46.178885,-23.960598],[-46.178791,-23.960649],[-46.178791,-23.960653],[-46.178782,-23.960698],[-46.178667,-23.960731],[-46.178466,-23.960725],[-46.178445,-23.960721],[-46.178265,-23.960682],[-46.178113,-23.960666],[-46.177889,-23.960581],[-46.177713,-23.960535],[-46.177566,-23.960473],[-46.177456,-23.960382],[-46.177343,-23.960296],[-46.177285,-23.96022],[-46.177258,-23.960186],[-46.177185,-23.960073],[-46.177096,-23.959945],[-46.177007,-23.959835],[-46.176857,-23.959744],[-46.176848,-23.95974],[-46.176726,-23.959649],[-46.176567,-23.959584],[-46.176379,-23.959511],[-46.176207,-23.959498],[-46.176191,-23.959498],[-46.176018,-23.959485],[-46.175839,-23.959416],[-46.175585,-23.95935],[-46.175381,-23.959281],[-46.175275,-23.959227],[-46.175033,-23.959173],[-46.174792,-23.959088],[-46.174542,-23.958933],[-46.17419,-23.958817],[-46.173945,-23.958725],[-46.173663,-23.958584],[-46.173655,-23.958584],[-46.173484,-23.958488],[-46.173268,-23.958351],[-46.173032,-23.958188],[-46.172747,-23.957987],[-46.172567,-23.957873],[-46.172447,-23.957647],[-46.172413,-23.957591],[-46.172337,-23.957468],[-46.172224,-23.957386],[-46.172138,-23.957286],[-46.172164,-23.957211],[-46.172293,-23.957236],[-46.172433,-23.957204],[-46.17245,-23.957105],[-46.172389,-23.956972],[-46.172297,-23.956867],[-46.172219,-23.956753],[-46.17197,-23.956307],[-46.171763,-23.955969],[-46.171753,-23.955959],[-46.171572,-23.955711],[-46.171542,-23.955434],[-46.171454,-23.955078],[-46.171327,-23.95485],[-46.17132,-23.954696],[-46.171236,-23.954443],[-46.171238,-23.954293],[-46.171257,-23.954135],[-46.171336,-23.953977],[-46.17114,-23.953715],[-46.170857,-23.953499],[-46.170857,-23.953491],[-46.170799,-23.953222],[-46.1708,-23.953206],[-46.170742,-23.95296],[-46.170716,-23.95292],[-46.170554,-23.952753],[-46.170528,-23.952729],[-46.170452,-23.952507],[-46.170436,-23.952467],[-46.170429,-23.952254],[-46.170328,-23.951992],[-46.170089,-23.951769],[-46.170054,-23.951752],[-46.169719,-23.951544],[-46.169667,-23.951528],[-46.169631,-23.951312],[-46.169461,-23.95105],[-46.169444,-23.951018],[-46.169395,-23.950812],[-46.169386,-23.950772],[-46.169354,-23.950551],[-46.16932,-23.950511],[-46.169183,-23.950375],[-46.169149,-23.950336],[-46.169123,-23.950327],[-46.168926,-23.950128],[-46.168892,-23.950096],[-46.168713,-23.949873],[-46.168696,-23.949857],[-46.168499,-23.949618],[-46.168465,-23.949594],[-46.168225,-23.949418],[-46.168208,-23.949402],[-46.168037,-23.949187],[-46.167928,-23.948831],[-46.167929,-23.948799],[-46.167932,-23.948483],[-46.167924,-23.948459],[-46.167875,-23.948166],[-46.167875,-23.948142],[-46.167757,-23.947865],[-46.167579,-23.947579],[-46.167383,-23.947324],[-46.16701,-23.947007],[-46.166667,-23.946767],[-46.166384,-23.946567],[-46.165988,-23.946358],[-46.165471,-23.946187],[-46.164997,-23.946025],[-46.164609,-23.945942],[-46.164203,-23.945883],[-46.163858,-23.945848],[-46.163572,-23.945854],[-46.163226,-23.945898],[-46.162942,-23.945856],[-46.162916,-23.945855],[-46.162656,-23.945853],[-46.162369,-23.945969],[-46.162239,-23.946031],[-46.161987,-23.946139],[-46.161658,-23.94616],[-46.161399,-23.946174],[-46.161122,-23.946139],[-46.161105,-23.946131],[-46.160924,-23.946066],[-46.160675,-23.945938],[-46.160649,-23.94593],[-46.160477,-23.945786],[-46.160427,-23.945635],[-46.160411,-23.945524],[-46.160559,-23.945399],[-46.160828,-23.945338],[-46.161166,-23.945278],[-46.161548,-23.945139],[-46.161722,-23.94503],[-46.162131,-23.944844],[-46.162444,-23.944673],[-46.162792,-23.944526],[-46.163069,-23.94445],[-46.163563,-23.944407],[-46.1638,-23.944457],[-46.164042,-23.944483],[-46.164249,-23.944493],[-46.164414,-23.944407],[-46.164588,-23.944377],[-46.164795,-23.944403],[-46.165037,-23.944353],[-46.165288,-23.944347],[-46.165419,-23.944238],[-46.165593,-23.944157],[-46.165752,-23.943914],[-46.16585,-23.943638],[-46.165966,-23.94333],[-46.165977,-23.943165],[-46.165943,-23.943022],[-46.165884,-23.942879],[-46.165878,-23.942697],[-46.165845,-23.942515],[-46.16583,-23.942317],[-46.165806,-23.942151],[-46.165871,-23.942003],[-46.165967,-23.94187],[-46.166038,-23.941736],[-46.166152,-23.941603],[-46.166203,-23.941486],[-46.166307,-23.941439],[-46.166497,-23.941365],[-46.166601,-23.94135],[-46.16662,-23.9412],[-46.166596,-23.941086],[-46.166607,-23.940904],[-46.166694,-23.940818],[-46.166886,-23.940686],[-46.166921,-23.940575],[-46.166897,-23.940409],[-46.166848,-23.940227],[-46.166927,-23.940046],[-46.166945,-23.940022],[-46.167102,-23.939897],[-46.167208,-23.939716],[-46.167305,-23.939504],[-46.167405,-23.939275],[-46.167329,-23.939087],[-46.167279,-23.938889],[-46.167221,-23.938698],[-46.16718,-23.938524],[-46.167251,-23.938335],[-46.167391,-23.938218],[-46.167564,-23.938148],[-46.16778,-23.938142],[-46.167936,-23.938128],[-46.168163,-23.93794],[-46.168338,-23.937736],[-46.168521,-23.937675],[-46.168711,-23.9377],[-46.169022,-23.937711],[-46.169231,-23.937594],[-46.169431,-23.937485],[-46.169759,-23.937567],[-46.170223,-23.937864],[-46.170453,-23.938103],[-46.170629,-23.938369],[-46.170869,-23.938608],[-46.171083,-23.938792],[-46.171444,-23.938961],[-46.17165,-23.939129],[-46.171804,-23.939296],[-46.172087,-23.939465],[-46.172128,-23.939687],[-46.172326,-23.939775],[-46.172655,-23.93977],[-46.172975,-23.939813],[-46.173267,-23.939973],[-46.173394,-23.940259],[-46.173556,-23.94049],[-46.173649,-23.940672],[-46.173597,-23.940838],[-46.173499,-23.941019],[-46.173385,-23.94116],[-46.173314,-23.941326],[-46.173451,-23.941485],[-46.173866,-23.94156],[-46.174602,-23.941424],[-46.175297,-23.941201],[-46.176219,-23.94068],[-46.177125,-23.940095],[-46.177664,-23.939678],[-46.178354,-23.939028],[-46.178968,-23.938227],[-46.179591,-23.937174],[-46.180115,-23.935921],[-46.180379,-23.934698],[-46.180543,-23.933094],[-46.180557,-23.931805],[-46.1805,-23.929885],[-46.180215,-23.928265],[-46.179839,-23.927052],[-46.179251,-23.925355],[-46.178989,-23.924533],[-46.178871,-23.924184],[-46.178665,-23.924032],[-46.17852,-23.923896],[-46.178288,-23.92376],[-46.178271,-23.923759],[-46.178091,-23.923592],[-46.177954,-23.92344],[-46.177937,-23.923417],[-46.177793,-23.923147],[-46.177622,-23.922971],[-46.1775,-23.92289],[-46.177441,-23.922851],[-46.177398,-23.922851],[-46.177131,-23.922753],[-46.176839,-23.922624],[-46.176528,-23.922535],[-46.176218,-23.922445],[-46.176201,-23.922437],[-46.17589,-23.92241],[-46.175596,-23.922376],[-46.175373,-23.922271],[-46.175288,-23.922104],[-46.175196,-23.921985],[-46.175085,-23.921873],[-46.174818,-23.92176],[-46.174809,-23.92176],[-46.1745,-23.921592],[-46.174474,-23.921584],[-46.174226,-23.921368],[-46.174107,-23.921122],[-46.174099,-23.92109],[-46.17405,-23.920789],[-46.173915,-23.920496],[-46.173719,-23.920249],[-46.173472,-23.919907],[-46.173326,-23.919763],[-46.173309,-23.919723],[-46.173243,-23.919462],[-46.173168,-23.919232],[-46.172893,-23.91904],[-46.172541,-23.918808],[-46.172147,-23.91844],[-46.171969,-23.918186],[-46.171938,-23.91807],[-46.171992,-23.917825],[-46.172159,-23.917558],[-46.172222,-23.917345],[-46.172222,-23.917321],[-46.172173,-23.917092],[-46.172156,-23.917068],[-46.172044,-23.91698],[-46.171819,-23.917009],[-46.171767,-23.917017],[-46.171455,-23.917101],[-46.171395,-23.9171],[-46.170963,-23.917049],[-46.170946,-23.917041],[-46.17055,-23.916824],[-46.170259,-23.916584],[-46.169985,-23.916337],[-46.169893,-23.916067],[-46.169853,-23.915743],[-46.169752,-23.915449],[-46.169435,-23.915217],[-46.169254,-23.915123],[-46.169078,-23.915102],[-46.168898,-23.915157],[-46.168794,-23.915179],[-46.16859,-23.91509],[-46.16854,-23.91489],[-46.168575,-23.91467],[-46.168654,-23.914469],[-46.168667,-23.914152],[-46.168597,-23.91365],[-46.168466,-23.913133],[-46.168261,-23.912559],[-46.167785,-23.91174],[-46.167134,-23.911045],[-46.166325,-23.910267],[-46.165363,-23.909545],[-46.163841,-23.90855],[-46.162749,-23.907843],[-46.161898,-23.907282],[-46.161046,-23.906791],[-46.160651,-23.90651],[-46.160288,-23.906404],[-46.160092,-23.906359],[-46.15995,-23.90639],[-46.159776,-23.906514],[-46.159679,-23.90665],[-46.159569,-23.906852],[-46.159346,-23.906966],[-46.159099,-23.907072],[-46.158742,-23.907153],[-46.158553,-23.907228],[-46.158416,-23.907276],[-46.158277,-23.907338],[-46.158266,-23.907345],[-46.15825,-23.907348],[-46.157997,-23.90735],[-46.157608,-23.907255],[-46.157352,-23.907165],[-46.157092,-23.907078],[-46.157081,-23.907071],[-46.157058,-23.907064],[-46.156932,-23.906979],[-46.156921,-23.906968],[-46.156917,-23.906965],[-46.156803,-23.90689],[-46.156514,-23.907024],[-46.156309,-23.907173],[-46.156297,-23.907183],[-46.156165,-23.907326],[-46.156027,-23.907482],[-46.155998,-23.907699],[-46.155978,-23.907839],[-46.156003,-23.907983],[-46.156078,-23.908089],[-46.156235,-23.908136],[-46.156361,-23.908204],[-46.156479,-23.908341],[-46.156515,-23.908475],[-46.156491,-23.908629],[-46.156412,-23.908782],[-46.156442,-23.908884],[-46.156442,-23.908888],[-46.156513,-23.909001],[-46.156521,-23.909004],[-46.156593,-23.909124],[-46.156593,-23.909131],[-46.156565,-23.909197],[-46.156373,-23.909255],[-46.156058,-23.909263],[-46.156051,-23.909263],[-46.155729,-23.909256],[-46.155706,-23.909252],[-46.155354,-23.909211],[-46.155108,-23.909201],[-46.154854,-23.9091],[-46.154579,-23.908961],[-46.15435,-23.90884],[-46.154343,-23.908836],[-46.154149,-23.908722],[-46.154026,-23.908697],[-46.153904,-23.908668],[-46.153896,-23.908664],[-46.153598,-23.908546],[-46.153404,-23.9084],[-46.153206,-23.908265],[-46.153127,-23.908159],[-46.153082,-23.908064],[-46.152914,-23.907986],[-46.152903,-23.907986],[-46.152609,-23.907899],[-46.152471,-23.907848],[-46.152374,-23.907942],[-46.152133,-23.907912],[-46.151915,-23.907885],[-46.151818,-23.907937],[-46.151623,-23.907946],[-46.151577,-23.907945],[-46.151546,-23.907945],[-46.151404,-23.907954],[-46.151389,-23.907961],[-46.151358,-23.907971],[-46.151208,-23.908058],[-46.151188,-23.908068],[-46.151057,-23.908165],[-46.150893,-23.908167],[-46.150603,-23.908045],[-46.150294,-23.907892],[-46.149974,-23.907713],[-46.149773,-23.907547],[-46.149545,-23.90737],[-46.149218,-23.907144],[-46.149086,-23.906989],[-46.14898,-23.906826],[-46.148921,-23.906675],[-46.148845,-23.906559],[-46.148704,-23.906491],[-46.14857,-23.906462],[-46.148333,-23.906403],[-46.148196,-23.906315],[-46.148189,-23.906315],[-46.14799,-23.906271],[-46.147768,-23.90623],[-46.147607,-23.906257],[-46.147437,-23.906353],[-46.147302,-23.90639],[-46.147161,-23.906358],[-46.146958,-23.906338],[-46.146946,-23.906335],[-46.146771,-23.906245],[-46.146614,-23.906081],[-46.146469,-23.905978],[-46.146462,-23.905971],[-46.146378,-23.905918],[-46.146283,-23.905847],[-46.146271,-23.905843],[-46.146184,-23.905787],[-46.146176,-23.905776],[-46.146124,-23.905691],[-46.146079,-23.905582],[-46.146023,-23.905438],[-46.145963,-23.905304],[-46.145968,-23.905199],[-46.14605,-23.905112],[-46.146253,-23.905104],[-46.146501,-23.905159],[-46.146723,-23.905189],[-46.146727,-23.905189],[-46.146896,-23.90519],[-46.146973,-23.905093],[-46.147036,-23.90495],[-46.147068,-23.904831],[-46.147137,-23.904819],[-46.147422,-23.904879],[-46.147741,-23.90496],[-46.148022,-23.905006],[-46.148289,-23.905074],[-46.148555,-23.90516],[-46.14884,-23.905229],[-46.149026,-23.905353],[-46.149331,-23.90543],[-46.149669,-23.905508],[-46.150131,-23.905685],[-46.150392,-23.905796],[-46.150582,-23.905855],[-46.151233,-23.905272],[-46.15184,-23.904379],[-46.152117,-23.903526],[-46.152249,-23.902388],[-46.152096,-23.901126],[-46.151816,-23.900085],[-46.151591,-23.899253],[-46.151491,-23.899254],[-46.151395,-23.89925],[-46.151308,-23.899229],[-46.151243,-23.899189],[-46.151187,-23.899117],[-46.151185,-23.899046],[-46.15123,-23.898961],[-46.151264,-23.898921],[-46.151367,-23.898902],[-46.151445,-23.898886],[-46.151455,-23.898824],[-46.151454,-23.898681],[-46.151393,-23.89855],[-46.15135,-23.898458],[-46.151286,-23.898366],[-46.151204,-23.898214],[-46.151201,-23.898203],[-46.150884,-23.897531],[-46.150386,-23.896683],[-46.149833,-23.895734],[-46.149425,-23.895103],[-46.148989,-23.894577],[-46.14856,-23.894081],[-46.148178,-23.893776],[-46.147839,-23.893562],[-46.147771,-23.893541],[-46.147715,-23.893543],[-46.147589,-23.893598],[-46.147447,-23.893645],[-46.147436,-23.893647],[-46.147294,-23.893666],[-46.146974,-23.893582],[-46.146685,-23.893516],[-46.14641,-23.893483],[-46.146127,-23.893412],[-46.146119,-23.893411],[-46.145955,-23.893395],[-46.145844,-23.893424],[-46.145652,-23.893394],[-46.145538,-23.89336],[-46.145533,-23.893358],[-46.145367,-23.893305],[-46.145347,-23.893303],[-46.145184,-23.893255],[-46.145173,-23.893245],[-46.144993,-23.893137],[-46.144979,-23.893131],[-46.144818,-23.893079],[-46.14481,-23.893077],[-46.144635,-23.89307],[-46.144627,-23.89307],[-46.144604,-23.89307],[-46.144451,-23.893068],[-46.144446,-23.893068],[-46.144432,-23.893068],[-46.144306,-23.893102],[-46.144152,-23.893142],[-46.144016,-23.893087],[-46.144005,-23.893082],[-46.143994,-23.893079],[-46.143817,-23.893016],[-46.143507,-23.892899],[-46.143258,-23.892775],[-46.143031,-23.892697],[-46.143022,-23.892694],[-46.142891,-23.892657],[-46.142552,-23.892578],[-46.142233,-23.892486],[-46.141998,-23.892405],[-46.141984,-23.892402],[-46.141793,-23.892365],[-46.141782,-23.892365],[-46.141571,-23.892327],[-46.141395,-23.892286],[-46.141287,-23.892207],[-46.141276,-23.892204],[-46.141268,-23.892196],[-46.141118,-23.892144],[-46.141113,-23.892144],[-46.140985,-23.892107],[-46.140857,-23.892106],[-46.140841,-23.892106],[-46.140708,-23.892054],[-46.140694,-23.892046],[-46.140611,-23.892005],[-46.140517,-23.891963],[-46.14037,-23.891916],[-46.140365,-23.891913],[-46.140232,-23.891866],[-46.14022,-23.891866],[-46.140049,-23.891799],[-46.140043,-23.891793],[-46.140027,-23.891783],[-46.139884,-23.89165],[-46.139674,-23.891505],[-46.139441,-23.891371],[-46.139319,-23.891309],[-46.139197,-23.891272],[-46.139062,-23.891233],[-46.138946,-23.89115],[-46.138797,-23.891044],[-46.138786,-23.891034],[-46.138701,-23.890932],[-46.138701,-23.890924],[-46.138633,-23.890806],[-46.13863,-23.890794],[-46.138628,-23.890677],[-46.138593,-23.89058],[-46.138464,-23.890475],[-46.138338,-23.890354],[-46.138236,-23.890259],[-46.13816,-23.890113],[-46.138117,-23.889942],[-46.138096,-23.889619],[-46.138046,-23.889244],[-46.138059,-23.889073],[-46.138167,-23.889029],[-46.138281,-23.88903],[-46.138398,-23.889018],[-46.138473,-23.88896],[-46.138425,-23.888818],[-46.138422,-23.88881],[-46.1384,-23.888761],[-46.138333,-23.888501],[-46.138287,-23.888371],[-46.138222,-23.888207],[-46.138059,-23.887958],[-46.137967,-23.887789],[-46.137905,-23.887616],[-46.137909,-23.887478],[-46.13786,-23.887363],[-46.137884,-23.887257],[-46.138029,-23.887167],[-46.138029,-23.887159],[-46.138053,-23.887015],[-46.137941,-23.88682],[-46.137876,-23.88671],[-46.137793,-23.88645],[-46.137727,-23.886322],[-46.137687,-23.88621],[-46.137616,-23.886077],[-46.137611,-23.886069],[-46.137529,-23.885931],[-46.137466,-23.885786],[-46.137458,-23.885773],[-46.137421,-23.885656],[-46.137447,-23.885539],[-46.13745,-23.885531],[-46.137503,-23.885445],[-46.137549,-23.885322],[-46.137587,-23.885223],[-46.137666,-23.885107],[-46.13777,-23.884981],[-46.137896,-23.88489],[-46.138086,-23.884841],[-46.1383,-23.884841],[-46.138489,-23.884714],[-46.138498,-23.884717],[-46.138697,-23.884726],[-46.138987,-23.884599],[-46.139119,-23.884501],[-46.13916,-23.884316],[-46.139247,-23.884028],[-46.139226,-23.883751],[-46.139134,-23.883491],[-46.139082,-23.883386],[-46.139032,-23.883203],[-46.139138,-23.883097],[-46.139354,-23.883008],[-46.139419,-23.882904],[-46.13949,-23.882779],[-46.139658,-23.882778],[-46.139772,-23.882821],[-46.139992,-23.882903],[-46.140151,-23.882936],[-46.140592,-23.882428],[-46.140811,-23.881893],[-46.140861,-23.881531],[-46.140872,-23.880844],[-46.140686,-23.880131],[-46.140432,-23.879666],[-46.140358,-23.879449],[-46.140347,-23.879347],[-46.140272,-23.879288],[-46.140136,-23.87915],[-46.140121,-23.87915],[-46.139932,-23.878985],[-46.139702,-23.878822],[-46.139486,-23.878691],[-46.1393,-23.878596],[-46.139296,-23.878596],[-46.139183,-23.878521],[-46.139172,-23.878514],[-46.139156,-23.878511],[-46.139035,-23.87845],[-46.139027,-23.87845],[-46.138857,-23.87841],[-46.138845,-23.87841],[-46.138731,-23.878346],[-46.138706,-23.878242],[-46.138627,-23.87814],[-46.138449,-23.878045],[-46.138385,-23.877964],[-46.138305,-23.87789],[-46.138294,-23.877883],[-46.138279,-23.877873],[-46.138181,-23.877778],[-46.138158,-23.877764],[-46.138155,-23.877757],[-46.138056,-23.877686],[-46.137969,-23.877609],[-46.137958,-23.877608],[-46.137841,-23.877541],[-46.137825,-23.877538],[-46.137738,-23.877481],[-46.137637,-23.877386],[-46.137596,-23.877291],[-46.137551,-23.877207],[-46.137547,-23.8772],[-46.137533,-23.87711],[-46.137553,-23.876984],[-46.137554,-23.876977],[-46.137555,-23.876862],[-46.137555,-23.876852],[-46.137552,-23.876761],[-46.137644,-23.876703],[-46.137855,-23.876628],[-46.13805,-23.876574],[-46.138237,-23.876548],[-46.138465,-23.87655],[-46.138652,-23.876535],[-46.13885,-23.87654],[-46.139006,-23.876541],[-46.139122,-23.876452],[-46.139233,-23.876334],[-46.139273,-23.876244],[-46.13942,-23.875988],[-46.139387,-23.875325],[-46.139178,-23.874604],[-46.139044,-23.874262],[-46.138741,-23.873783],[-46.138503,-23.873511],[-46.138503,-23.873507],[-46.13846,-23.87317],[-46.138391,-23.872907],[-46.138288,-23.872724],[-46.138041,-23.872487],[-46.137923,-23.872435],[-46.137583,-23.87241],[-46.137357,-23.872354],[-46.137239,-23.872225],[-46.13708,-23.872038],[-46.136984,-23.871972],[-46.136943,-23.871801],[-46.136866,-23.871654],[-46.136777,-23.871537],[-46.136671,-23.871337],[-46.136569,-23.871207],[-46.136501,-23.871139],[-46.13646,-23.871051],[-46.136451,-23.870955],[-46.136461,-23.870797],[-46.136501,-23.870605],[-46.136542,-23.870225],[-46.136556,-23.869556],[-46.136514,-23.868787],[-46.136327,-23.868113],[-46.135667,-23.867031],[-46.134937,-23.866125],[-46.134126,-23.865332],[-46.133022,-23.864341],[-46.131768,-23.863416],[-46.131285,-23.863068],[-46.130672,-23.862719],[-46.130449,-23.862651],[-46.13021,-23.862869],[-46.130065,-23.862995],[-46.130044,-23.862995],[-46.129897,-23.862932],[-46.129871,-23.862931],[-46.129863,-23.862931],[-46.129677,-23.862903],[-46.129673,-23.862903],[-46.129326,-23.863042],[-46.129024,-23.86319],[-46.129007,-23.863202],[-46.128778,-23.863338],[-46.128769,-23.863338],[-46.128444,-23.863304],[-46.128436,-23.863301],[-46.128411,-23.863293],[-46.128402,-23.863289],[-46.127893,-23.863156],[-46.12788,-23.863156],[-46.127518,-23.86306],[-46.126809,-23.86262],[-46.126344,-23.862302],[-46.126072,-23.862068],[-46.12588,-23.861827],[-46.125876,-23.861815],[-46.125789,-23.861664],[-46.125571,-23.861553],[-46.125326,-23.861531],[-46.12511,-23.861526],[-46.12469,-23.861339],[-46.124483,-23.861299],[-46.124475,-23.861287],[-46.124244,-23.861096],[-46.124005,-23.860951],[-46.123825,-23.860771],[-46.123818,-23.860682],[-46.123822,-23.860678],[-46.123946,-23.860598],[-46.123954,-23.860591],[-46.12412,-23.860523],[-46.124133,-23.860519],[-46.124332,-23.860393],[-46.124333,-23.860386],[-46.124406,-23.860212],[-46.124406,-23.860197],[-46.124457,-23.859865],[-46.124641,-23.859651],[-46.12482,-23.859436],[-46.124825,-23.859421],[-46.124937,-23.859186],[-46.124946,-23.859178],[-46.125096,-23.858929],[-46.125161,-23.85876],[-46.125156,-23.858497],[-46.125084,-23.85818],[-46.125084,-23.858161],[-46.12505,-23.857778],[-46.125051,-23.857755],[-46.125105,-23.857446],[-46.125113,-23.857423],[-46.125349,-23.85717],[-46.125366,-23.857166],[-46.125743,-23.857023],[-46.126345,-23.856938],[-46.126699,-23.85683],[-46.12704,-23.856675],[-46.127341,-23.856672],[-46.127769,-23.856817],[-46.128063,-23.856831],[-46.128076,-23.856831],[-46.128537,-23.856842],[-46.128829,-23.85678],[-46.1291,-23.856771],[-46.129445,-23.85688],[-46.129765,-23.856895],[-46.130188,-23.856863],[-46.130642,-23.856955],[-46.131095,-23.857089],[-46.131465,-23.857221],[-46.131899,-23.857366],[-46.132094,-23.857433],[-46.132509,-23.857689],[-46.132843,-23.857864],[-46.133133,-23.858009],[-46.134618,-23.858886],[-46.138066,-23.859912],[-46.140147,-23.859827],[-46.151233,-23.862701],[-46.152358,-23.863133],[-46.15306,-23.863787],[-46.153523,-23.864542],[-46.153915,-23.865144],[-46.155157,-23.867418],[-46.156754,-23.870031],[-46.156927,-23.870296],[-46.156786,-23.87036],[-46.156964,-23.870584],[-46.158189,-23.871927],[-46.15847,-23.873085],[-46.159234,-23.874523],[-46.160135,-23.875318],[-46.160383,-23.87612],[-46.161167,-23.876951],[-46.161483,-23.87748],[-46.161971,-23.87781],[-46.162754,-23.878228],[-46.163158,-23.87865],[-46.163127,-23.878766],[-46.163554,-23.879273],[-46.165111,-23.880355],[-46.165329,-23.881038],[-46.165697,-23.881416],[-46.166548,-23.881932],[-46.166577,-23.8822],[-46.168615,-23.884321],[-46.169637,-23.884986],[-46.169931,-23.88582],[-46.169806,-23.886077],[-46.170634,-23.887201],[-46.171572,-23.888035],[-46.171886,-23.888207],[-46.17232,-23.888325],[-46.172572,-23.888596],[-46.172786,-23.88864],[-46.173065,-23.888718],[-46.177407,-23.88979],[-46.178383,-23.89025],[-46.180279,-23.891355],[-46.182065,-23.891723],[-46.183409,-23.892441],[-46.185103,-23.893306],[-46.18641,-23.893693],[-46.187717,-23.893619],[-46.187994,-23.893196],[-46.189282,-23.894024],[-46.190129,-23.894871],[-46.189209,-23.896141],[-46.190295,-23.89789],[-46.19081,-23.897946],[-46.19126,-23.901945],[-46.191317,-23.902447],[-46.191556,-23.902631],[-46.191418,-23.902981],[-46.190884,-23.903147],[-46.190681,-23.90427],[-46.190985,-23.906608],[-46.191197,-23.906967],[-46.191446,-23.906838],[-46.191823,-23.907436],[-46.19162,-23.907823],[-46.192145,-23.908725],[-46.193489,-23.909296],[-46.194097,-23.909719],[-46.196324,-23.910336],[-46.199298,-23.912011],[-46.200273,-23.913088],[-46.200154,-23.913245],[-46.200467,-23.913972],[-46.202105,-23.914929],[-46.202989,-23.915058],[-46.203228,-23.914911],[-46.204121,-23.914883],[-46.204646,-23.91527],[-46.205089,-23.917035],[-46.205568,-23.916971],[-46.206131,-23.917145],[-46.206886,-23.917239],[-46.207837,-23.91741],[-46.208787,-23.91762],[-46.209459,-23.917801],[-46.209717,-23.917871],[-46.210625,-23.918141],[-46.211056,-23.918157],[-46.211637,-23.918034],[-46.212197,-23.91797],[-46.212756,-23.917807],[-46.213546,-23.917533],[-46.214069,-23.91746],[-46.214477,-23.917318],[-46.215475,-23.917205],[-46.21646,-23.916674],[-46.218273,-23.915621],[-46.219834,-23.913705],[-46.223019,-23.913328],[-46.228238,-23.913949],[-46.230127,-23.915137],[-46.231909,-23.917771],[-46.238104,-23.927921],[-46.238357,-23.927048],[-46.239741,-23.927533],[-46.239756,-23.927232],[-46.239782,-23.926541],[-46.239898,-23.924135],[-46.23977,-23.923429],[-46.241516,-23.924187],[-46.242695,-23.924566],[-46.244554,-23.92496],[-46.245477,-23.925047],[-46.245703,-23.925045],[-46.245989,-23.924967],[-46.246255,-23.924795],[-46.24654,-23.924529],[-46.246697,-23.924339],[-46.246857,-23.924161],[-46.246963,-23.924019],[-46.24703,-23.923842],[-46.247101,-23.923511],[-46.24717,-23.923267],[-46.2472,-23.923048],[-46.247213,-23.922556],[-46.2472,-23.92121],[-46.247202,-23.920855],[-46.247237,-23.920622],[-46.247297,-23.920346],[-46.247417,-23.920098],[-46.247523,-23.919905],[-46.247653,-23.919763],[-46.247856,-23.919634],[-46.248027,-23.919562],[-46.248312,-23.919517],[-46.248573,-23.919509],[-46.248831,-23.91957],[-46.250294,-23.920025],[-46.251021,-23.920172],[-46.251647,-23.92017],[-46.252176,-23.920095],[-46.252694,-23.919941],[-46.253504,-23.919716],[-46.253634,-23.919683],[-46.253793,-23.919682],[-46.254017,-23.919719],[-46.254172,-23.919754],[-46.254315,-23.919921],[-46.254347,-23.920038],[-46.25436,-23.920204],[-46.254291,-23.920798],[-46.254002,-23.922506],[-46.25406,-23.922914],[-46.254145,-23.923129],[-46.254337,-23.923361],[-46.254604,-23.923613],[-46.254882,-23.923796],[-46.255031,-23.923882],[-46.255265,-23.923957],[-46.255616,-23.924023],[-46.255931,-23.923994],[-46.256079,-23.923949],[-46.256183,-23.92385],[-46.256329,-23.923576],[-46.256463,-23.923263],[-46.256566,-23.922862],[-46.256737,-23.921916],[-46.256813,-23.9214],[-46.25691,-23.921194],[-46.257094,-23.920959],[-46.257235,-23.92084],[-46.257466,-23.920731],[-46.257699,-23.920681],[-46.257952,-23.920732],[-46.258381,-23.920987],[-46.259267,-23.921671],[-46.260451,-23.922595],[-46.260879,-23.922874],[-46.261165,-23.922969],[-46.261441,-23.923005],[-46.261736,-23.922897],[-46.261969,-23.922749],[-46.262105,-23.922532],[-46.262268,-23.921946],[-46.262484,-23.920563],[-46.262716,-23.920014],[-46.262998,-23.91955],[-46.263248,-23.919219],[-46.263518,-23.918976],[-46.263732,-23.918835],[-46.263974,-23.918706],[-46.264239,-23.918607],[-46.264531,-23.918537],[-46.264895,-23.918456],[-46.265264,-23.918413],[-46.266319,-23.918346],[-46.270282,-23.91828],[-46.271236,-23.918259],[-46.273422,-23.91805],[-46.274359,-23.917891],[-46.276483,-23.917175],[-46.276898,-23.917075],[-46.277969,-23.916847],[-46.27837,-23.916734],[-46.278726,-23.916677],[-46.278935,-23.916716],[-46.279295,-23.916919],[-46.279504,-23.917154],[-46.279633,-23.917527],[-46.279735,-23.918227],[-46.279782,-23.918486],[-46.279934,-23.918894],[-46.280272,-23.919452],[-46.280799,-23.919901],[-46.281247,-23.920148],[-46.281664,-23.920273],[-46.284845,-23.920899],[-46.285697,-23.921248],[-46.286797,-23.92197],[-46.286697,-23.92232],[-46.287084,-23.922425],[-46.28733,-23.922668],[-46.287472,-23.922921],[-46.28761,-23.923115],[-46.28782,-23.923237],[-46.288134,-23.923497],[-46.28861,-23.923707],[-46.289024,-23.923805],[-46.289306,-23.923802],[-46.289617,-23.923745],[-46.290005,-23.923664],[-46.290535,-23.923363],[-46.290742,-23.923272],[-46.291165,-23.923217],[-46.291617,-23.923994],[-46.291676,-23.924025],[-46.291776,-23.924019],[-46.292334,-23.923723],[-46.292744,-23.923447],[-46.293161,-23.923247],[-46.293319,-23.923253],[-46.293574,-23.923261],[-46.293725,-23.923198],[-46.294026,-23.923027],[-46.294573,-23.922467],[-46.294787,-23.922208],[-46.294966,-23.921823],[-46.295322,-23.921196],[-46.295524,-23.920799],[-46.295756,-23.92046],[-46.295926,-23.920078],[-46.296133,-23.919501],[-46.296252,-23.918905],[-46.296396,-23.918372],[-46.296399,-23.917957],[-46.29645,-23.917832],[-46.296481,-23.91776],[-46.296551,-23.917717],[-46.296659,-23.91767],[-46.297101,-23.917573],[-46.2972,-23.917536],[-46.297424,-23.917576],[-46.297704,-23.917772],[-46.29797,-23.917791],[-46.298362,-23.917717],[-46.298797,-23.917686],[-46.299139,-23.917673],[-46.299729,-23.917764],[-46.300425,-23.917915],[-46.300719,-23.918068],[-46.301171,-23.918404],[-46.30149,-23.918692],[-46.302036,-23.919272],[-46.302287,-23.919564],[-46.30281,-23.920492],[-46.303089,-23.920943],[-46.303343,-23.921272],[-46.303698,-23.921752],[-46.303909,-23.921995],[-46.304217,-23.922304],[-46.304638,-23.9226],[-46.305359,-23.923014],[-46.306204,-23.923244],[-46.306812,-23.923363],[-46.307847,-23.924067],[-46.308012,-23.924307],[-46.308186,-23.924638],[-46.308162,-23.925208],[-46.307441,-23.926801],[-46.306417,-23.928762],[-46.306185,-23.93053],[-46.305723,-23.9322],[-46.306052,-23.932347],[-46.305847,-23.932758],[-46.305363,-23.932982],[-46.305586,-23.933429],[-46.305793,-23.933787],[-46.306153,-23.934509],[-46.306546,-23.934374],[-46.306723,-23.934654],[-46.30658,-23.934682],[-46.30721,-23.936053],[-46.309497,-23.936773],[-46.308693,-23.939324],[-46.308554,-23.939765],[-46.308394,-23.939966],[-46.308154,-23.940602],[-46.307704,-23.942201],[-46.307222,-23.94422],[-46.307073,-23.944964],[-46.307104,-23.946012],[-46.307173,-23.946371],[-46.306959,-23.94747],[-46.306845,-23.947696],[-46.306359,-23.94834],[-46.30592,-23.949256],[-46.305513,-23.949977],[-46.304811,-23.95122],[-46.304488,-23.951995],[-46.304288,-23.952436],[-46.303573,-23.952969],[-46.303022,-23.953531],[-46.302781,-23.953855],[-46.302574,-23.954226],[-46.302019,-23.954493],[-46.301618,-23.954624],[-46.300652,-23.954986],[-46.300001,-23.955535],[-46.299623,-23.956273],[-46.298897,-23.956651],[-46.298583,-23.957215],[-46.298876,-23.958335],[-46.299115,-23.958507],[-46.296966,-23.960687],[-46.295334,-23.962325],[-46.29342,-23.964265],[-46.292015,-23.965669],[-46.290542,-23.967162],[-46.290166,-23.967873],[-46.28949,-23.969338],[-46.288972,-23.970527],[-46.288386,-23.971812],[-46.288215,-23.972415],[-46.287561,-23.973783],[-46.287146,-23.974369],[-46.286916,-23.974556],[-46.286789,-23.975358],[-46.286762,-23.975907],[-46.286625,-23.976448],[-46.286689,-23.976734],[-46.286415,-23.977716],[-46.286417,-23.978122],[-46.286449,-23.978572],[-46.286267,-23.98054],[-46.28625,-23.980824],[-46.286046,-23.982127],[-46.286216,-23.982758],[-46.286438,-23.98327],[-46.286734,-23.984658],[-46.286757,-23.98497],[-46.286859,-23.986381],[-46.286859,-23.986461],[-46.286964,-23.98669],[-46.287349,-23.986611],[-46.287669,-23.986632],[-46.287893,-23.986731],[-46.287898,-23.986839],[-46.289023,-23.987489],[-46.28938,-23.987592],[-46.289417,-23.987639],[-46.289387,-23.988024],[-46.289726,-23.988078],[-46.289751,-23.988141],[-46.289404,-23.988275],[-46.289438,-23.988419],[-46.289559,-23.988394],[-46.289581,-23.988464],[-46.289431,-23.988532],[-46.2895,-23.988704],[-46.28947,-23.988759],[-46.289566,-23.988948],[-46.289905,-23.988741],[-46.290169,-23.989122],[-46.290358,-23.989014],[-46.290772,-23.989394],[-46.290957,-23.989512],[-46.292505,-23.991089],[-46.292626,-23.991397],[-46.292993,-23.991528],[-46.293251,-23.991806],[-46.29434,-23.992444],[-46.295046,-23.993064],[-46.295434,-23.993977],[-46.296052,-23.994108],[-46.298822,-23.99551],[-46.299185,-23.995445],[-46.299559,-23.995377],[-46.299643,-23.99534],[-46.3005,-23.995579],[-46.300978,-23.995664],[-46.301226,-23.995519],[-46.30132,-23.995553],[-46.30171,-23.995695],[-46.302346,-23.995792],[-46.303582,-23.995943],[-46.303622,-23.996011],[-46.304481,-23.996121],[-46.304711,-23.996128],[-46.305232,-23.996137],[-46.305687,-23.996103],[-46.306052,-23.995986],[-46.306235,-23.995879],[-46.306446,-23.995733],[-46.306201,-23.995192],[-46.306479,-23.994739],[-46.306518,-23.994338],[-46.306708,-23.994184],[-46.306878,-23.99428],[-46.30699,-23.994363],[-46.307246,-23.994554],[-46.307452,-23.994725],[-46.307607,-23.994843],[-46.307866,-23.994981],[-46.307934,-23.99506],[-46.307975,-23.99515],[-46.30805,-23.995232],[-46.308102,-23.995301],[-46.308124,-23.995407],[-46.308163,-23.995497],[-46.308215,-23.995524],[-46.30824,-23.995603],[-46.308253,-23.995684],[-46.308341,-23.995736],[-46.308482,-23.995758],[-46.308581,-23.995744],[-46.308723,-23.995733],[-46.308955,-23.995813],[-46.309049,-23.995871],[-46.309205,-23.995908],[-46.309409,-23.996019],[-46.309613,-23.9961],[-46.309758,-23.996164],[-46.309941,-23.996125],[-46.310094,-23.996125],[-46.310181,-23.996078],[-46.310275,-23.996041],[-46.310463,-23.996004],[-46.310668,-23.995981],[-46.310803,-23.996026],[-46.310959,-23.996085],[-46.311062,-23.996136],[-46.311117,-23.996232],[-46.311189,-23.996293],[-46.311342,-23.99642],[-46.31148,-23.996513],[-46.311719,-23.996648],[-46.311919,-23.996777],[-46.312141,-23.996985],[-46.312314,-23.997113],[-46.312469,-23.997254],[-46.312479,-23.99726],[-46.312661,-23.997465],[-46.312823,-23.997609],[-46.312916,-23.997705],[-46.313036,-23.997893],[-46.313125,-23.998011],[-46.313193,-23.998145],[-46.31324,-23.998205],[-46.313282,-23.998257],[-46.313511,-23.998344],[-46.31383,-23.998442],[-46.314169,-23.998511],[-46.314176,-23.998511],[-46.31443,-23.998548],[-46.314653,-23.998544],[-46.314879,-23.998511],[-46.31514,-23.998471],[-46.315356,-23.998375],[-46.315507,-23.998256],[-46.315563,-23.998205],[-46.315509,-23.99798],[-46.315436,-23.9977],[-46.315501,-23.997405],[-46.315551,-23.997244],[-46.315677,-23.997146],[-46.315866,-23.997072],[-46.31604,-23.996987],[-46.316176,-23.996989],[-46.316367,-23.997015],[-46.316602,-23.997109],[-46.316833,-23.997257],[-46.317119,-23.997472],[-46.317346,-23.997703],[-46.317484,-23.997837],[-46.317684,-23.997693],[-46.317904,-23.997555],[-46.318054,-23.997464],[-46.318358,-23.997394],[-46.318727,-23.997324],[-46.319071,-23.997286],[-46.319363,-23.997266],[-46.319647,-23.997367],[-46.319909,-23.997556],[-46.320133,-23.997764],[-46.320349,-23.998004],[-46.320549,-23.998215],[-46.320724,-23.998387],[-46.320918,-23.998503],[-46.321096,-23.998686],[-46.321196,-23.99879],[-46.321266,-23.998932],[-46.321361,-23.999166],[-46.321464,-23.99934],[-46.321591,-23.999578],[-46.321691,-23.999721],[-46.321803,-23.999863],[-46.321948,-24.000037],[-46.322063,-24.00023],[-46.322126,-24.000336],[-46.322167,-24.000485],[-46.322131,-24.000596],[-46.322096,-24.000689],[-46.322028,-24.00074],[-46.321925,-24.000781],[-46.321709,-24.000807],[-46.321584,-24.000812],[-46.321236,-24.00081],[-46.321017,-24.000767],[-46.320934,-24.000721],[-46.320802,-24.000692],[-46.320741,-24.000695],[-46.320674,-24.00077],[-46.320732,-24.000878],[-46.32075,-24.000979],[-46.3207,-24.001084],[-46.320645,-24.001176],[-46.320531,-24.001252],[-46.320464,-24.001274],[-46.320275,-24.00173],[-46.320139,-24.002361],[-46.320143,-24.002783],[-46.320145,-24.003001],[-46.320277,-24.003202],[-46.320365,-24.003382],[-46.320425,-24.003594],[-46.320533,-24.003742],[-46.320624,-24.00383],[-46.32076,-24.003915],[-46.32093,-24.00397],[-46.32109,-24.004046],[-46.321174,-24.004153],[-46.321131,-24.004368],[-46.321031,-24.004467],[-46.3211,-24.004705],[-46.321149,-24.004936],[-46.321156,-24.004952],[-46.32129,-24.005205],[-46.321448,-24.005459],[-46.321509,-24.005572],[-46.321588,-24.005766],[-46.321636,-24.006043],[-46.321669,-24.006255],[-46.321722,-24.006463],[-46.321826,-24.006707],[-46.321975,-24.006957],[-46.322194,-24.007185],[-46.322299,-24.007297],[-46.322389,-24.007435],[-46.322478,-24.007603],[-46.322559,-24.007738],[-46.322664,-24.007908],[-46.322791,-24.008038],[-46.322916,-24.008119],[-46.32305,-24.008184],[-46.323134,-24.008322],[-46.323164,-24.008469],[-46.323198,-24.008552],[-46.323322,-24.008726],[-46.323411,-24.008904],[-46.323414,-24.008907],[-46.323472,-24.009091],[-46.323475,-24.0091],[-46.323501,-24.009286],[-46.32349,-24.00947],[-46.323478,-24.009478],[-46.323379,-24.009581],[-46.323373,-24.009592],[-46.323278,-24.009657],[-46.323111,-24.009679],[-46.322916,-24.009649],[-46.322766,-24.009562],[-46.322763,-24.009562],[-46.322629,-24.009463],[-46.322486,-24.00939],[-46.322401,-24.009447],[-46.322334,-24.009529],[-46.322332,-24.009718],[-46.322332,-24.009721],[-46.322421,-24.009926],[-46.322508,-24.010061],[-46.322591,-24.010197],[-46.322856,-24.010772],[-46.323283,-24.011375],[-46.3235,-24.011747],[-46.323515,-24.011756],[-46.323594,-24.012032],[-46.323614,-24.012255],[-46.323636,-24.012633],[-46.323649,-24.012903],[-46.323587,-24.013063],[-46.323439,-24.013163],[-46.323334,-24.013288],[-46.323261,-24.013402],[-46.323072,-24.013386],[-46.322927,-24.013442],[-46.322853,-24.013651],[-46.322835,-24.013906],[-46.322808,-24.014144],[-46.32284,-24.014374],[-46.32291,-24.014556],[-46.323062,-24.014766],[-46.323132,-24.01497],[-46.32314,-24.0152],[-46.323139,-24.015214],[-46.323081,-24.015472],[-46.323077,-24.015483],[-46.323003,-24.015747],[-46.323002,-24.015752],[-46.32301,-24.015962],[-46.322868,-24.016333],[-46.3229,-24.016597],[-46.322988,-24.016913],[-46.322994,-24.016919],[-46.323029,-24.017195],[-46.323046,-24.017413],[-46.323186,-24.017885],[-46.323276,-24.018335],[-46.323451,-24.018692],[-46.323656,-24.019006],[-46.323668,-24.019015],[-46.323674,-24.019018],[-46.323863,-24.019332],[-46.324102,-24.019618],[-46.324194,-24.019831],[-46.324268,-24.019985],[-46.324277,-24.020343],[-46.3243,-24.020536],[-46.32443,-24.020772],[-46.324588,-24.020945],[-46.324601,-24.020951],[-46.324617,-24.02096],[-46.32473,-24.021236],[-46.324733,-24.021242],[-46.32474,-24.021262]]]}},{"type":"Feature","properties":{"ibge_id":3518701,"municipality_name":"Guarujá"},"geometry":{"type":"Polygon","coordinates":[[[-46.25594,-24.001221],[-46.255912,-24.001337],[-46.255908,-24.001354],[-46.255672,-24.001481],[-46.255663,-24.001481],[-46.255645,-24.001493],[-46.255623,-24.001497],[-46.255597,-24.001505],[-46.255392,-24.001588],[-46.255383,-24.001596],[-46.255261,-24.001683],[-46.255112,-24.001715],[-46.255099,-24.001718],[-46.254983,-24.001827],[-46.254974,-24.001843],[-46.255004,-24.001962],[-46.254907,-24.00207],[-46.254763,-24.002147],[-46.254603,-24.002227],[-46.25459,-24.002243],[-46.254472,-24.002406],[-46.254315,-24.002484],[-46.254136,-24.002446],[-46.254127,-24.002446],[-46.253937,-24.002501],[-46.253928,-24.002505],[-46.253852,-24.002577],[-46.253839,-24.002589],[-46.253736,-24.002677],[-46.253727,-24.002681],[-46.253625,-24.002684],[-46.253603,-24.002676],[-46.253529,-24.002586],[-46.25349,-24.002509],[-46.253499,-24.002497],[-46.253566,-24.002409],[-46.253566,-24.002384],[-46.253471,-24.002318],[-46.253473,-24.002249],[-46.253468,-24.00218],[-46.253482,-24.002073],[-46.253566,-24.002045],[-46.253637,-24.001997],[-46.253792,-24.001954],[-46.253801,-24.001954],[-46.253921,-24.001886],[-46.253934,-24.00187],[-46.253975,-24.001802],[-46.25402,-24.001705],[-46.254056,-24.001653],[-46.254171,-24.001622],[-46.254336,-24.00151],[-46.25451,-24.001378],[-46.254657,-24.001278],[-46.254746,-24.00121],[-46.254769,-24.001146],[-46.254921,-24.00101],[-46.255054,-24.000902],[-46.255245,-24.000843],[-46.255586,-24.000834],[-46.255745,-24.000879],[-46.255783,-24.000977],[-46.255818,-24.00109],[-46.255835,-24.001111],[-46.25594,-24.001221]]]}},{"type":"Feature","properties":{"ibge_id":3522109,"municipality_name":"Itanhaém"},"geometry":{"type":"Polygon","coordinates":[[[-46.952247,-24.186244],[-46.952216,-24.186396],[-46.951924,-24.186677],[-46.951699,-24.18703],[-46.951479,-24.187567],[-46.951494,-24.187721],[-46.95154,-24.188366],[-46.951658,-24.189026],[-46.951766,-24.189843],[-46.951781,-24.189952],[-46.951791,-24.190303],[-46.951927,-24.1907],[-46.951942,-24.190904],[-46.951812,-24.191477],[-46.951692,-24.191793],[-46.951548,-24.192011],[-46.951472,-24.192324],[-46.951305,-24.192611],[-46.950937,-24.192795],[-46.950679,-24.192879],[-46.950543,-24.192923],[-46.950116,-24.193314],[-46.94997,-24.193448],[-46.949729,-24.193696],[-46.949489,-24.193788],[-46.949018,-24.193686],[-46.948893,-24.19371],[-46.948831,-24.193721],[-46.948608,-24.193971],[-46.948544,-24.194105],[-46.948529,-24.194379],[-46.948672,-24.195044],[-46.948813,-24.195543],[-46.948926,-24.195889],[-46.948834,-24.196034],[-46.947762,-24.196613],[-46.947456,-24.196867],[-46.947175,-24.197028],[-46.946858,-24.197291],[-46.946692,-24.197378],[-46.946344,-24.197268],[-46.946083,-24.197127],[-46.945743,-24.197124],[-46.945431,-24.197227],[-46.944816,-24.197457],[-46.944441,-24.197696],[-46.944066,-24.198027],[-46.943909,-24.198135],[-46.943517,-24.198516],[-46.943163,-24.198782],[-46.942803,-24.199115],[-46.942683,-24.199306],[-46.942642,-24.199809],[-46.94254,-24.199967],[-46.941903,-24.200325],[-46.940995,-24.200966],[-46.940422,-24.2012],[-46.939696,-24.201428],[-46.938957,-24.201796],[-46.93861,-24.202326],[-46.938371,-24.202935],[-46.93822,-24.203587],[-46.937892,-24.204424],[-46.937766,-24.205031],[-46.937391,-24.205929],[-46.937295,-24.206257],[-46.937084,-24.206814],[-46.936797,-24.20707],[-46.935958,-24.207541],[-46.935293,-24.208011],[-46.935262,-24.208625],[-46.935252,-24.209076],[-46.935129,-24.209516],[-46.934891,-24.209767],[-46.934749,-24.210044],[-46.934382,-24.210468],[-46.934259,-24.210734],[-46.93431,-24.211],[-46.934453,-24.211286],[-46.934443,-24.211553],[-46.934341,-24.211901],[-46.933962,-24.212474],[-46.933645,-24.212801],[-46.933307,-24.213088],[-46.933287,-24.213425],[-46.933297,-24.213784],[-46.933471,-24.213835],[-46.933645,-24.213917],[-46.934044,-24.21405],[-46.934382,-24.214183],[-46.934668,-24.214459],[-46.934842,-24.214562],[-46.93511,-24.214828],[-46.935347,-24.214968],[-46.935387,-24.215177],[-46.935334,-24.215356],[-46.934912,-24.215539],[-46.934825,-24.21566],[-46.934834,-24.215742],[-46.934898,-24.215823],[-46.935114,-24.215918],[-46.935271,-24.216025],[-46.935208,-24.216134],[-46.935079,-24.216222],[-46.935033,-24.216353],[-46.93505,-24.21644],[-46.935129,-24.216522],[-46.935178,-24.216687],[-46.935165,-24.216811],[-46.934961,-24.216964],[-46.934499,-24.217058],[-46.934324,-24.217308],[-46.934187,-24.217406],[-46.933667,-24.217588],[-46.933249,-24.217879],[-46.932979,-24.217879],[-46.932611,-24.217771],[-46.932336,-24.217748],[-46.932064,-24.218116],[-46.931854,-24.218198],[-46.931695,-24.2182],[-46.931472,-24.218152],[-46.931441,-24.218145],[-46.931411,-24.218139],[-46.93138,-24.218132],[-46.931272,-24.218143],[-46.931058,-24.218365],[-46.931018,-24.218428],[-46.930983,-24.218483],[-46.930947,-24.21854],[-46.930781,-24.218801],[-46.930549,-24.21947],[-46.930371,-24.219684],[-46.93004,-24.219923],[-46.929843,-24.220099],[-46.929788,-24.220199],[-46.929775,-24.220271],[-46.929743,-24.220402],[-46.929596,-24.220483],[-46.929444,-24.220716],[-46.929151,-24.220816],[-46.928761,-24.220927],[-46.928382,-24.221065],[-46.928253,-24.221185],[-46.928067,-24.221267],[-46.927881,-24.221348],[-46.92768,-24.221412],[-46.92755,-24.221505],[-46.927302,-24.22184],[-46.927188,-24.221934],[-46.927031,-24.221932],[-46.926781,-24.221782],[-46.926705,-24.221785],[-46.926533,-24.221908],[-46.926417,-24.221916],[-46.926373,-24.22192],[-46.926369,-24.22192],[-46.926347,-24.221909],[-46.92597,-24.221717],[-46.925911,-24.221743],[-46.925852,-24.22177],[-46.925746,-24.221928],[-46.925698,-24.222097],[-46.925625,-24.222225],[-46.925609,-24.222252],[-46.925594,-24.222279],[-46.925578,-24.222307],[-46.925578,-24.222874],[-46.925645,-24.22366],[-46.925564,-24.223949],[-46.925303,-24.224535],[-46.925258,-24.224823],[-46.925277,-24.225094],[-46.925366,-24.22548],[-46.925461,-24.226126],[-46.925415,-24.226822],[-46.925392,-24.226965],[-46.925387,-24.226994],[-46.925298,-24.227549],[-46.925269,-24.228708],[-46.925325,-24.229275],[-46.925444,-24.229845],[-46.925507,-24.230016],[-46.925553,-24.230138],[-46.92588,-24.230639],[-46.925962,-24.230765],[-46.926593,-24.23149],[-46.92419,-24.233276],[-46.922322,-24.234664],[-46.917707,-24.238092],[-46.91422,-24.240683],[-46.913534,-24.241193],[-46.913052,-24.241546],[-46.912711,-24.241796],[-46.912537,-24.241923],[-46.912532,-24.241926],[-46.909734,-24.243974],[-46.909726,-24.24398],[-46.909372,-24.244242],[-46.908372,-24.244981],[-46.908285,-24.245046],[-46.907568,-24.245575],[-46.907479,-24.245641],[-46.907053,-24.245955],[-46.907034,-24.24597],[-46.907009,-24.245988],[-46.906539,-24.246335],[-46.90652,-24.246349],[-46.906502,-24.246362],[-46.906056,-24.246692],[-46.906037,-24.246706],[-46.906015,-24.246722],[-46.905476,-24.24712],[-46.905162,-24.247351],[-46.904795,-24.247623],[-46.903343,-24.248694],[-46.902751,-24.249132],[-46.901264,-24.25023],[-46.900926,-24.250479],[-46.897856,-24.252745],[-46.897633,-24.252918],[-46.893718,-24.250436],[-46.891371,-24.248866],[-46.888371,-24.246859],[-46.887235,-24.246011],[-46.885142,-24.244447],[-46.883812,-24.243547],[-46.882112,-24.242397],[-46.878937,-24.24025],[-46.878313,-24.239855],[-46.877755,-24.239503],[-46.874431,-24.237402],[-46.871824,-24.235753],[-46.869038,-24.23401],[-46.866429,-24.232377],[-46.863703,-24.230672],[-46.862465,-24.229897],[-46.86218,-24.229719],[-46.860834,-24.228832],[-46.859786,-24.228141],[-46.857231,-24.226457],[-46.854915,-24.22493],[-46.853315,-24.223875],[-46.850478,-24.22209],[-46.848735,-24.220993],[-46.844625,-24.218406],[-46.843437,-24.217714],[-46.839965,-24.215693],[-46.838,-24.21455],[-46.836678,-24.21378],[-46.833415,-24.211881],[-46.829667,-24.209699],[-46.825926,-24.207522],[-46.820293,-24.204243],[-46.820112,-24.204142],[-46.816357,-24.202047],[-46.815313,-24.201494],[-46.815018,-24.201391],[-46.81462,-24.201252],[-46.813863,-24.201075],[-46.813146,-24.201046],[-46.812444,-24.201134],[-46.812221,-24.201224],[-46.811953,-24.201332],[-46.811801,-24.20145],[-46.811779,-24.201566],[-46.8118,-24.201638],[-46.811854,-24.201671],[-46.811926,-24.201716],[-46.811988,-24.201796],[-46.812065,-24.201913],[-46.812034,-24.201973],[-46.811989,-24.201994],[-46.811991,-24.202026],[-46.811978,-24.202047],[-46.811935,-24.202012],[-46.811817,-24.202054],[-46.811773,-24.202097],[-46.811741,-24.202122],[-46.81177,-24.20215],[-46.811765,-24.202189],[-46.811832,-24.20224],[-46.811857,-24.202298],[-46.811836,-24.202358],[-46.811854,-24.20239],[-46.811885,-24.202405],[-46.811916,-24.202407],[-46.811957,-24.202386],[-46.811998,-24.20234],[-46.812053,-24.202322],[-46.81214,-24.202312],[-46.812188,-24.202347],[-46.812165,-24.202418],[-46.812063,-24.2025],[-46.811975,-24.202574],[-46.811906,-24.202546],[-46.811842,-24.202502],[-46.811731,-24.202505],[-46.811648,-24.20252],[-46.811526,-24.202518],[-46.811408,-24.202495],[-46.811286,-24.20241],[-46.811202,-24.202373],[-46.811197,-24.202324],[-46.811152,-24.202297],[-46.811118,-24.202324],[-46.811064,-24.202297],[-46.811017,-24.202251],[-46.810994,-24.202206],[-46.81105,-24.202161],[-46.811121,-24.202181],[-46.81125,-24.202141],[-46.811302,-24.20211],[-46.811279,-24.202046],[-46.811206,-24.202025],[-46.811145,-24.202012],[-46.811043,-24.202004],[-46.810953,-24.201963],[-46.810867,-24.201971],[-46.810788,-24.201984],[-46.810727,-24.201924],[-46.810677,-24.201876],[-46.810641,-24.201891],[-46.810645,-24.201932],[-46.810609,-24.20193],[-46.810569,-24.202009],[-46.810489,-24.202017],[-46.81044,-24.201975],[-46.81042,-24.201886],[-46.810386,-24.201814],[-46.810411,-24.201748],[-46.810383,-24.201684],[-46.810354,-24.201633],[-46.810319,-24.201613],[-46.810322,-24.201557],[-46.810351,-24.201491],[-46.810408,-24.201462],[-46.810451,-24.20147],[-46.810528,-24.201485],[-46.810579,-24.201534],[-46.81064,-24.20162],[-46.810741,-24.201684],[-46.810832,-24.201722],[-46.810859,-24.201697],[-46.810853,-24.201654],[-46.810757,-24.201562],[-46.810718,-24.201522],[-46.810702,-24.201475],[-46.810739,-24.201448],[-46.810814,-24.201433],[-46.810892,-24.201406],[-46.810972,-24.201379],[-46.811055,-24.20139],[-46.811115,-24.201343],[-46.811159,-24.201251],[-46.811125,-24.201051],[-46.811022,-24.200849],[-46.810856,-24.200705],[-46.81069,-24.200649],[-46.810549,-24.200644],[-46.810458,-24.200676],[-46.810445,-24.200698],[-46.810452,-24.200721],[-46.810426,-24.20075],[-46.810386,-24.200787],[-46.810346,-24.200842],[-46.810313,-24.200841],[-46.81031,-24.200879],[-46.810287,-24.200897],[-46.810277,-24.200934],[-46.810294,-24.200967],[-46.810306,-24.201005],[-46.810319,-24.201059],[-46.810365,-24.201095],[-46.810388,-24.201117],[-46.810374,-24.201155],[-46.810315,-24.201149],[-46.810301,-24.20119],[-46.810254,-24.201212],[-46.810211,-24.201198],[-46.8102,-24.201163],[-46.810184,-24.201101],[-46.810196,-24.201045],[-46.810169,-24.200994],[-46.81012,-24.201015],[-46.810072,-24.200999],[-46.810022,-24.201011],[-46.809987,-24.200988],[-46.809928,-24.20098],[-46.809884,-24.200958],[-46.809846,-24.200993],[-46.809815,-24.201029],[-46.809769,-24.201054],[-46.809705,-24.201051],[-46.809631,-24.201047],[-46.809534,-24.201006],[-46.809488,-24.200955],[-46.809451,-24.200916],[-46.809399,-24.200874],[-46.809311,-24.20091],[-46.809281,-24.200963],[-46.809181,-24.200977],[-46.809155,-24.201029],[-46.809096,-24.201078],[-46.809,-24.20111],[-46.808946,-24.201182],[-46.808834,-24.201185],[-46.808782,-24.201247],[-46.808723,-24.201319],[-46.808634,-24.201342],[-46.808556,-24.201377],[-46.808455,-24.201378],[-46.808402,-24.201333],[-46.808361,-24.201286],[-46.808306,-24.201311],[-46.808209,-24.201362],[-46.808178,-24.201311],[-46.808202,-24.201273],[-46.808186,-24.201222],[-46.808113,-24.20122],[-46.808084,-24.201189],[-46.808093,-24.201153],[-46.80807,-24.201138],[-46.807952,-24.201138],[-46.807882,-24.201153],[-46.807833,-24.201142],[-46.807814,-24.201096],[-46.807854,-24.201055],[-46.807827,-24.201017],[-46.807777,-24.20097],[-46.807721,-24.200937],[-46.807673,-24.200974],[-46.807622,-24.200973],[-46.80756,-24.200965],[-46.807526,-24.200962],[-46.807494,-24.200997],[-46.807436,-24.200966],[-46.8074,-24.200977],[-46.807414,-24.201012],[-46.807362,-24.201011],[-46.807298,-24.200985],[-46.807247,-24.200979],[-46.807199,-24.200911],[-46.807117,-24.200918],[-46.807059,-24.200856],[-46.806987,-24.200846],[-46.806905,-24.20086],[-46.806828,-24.200915],[-46.806793,-24.200863],[-46.80674,-24.20086],[-46.806681,-24.20084],[-46.806613,-24.200807],[-46.806557,-24.200759],[-46.806479,-24.20074],[-46.806378,-24.200715],[-46.80634,-24.200771],[-46.806257,-24.200726],[-46.806199,-24.200768],[-46.806145,-24.20072],[-46.806091,-24.20071],[-46.806005,-24.200679],[-46.805925,-24.200651],[-46.805868,-24.200689],[-46.805736,-24.20068],[-46.805645,-24.200648],[-46.805597,-24.200542],[-46.805499,-24.200521],[-46.805345,-24.200501],[-46.805203,-24.200418],[-46.805104,-24.200425],[-46.804989,-24.200418],[-46.804897,-24.200387],[-46.804812,-24.200359],[-46.804779,-24.200307],[-46.804751,-24.200218],[-46.804794,-24.200122],[-46.804798,-24.200061],[-46.804796,-24.200058],[-46.804753,-24.200036],[-46.804728,-24.199983],[-46.804653,-24.19992],[-46.80464,-24.199876],[-46.804672,-24.199826],[-46.804652,-24.199748],[-46.804653,-24.19969],[-46.804673,-24.199626],[-46.804601,-24.199583],[-46.804549,-24.199572],[-46.804511,-24.199496],[-46.804457,-24.199449],[-46.804414,-24.199377],[-46.804436,-24.199309],[-46.804419,-24.199236],[-46.804352,-24.199215],[-46.804346,-24.199147],[-46.804441,-24.199031],[-46.804446,-24.198916],[-46.804482,-24.198869],[-46.804509,-24.198827],[-46.804554,-24.198816],[-46.804576,-24.198748],[-46.804571,-24.198642],[-46.804559,-24.198539],[-46.804582,-24.198499],[-46.804595,-24.198455],[-46.804518,-24.19836],[-46.804411,-24.198282],[-46.804357,-24.198206],[-46.804297,-24.198119],[-46.804245,-24.198087],[-46.804174,-24.198089],[-46.804103,-24.198123],[-46.804072,-24.198171],[-46.803994,-24.198225],[-46.803907,-24.198243],[-46.803829,-24.198239],[-46.803755,-24.19825],[-46.803715,-24.198303],[-46.803656,-24.198348],[-46.803553,-24.198385],[-46.803449,-24.198354],[-46.803315,-24.19834],[-46.803267,-24.198364],[-46.803277,-24.198417],[-46.80324,-24.198417],[-46.803204,-24.198383],[-46.80318,-24.19833],[-46.803137,-24.198314],[-46.803039,-24.198311],[-46.802974,-24.198249],[-46.802868,-24.198217],[-46.802799,-24.198211],[-46.802733,-24.198161],[-46.80269,-24.19821],[-46.802616,-24.1982],[-46.802538,-24.198115],[-46.802561,-24.198046],[-46.802481,-24.19795],[-46.80238,-24.197876],[-46.802302,-24.197861],[-46.802226,-24.197897],[-46.802144,-24.197889],[-46.802072,-24.197864],[-46.802005,-24.197806],[-46.801987,-24.197758],[-46.801985,-24.197714],[-46.801958,-24.197681],[-46.801836,-24.197599],[-46.80176,-24.197559],[-46.801718,-24.197578],[-46.801612,-24.197551],[-46.801555,-24.197492],[-46.801529,-24.197418],[-46.801585,-24.197316],[-46.80166,-24.197241],[-46.801753,-24.19715],[-46.801783,-24.197081],[-46.801839,-24.197011],[-46.801852,-24.196994],[-46.801852,-24.196958],[-46.801824,-24.196922],[-46.801792,-24.196868],[-46.801765,-24.19685],[-46.801737,-24.196847],[-46.80169,-24.196865],[-46.801635,-24.19683],[-46.801615,-24.196839],[-46.801544,-24.196875],[-46.801511,-24.196884],[-46.801477,-24.196909],[-46.801392,-24.196968],[-46.801281,-24.196992],[-46.801218,-24.19698],[-46.801127,-24.196959],[-46.801077,-24.196896],[-46.801083,-24.196837],[-46.80117,-24.196721],[-46.801202,-24.196645],[-46.80117,-24.196572],[-46.801124,-24.19654],[-46.80109,-24.196454],[-46.801102,-24.196343],[-46.801086,-24.196289],[-46.801043,-24.196151],[-46.800994,-24.196101],[-46.800956,-24.196034],[-46.800996,-24.195944],[-46.801074,-24.195924],[-46.801155,-24.195959],[-46.801167,-24.19594],[-46.801168,-24.195905],[-46.801138,-24.195866],[-46.801037,-24.195736],[-46.800913,-24.195601],[-46.800745,-24.195476],[-46.800267,-24.195117],[-46.800007,-24.194965],[-46.799685,-24.194778],[-46.799033,-24.19446],[-46.798182,-24.194132],[-46.797196,-24.19384],[-46.796479,-24.193696],[-46.796304,-24.193668],[-46.795868,-24.193611],[-46.795506,-24.193617],[-46.795279,-24.193667],[-46.795176,-24.19376],[-46.795142,-24.193827],[-46.795172,-24.193875],[-46.795215,-24.193929],[-46.795294,-24.193956],[-46.795371,-24.194023],[-46.795413,-24.194066],[-46.79538,-24.194112],[-46.795309,-24.194123],[-46.795265,-24.194114],[-46.795235,-24.194135],[-46.795241,-24.194169],[-46.795307,-24.194188],[-46.795319,-24.194229],[-46.795275,-24.194277],[-46.795206,-24.194285],[-46.795158,-24.194259],[-46.795116,-24.194209],[-46.795063,-24.194175],[-46.795051,-24.194113],[-46.795011,-24.194077],[-46.794934,-24.194117],[-46.794929,-24.194167],[-46.794958,-24.194213],[-46.795006,-24.194266],[-46.795028,-24.194323],[-46.795076,-24.194353],[-46.795146,-24.194385],[-46.795231,-24.194445],[-46.795278,-24.194509],[-46.795314,-24.194592],[-46.795379,-24.194641],[-46.795437,-24.194674],[-46.795484,-24.194701],[-46.795548,-24.194718],[-46.795591,-24.194756],[-46.795629,-24.194801],[-46.795621,-24.194855],[-46.795562,-24.194876],[-46.795481,-24.194837],[-46.795373,-24.194788],[-46.79527,-24.194677],[-46.795218,-24.194595],[-46.795131,-24.194533],[-46.795013,-24.194471],[-46.794946,-24.194402],[-46.794808,-24.194311],[-46.794692,-24.194248],[-46.794609,-24.194188],[-46.794527,-24.194134],[-46.794431,-24.194086],[-46.794342,-24.194043],[-46.794254,-24.193993],[-46.794117,-24.193963],[-46.794008,-24.193934],[-46.793893,-24.193876],[-46.793752,-24.193648],[-46.793539,-24.192755],[-46.793294,-24.19215],[-46.793055,-24.191737],[-46.792837,-24.191434],[-46.792616,-24.191181],[-46.792501,-24.191097],[-46.792407,-24.19113],[-46.792346,-24.19111],[-46.792302,-24.191093],[-46.792259,-24.191119],[-46.792173,-24.191092],[-46.792058,-24.191032],[-46.791995,-24.191051],[-46.791901,-24.191013],[-46.79184,-24.190981],[-46.79179,-24.190988],[-46.791727,-24.190975],[-46.791665,-24.190959],[-46.791547,-24.190888],[-46.791444,-24.190831],[-46.791388,-24.190741],[-46.791306,-24.190671],[-46.791183,-24.190673],[-46.791093,-24.190621],[-46.79099,-24.19056],[-46.790916,-24.19052],[-46.790859,-24.190398],[-46.790791,-24.190326],[-46.790671,-24.190246],[-46.790612,-24.190114],[-46.790571,-24.189992],[-46.790442,-24.189855],[-46.790352,-24.189791],[-46.790316,-24.189725],[-46.790249,-24.189623],[-46.790076,-24.18954],[-46.789988,-24.189457],[-46.789857,-24.189422],[-46.789806,-24.18937],[-46.78978,-24.189258],[-46.789751,-24.189188],[-46.789712,-24.189145],[-46.789674,-24.189095],[-46.789594,-24.189046],[-46.78952,-24.18906],[-46.789425,-24.189061],[-46.789339,-24.189087],[-46.789259,-24.1891],[-46.789161,-24.189051],[-46.78911,-24.189017],[-46.789103,-24.18897],[-46.789001,-24.188285],[-46.788846,-24.187246],[-46.787939,-24.186867],[-46.787804,-24.186811],[-46.786956,-24.186493],[-46.785892,-24.186075],[-46.78488,-24.185601],[-46.783397,-24.184862],[-46.783326,-24.184823],[-46.780283,-24.183145],[-46.779299,-24.182605],[-46.778794,-24.182329],[-46.775081,-24.180412],[-46.773678,-24.179688],[-46.773043,-24.179361],[-46.770365,-24.177896],[-46.769119,-24.177215],[-46.76882,-24.177051],[-46.766841,-24.176031],[-46.76521,-24.175157],[-46.763437,-24.174208],[-46.762902,-24.173921],[-46.762572,-24.173745],[-46.759265,-24.171938],[-46.757754,-24.171112],[-46.756117,-24.170218],[-46.755861,-24.170078],[-46.754028,-24.169109],[-46.751208,-24.167617],[-46.748971,-24.166434],[-46.748397,-24.166111],[-46.745563,-24.164514],[-46.745086,-24.164245],[-46.74204,-24.162529],[-46.740913,-24.161893],[-46.738494,-24.160542],[-46.736895,-24.159648],[-46.733563,-24.157786],[-46.728398,-24.1549],[-46.72685,-24.154027],[-46.722268,-24.151442],[-46.72041,-24.150393],[-46.715817,-24.147802],[-46.712479,-24.145919],[-46.709386,-24.144136],[-46.710321,-24.1434],[-46.710349,-24.143377],[-46.711988,-24.142107],[-46.712428,-24.14179],[-46.713575,-24.140965],[-46.713714,-24.140861],[-46.713854,-24.140756],[-46.720611,-24.135698],[-46.724924,-24.132477],[-46.725023,-24.132403],[-46.725168,-24.132303],[-46.725326,-24.132338],[-46.725496,-24.132304],[-46.725654,-24.13214],[-46.725786,-24.131899],[-46.725824,-24.131674],[-46.725789,-24.131443],[-46.725672,-24.131221],[-46.725716,-24.131025],[-46.725954,-24.130917],[-46.726388,-24.130656],[-46.726649,-24.130461],[-46.727018,-24.129745],[-46.727278,-24.129072],[-46.727539,-24.128138],[-46.727604,-24.127379],[-46.727821,-24.126441],[-46.727951,-24.125425],[-46.728038,-24.124904],[-46.728277,-24.124481],[-46.72864,-24.124296],[-46.728982,-24.12434],[-46.729007,-24.124302],[-46.729098,-24.124233],[-46.729143,-24.124097],[-46.729143,-24.123989],[-46.729115,-24.123831],[-46.72903,-24.123706],[-46.728906,-24.123672],[-46.728702,-24.123644],[-46.728554,-24.123638],[-46.728401,-24.123599],[-46.728241,-24.123374],[-46.728207,-24.123176],[-46.728186,-24.122987],[-46.728192,-24.122823],[-46.728073,-24.122749],[-46.727933,-24.122721],[-46.727861,-24.122641],[-46.727867,-24.122426],[-46.727812,-24.12229],[-46.727631,-24.122069],[-46.727459,-24.121933],[-46.727282,-24.121863],[-46.727171,-24.121685],[-46.727131,-24.121439],[-46.727015,-24.121185],[-46.726949,-24.121089],[-46.726937,-24.120962],[-46.727038,-24.120873],[-46.727171,-24.120784],[-46.727282,-24.120628],[-46.727434,-24.120593],[-46.727537,-24.120553],[-46.727617,-24.120488],[-46.727616,-24.120372],[-46.727572,-24.120194],[-46.727716,-24.119983],[-46.727839,-24.119916],[-46.727993,-24.119872],[-46.727899,-24.119487],[-46.727697,-24.119108],[-46.727558,-24.118935],[-46.72725,-24.11819],[-46.727218,-24.11802],[-46.727213,-24.117847],[-46.727208,-24.117617],[-46.727184,-24.117454],[-46.726935,-24.117344],[-46.726882,-24.117261],[-46.726892,-24.117157],[-46.726954,-24.117073],[-46.727054,-24.11704],[-46.727344,-24.117062],[-46.727422,-24.117106],[-46.727522,-24.117084],[-46.727566,-24.116995],[-46.727555,-24.116806],[-46.727588,-24.116594],[-46.727711,-24.11655],[-46.727945,-24.116517],[-46.728301,-24.116539],[-46.728523,-24.116361],[-46.728612,-24.11625],[-46.728623,-24.116038],[-46.728668,-24.115782],[-46.728779,-24.115515],[-46.728991,-24.115426],[-46.72918,-24.114903],[-46.729347,-24.114681],[-46.729491,-24.114525],[-46.729569,-24.114258],[-46.729547,-24.114091],[-46.72961,-24.114026],[-46.72974,-24.114002],[-46.729874,-24.11407],[-46.72997,-24.114199],[-46.730081,-24.114302],[-46.73027,-24.114336],[-46.730415,-24.114213],[-46.730526,-24.114057],[-46.730649,-24.113935],[-46.730757,-24.113971],[-46.730941,-24.113994],[-46.731063,-24.113892],[-46.731149,-24.113868],[-46.731283,-24.113924],[-46.731426,-24.113939],[-46.731594,-24.113868],[-46.73175,-24.113735],[-46.731782,-24.11359],[-46.731739,-24.113379],[-46.731873,-24.113178],[-46.732106,-24.113045],[-46.732206,-24.1127],[-46.732362,-24.112477],[-46.732393,-24.112158],[-46.73222,-24.111514],[-46.732059,-24.111272],[-46.731872,-24.111146],[-46.731689,-24.11107],[-46.7315,-24.111131],[-46.731255,-24.110803],[-46.731305,-24.110686],[-46.731416,-24.110591],[-46.731583,-24.110519],[-46.731628,-24.110463],[-46.731629,-24.11033],[-46.731513,-24.1101],[-46.731377,-24.109896],[-46.731418,-24.10975],[-46.731561,-24.109612],[-46.731661,-24.109467],[-46.73175,-24.109361],[-46.732067,-24.109084],[-46.732112,-24.108966],[-46.732173,-24.108855],[-46.732557,-24.108688],[-46.732635,-24.108571],[-46.732757,-24.10851],[-46.732958,-24.108749],[-46.733115,-24.108794],[-46.73333,-24.108722],[-46.733514,-24.108516],[-46.733636,-24.10846],[-46.733792,-24.108455],[-46.733915,-24.108432],[-46.734042,-24.108471],[-46.734115,-24.108633],[-46.734476,-24.108905],[-46.734604,-24.108944],[-46.734777,-24.108816],[-46.735133,-24.108672],[-46.735539,-24.108677],[-46.735739,-24.108549],[-46.735773,-24.108416],[-46.735883,-24.10821],[-46.735953,-24.108148],[-46.73602,-24.108033],[-46.736025,-24.107923],[-46.735898,-24.107793],[-46.736014,-24.107788],[-46.736131,-24.107783],[-46.736243,-24.107748],[-46.736301,-24.107676],[-46.736446,-24.107609],[-46.736518,-24.107562],[-46.736539,-24.107474],[-46.736544,-24.107332],[-46.736509,-24.1072],[-46.736479,-24.107053],[-46.736461,-24.106913],[-46.736502,-24.106797],[-46.73664,-24.106679],[-46.736782,-24.106643],[-46.736849,-24.106774],[-46.736959,-24.106893],[-46.73705,-24.106936],[-46.737124,-24.106928],[-46.737219,-24.106856],[-46.737302,-24.106816],[-46.737356,-24.106756],[-46.73743,-24.106651],[-46.737569,-24.106511],[-46.737697,-24.106456],[-46.737873,-24.106479],[-46.738103,-24.106516],[-46.738248,-24.106469],[-46.738329,-24.106324],[-46.738346,-24.106153],[-46.738303,-24.106004],[-46.738308,-24.10585],[-46.738397,-24.105794],[-46.738491,-24.105807],[-46.738602,-24.105901],[-46.738756,-24.106012],[-46.738948,-24.106076],[-46.739144,-24.10614],[-46.739302,-24.10608],[-46.739387,-24.105999],[-46.739605,-24.106008],[-46.739853,-24.106106],[-46.740019,-24.106153],[-46.740173,-24.106119],[-46.740233,-24.106008],[-46.740139,-24.105858],[-46.7401,-24.105756],[-46.740177,-24.105675],[-46.740147,-24.105474],[-46.740036,-24.10524],[-46.739831,-24.105086],[-46.739639,-24.104992],[-46.739503,-24.104902],[-46.739439,-24.10477],[-46.739392,-24.104578],[-46.7394,-24.10416],[-46.739319,-24.103805],[-46.739123,-24.103417],[-46.738991,-24.10299],[-46.739016,-24.102785],[-46.739131,-24.102687],[-46.739336,-24.102674],[-46.739554,-24.102858],[-46.739691,-24.103182],[-46.739797,-24.103417],[-46.740023,-24.103545],[-46.740177,-24.103558],[-46.740228,-24.103643],[-46.740203,-24.103767],[-46.740134,-24.103818],[-46.740015,-24.103814],[-46.739819,-24.103852],[-46.739737,-24.103938],[-46.73975,-24.104032],[-46.739857,-24.104066],[-46.739972,-24.104049],[-46.740139,-24.104091],[-46.740527,-24.104339],[-46.74086,-24.104527],[-46.740958,-24.104582],[-46.741061,-24.104501],[-46.741091,-24.104394],[-46.740997,-24.104198],[-46.740933,-24.103989],[-46.740954,-24.103865],[-46.741099,-24.103805],[-46.741266,-24.103767],[-46.741419,-24.103754],[-46.741569,-24.103801],[-46.741671,-24.103831],[-46.741697,-24.103959],[-46.741684,-24.104211],[-46.741744,-24.104352],[-46.742025,-24.10442],[-46.742324,-24.104582],[-46.74273,-24.104774],[-46.743161,-24.10489],[-46.74343,-24.104877],[-46.743669,-24.104796],[-46.743762,-24.104722],[-46.743792,-24.104569],[-46.743754,-24.104437],[-46.743703,-24.104305],[-46.743609,-24.104044],[-46.743626,-24.103895],[-46.743681,-24.10381],[-46.74378,-24.103746],[-46.743882,-24.103763],[-46.743942,-24.103959],[-46.743997,-24.104275],[-46.744104,-24.104484],[-46.744232,-24.104616],[-46.744364,-24.104608],[-46.744437,-24.10448],[-46.744569,-24.104318],[-46.744838,-24.104151],[-46.745145,-24.104023],[-46.74541,-24.103801],[-46.745645,-24.103656],[-46.745905,-24.103571],[-46.746136,-24.103613],[-46.746332,-24.10363],[-46.746452,-24.103528],[-46.746503,-24.103361],[-46.746605,-24.103268],[-46.746716,-24.103263],[-46.746831,-24.103319],[-46.746908,-24.10346],[-46.746917,-24.103763],[-46.746964,-24.103903],[-46.747079,-24.103942],[-46.747211,-24.103963],[-46.747322,-24.103869],[-46.74748,-24.1036],[-46.747621,-24.103477],[-46.747745,-24.103451],[-46.747923,-24.103494],[-46.748073,-24.103628],[-46.748202,-24.10378],[-46.748453,-24.103955],[-46.748675,-24.104049],[-46.74891,-24.104125],[-46.749192,-24.104134],[-46.749409,-24.104096],[-46.749525,-24.104019],[-46.749538,-24.103797],[-46.749538,-24.103524],[-46.749529,-24.103242],[-46.749487,-24.10288],[-46.749424,-24.102626],[-46.749473,-24.102358],[-46.749646,-24.102152],[-46.749918,-24.101977],[-46.750152,-24.101923],[-46.750297,-24.101838],[-46.750652,-24.10165],[-46.750929,-24.101505],[-46.751198,-24.101377],[-46.751399,-24.101313],[-46.751791,-24.101172],[-46.752005,-24.101112],[-46.752145,-24.101142],[-46.752457,-24.101279],[-46.753435,-24.101573],[-46.75355,-24.101556],[-46.753605,-24.101381],[-46.753592,-24.101253],[-46.753503,-24.101133],[-46.753443,-24.100813],[-46.753499,-24.100583],[-46.753555,-24.100498],[-46.753652,-24.100485],[-46.753742,-24.100553],[-46.753849,-24.100685],[-46.754006,-24.100877],[-46.754045,-24.101074],[-46.754318,-24.101483],[-46.754438,-24.10162],[-46.754527,-24.101705],[-46.75463,-24.101718],[-46.754728,-24.101671],[-46.754826,-24.101564],[-46.754907,-24.101296],[-46.755172,-24.100438],[-46.755394,-24.099908],[-46.755547,-24.099759],[-46.755671,-24.099674],[-46.755803,-24.099652],[-46.755919,-24.099686],[-46.755974,-24.099879],[-46.756,-24.1001],[-46.755991,-24.100318],[-46.756013,-24.100489],[-46.756109,-24.100619],[-46.756175,-24.100719],[-46.756303,-24.100749],[-46.756418,-24.100672],[-46.756491,-24.100502],[-46.75652,-24.100327],[-46.756358,-24.099588],[-46.756354,-24.099302],[-46.756392,-24.099161],[-46.756866,-24.098893],[-46.757229,-24.09879],[-46.758057,-24.098602],[-46.758168,-24.098508],[-46.75816,-24.098372],[-46.758078,-24.098248],[-46.757822,-24.098154],[-46.757758,-24.098026],[-46.757746,-24.097843],[-46.757835,-24.097685],[-46.758019,-24.097591],[-46.758202,-24.097621],[-46.758446,-24.097732],[-46.75865,-24.097787],[-46.758787,-24.097744],[-46.758971,-24.097629],[-46.759538,-24.097232],[-46.7597,-24.097232],[-46.759899,-24.09729],[-46.760008,-24.097387],[-46.760008,-24.097548],[-46.759794,-24.09774],[-46.759598,-24.097928],[-46.759615,-24.098022],[-46.759713,-24.098094],[-46.759986,-24.098222],[-46.760119,-24.09839],[-46.760204,-24.09844],[-46.76026,-24.098432],[-46.760345,-24.098389],[-46.760409,-24.098265],[-46.76058,-24.098036],[-46.760778,-24.09772],[-46.760925,-24.097297],[-46.760981,-24.097189],[-46.761109,-24.09713],[-46.761254,-24.097151],[-46.761523,-24.097266],[-46.761911,-24.09745],[-46.76221,-24.097851],[-46.762385,-24.098325],[-46.762453,-24.098636],[-46.762547,-24.098995],[-46.762479,-24.099157],[-46.762317,-24.099251],[-46.762223,-24.099388],[-46.762342,-24.099507],[-46.76259,-24.09955],[-46.762923,-24.099558],[-46.763153,-24.099635],[-46.763316,-24.09996],[-46.763529,-24.100233],[-46.763777,-24.10048],[-46.764028,-24.10063],[-46.764221,-24.100342],[-46.764227,-24.10034],[-46.764263,-24.100105],[-46.76431,-24.09978],[-46.764366,-24.099447],[-46.764434,-24.099183],[-46.764541,-24.099046],[-46.764711,-24.099003],[-46.764878,-24.099046],[-46.765164,-24.099405],[-46.765343,-24.099605],[-46.765514,-24.099793],[-46.765591,-24.099836],[-46.76571,-24.099857],[-46.766414,-24.099934],[-46.766756,-24.100058],[-46.767443,-24.100429],[-46.767896,-24.100809],[-46.767968,-24.100967],[-46.7679,-24.101104],[-46.767793,-24.101214],[-46.767712,-24.1013],[-46.767704,-24.10136],[-46.767768,-24.101414],[-46.767989,-24.101539],[-46.76819,-24.101637],[-46.768442,-24.101731],[-46.768655,-24.101765],[-46.768911,-24.101663],[-46.769065,-24.101496],[-46.769172,-24.101172],[-46.769334,-24.100839],[-46.76974,-24.100046],[-46.769857,-24.099968],[-46.770014,-24.100006],[-46.771008,-24.100631],[-46.771186,-24.100941],[-46.771152,-24.101112],[-46.771029,-24.101321],[-46.770913,-24.10156],[-46.770935,-24.101812],[-46.771016,-24.101957],[-46.771242,-24.10197],[-46.77143,-24.101889],[-46.771669,-24.101594],[-46.771852,-24.101206],[-46.772143,-24.100946],[-46.772288,-24.100869],[-46.772497,-24.100933],[-46.77274,-24.101078],[-46.773047,-24.101018],[-46.773218,-24.100924],[-46.773402,-24.100919],[-46.773564,-24.10092],[-46.773692,-24.100971],[-46.773747,-24.101086],[-46.773794,-24.101291],[-46.773978,-24.101466],[-46.774272,-24.10162],[-46.774541,-24.10188],[-46.774746,-24.102196],[-46.775069,-24.102459],[-46.775322,-24.102589],[-46.775574,-24.102623],[-46.775707,-24.102555],[-46.77586,-24.102388],[-46.776022,-24.102324],[-46.776197,-24.102247],[-46.776355,-24.102234],[-46.776535,-24.10235],[-46.776654,-24.102504],[-46.776791,-24.102674],[-46.776991,-24.102832],[-46.777149,-24.10293],[-46.77732,-24.10293],[-46.77744,-24.102862],[-46.777768,-24.102508],[-46.777965,-24.102457],[-46.77817,-24.102472],[-46.77831,-24.102508],[-46.778413,-24.10261],[-46.778421,-24.102725],[-46.778327,-24.102943],[-46.778212,-24.103131],[-46.77814,-24.103315],[-46.778144,-24.103494],[-46.778276,-24.10362],[-46.778434,-24.103763],[-46.778524,-24.103767],[-46.778633,-24.103735],[-46.778744,-24.103688],[-46.778901,-24.103756],[-46.77913,-24.103978],[-46.77923,-24.104104],[-46.779153,-24.10448],[-46.779025,-24.104924],[-46.779092,-24.105204],[-46.779256,-24.10547],[-46.779546,-24.105564],[-46.779956,-24.105427],[-46.78063,-24.105427],[-46.781356,-24.105547],[-46.781815,-24.10572],[-46.783012,-24.106418],[-46.783217,-24.106358],[-46.78343,-24.106025],[-46.783618,-24.105991],[-46.783806,-24.10617],[-46.783772,-24.106435],[-46.783413,-24.106887],[-46.783353,-24.107177],[-46.783558,-24.107374],[-46.783823,-24.107408],[-46.784745,-24.107297],[-46.785009,-24.107305],[-46.785103,-24.107459],[-46.785069,-24.107681],[-46.784787,-24.107911],[-46.783985,-24.108065],[-46.783848,-24.10821],[-46.78384,-24.108483],[-46.783959,-24.108731],[-46.784181,-24.108876],[-46.785351,-24.108953],[-46.785556,-24.109124],[-46.78553,-24.109448],[-46.785359,-24.109585],[-46.784753,-24.109687],[-46.78419,-24.109909],[-46.783908,-24.110174],[-46.783985,-24.11037],[-46.784437,-24.110507],[-46.785069,-24.110626],[-46.78565,-24.110592],[-46.786179,-24.110626],[-46.786475,-24.110786],[-46.786666,-24.111121],[-46.78687,-24.11119],[-46.787041,-24.110993],[-46.786998,-24.110507],[-46.787007,-24.110148],[-46.787109,-24.109943],[-46.787331,-24.109901],[-46.787536,-24.109986],[-46.787613,-24.110259],[-46.787707,-24.110788],[-46.788006,-24.11136],[-46.788057,-24.111753],[-46.787818,-24.111983],[-46.787348,-24.112265],[-46.78693,-24.112701],[-46.786922,-24.112948],[-46.787067,-24.113102],[-46.78734,-24.11317],[-46.788202,-24.113042],[-46.788868,-24.112846],[-46.78915,-24.112948],[-46.789167,-24.113307],[-46.788962,-24.113674],[-46.788595,-24.113827],[-46.787972,-24.113836],[-46.787587,-24.114066],[-46.787178,-24.114485],[-46.787058,-24.114783],[-46.787109,-24.114954],[-46.787366,-24.115031],[-46.787698,-24.115014],[-46.788083,-24.114835],[-46.788595,-24.114775],[-46.788935,-24.114885],[-46.789035,-24.114929],[-46.789128,-24.114951],[-46.789279,-24.115031],[-46.789435,-24.115258],[-46.789454,-24.115436],[-46.789526,-24.115578],[-46.789646,-24.115766],[-46.789906,-24.115867],[-46.790273,-24.115742],[-46.790557,-24.115366],[-46.790887,-24.11494],[-46.79112,-24.11479],[-46.791412,-24.114817],[-46.791677,-24.114947],[-46.791893,-24.115254],[-46.792089,-24.115627],[-46.792214,-24.1159],[-46.792293,-24.116089],[-46.79234,-24.116288],[-46.792295,-24.116501],[-46.792141,-24.11675],[-46.791636,-24.11714],[-46.791078,-24.117413],[-46.790703,-24.117613],[-46.790539,-24.117755],[-46.790485,-24.117902],[-46.790531,-24.118109],[-46.790742,-24.11831],[-46.791066,-24.118462],[-46.791425,-24.118654],[-46.791695,-24.118845],[-46.791783,-24.119081],[-46.791924,-24.119284],[-46.792042,-24.119525],[-46.791856,-24.119674],[-46.791488,-24.11973],[-46.791191,-24.119761],[-46.790839,-24.119841],[-46.790561,-24.119886],[-46.790384,-24.120122],[-46.790232,-24.12049],[-46.789756,-24.120858],[-46.789122,-24.121222],[-46.78869,-24.121629],[-46.7884,-24.121938],[-46.788317,-24.122208],[-46.788459,-24.122508],[-46.78885,-24.122721],[-46.789404,-24.122842],[-46.789706,-24.122952],[-46.790006,-24.123193],[-46.790134,-24.123367],[-46.789866,-24.123724],[-46.789287,-24.124118],[-46.789151,-24.12426],[-46.789131,-24.124453],[-46.789224,-24.12467],[-46.789434,-24.124735],[-46.789705,-24.124801],[-46.790003,-24.124712],[-46.790378,-24.124534],[-46.790723,-24.124195],[-46.791088,-24.123912],[-46.791309,-24.123821],[-46.791508,-24.123883],[-46.791714,-24.124153],[-46.791822,-24.124268],[-46.791933,-24.124391],[-46.792161,-24.124624],[-46.79223,-24.124789],[-46.792348,-24.125073],[-46.792534,-24.125677],[-46.792392,-24.126139],[-46.792166,-24.12703],[-46.792083,-24.127648],[-46.792265,-24.12842],[-46.792384,-24.129087],[-46.792043,-24.130027],[-46.791331,-24.130405],[-46.790822,-24.130752],[-46.790452,-24.130797],[-46.790042,-24.131002],[-46.789829,-24.131171],[-46.789613,-24.131439],[-46.789666,-24.132045],[-46.789854,-24.132336],[-46.790042,-24.132472],[-46.790401,-24.132489],[-46.79182,-24.132301],[-46.79223,-24.132113],[-46.792675,-24.131994],[-46.793147,-24.131747],[-46.793634,-24.131459],[-46.79412,-24.130882],[-46.794522,-24.13054],[-46.795069,-24.130489],[-46.795667,-24.13054],[-46.796798,-24.131572],[-46.797206,-24.131925],[-46.797633,-24.132045],[-46.798386,-24.132182],[-46.799264,-24.132214],[-46.800058,-24.132038],[-46.800464,-24.131949],[-46.80085,-24.131854],[-46.801373,-24.131837],[-46.801897,-24.131876],[-46.802683,-24.132102],[-46.802959,-24.13229],[-46.803242,-24.132575],[-46.803457,-24.132953],[-46.803484,-24.133414],[-46.80345,-24.133984],[-46.803213,-24.134693],[-46.802901,-24.135247],[-46.802497,-24.135687],[-46.801955,-24.135999],[-46.801335,-24.136013],[-46.800895,-24.135993],[-46.800489,-24.135892],[-46.799993,-24.135824],[-46.799667,-24.135813],[-46.79936,-24.135841],[-46.799089,-24.135955],[-46.798955,-24.136075],[-46.798828,-24.136285],[-46.798745,-24.136627],[-46.798899,-24.136935],[-46.799121,-24.137363],[-46.799278,-24.137709],[-46.799302,-24.137944],[-46.799334,-24.13827],[-46.799307,-24.138532],[-46.799307,-24.138873],[-46.799307,-24.139321],[-46.799518,-24.139507],[-46.7999,-24.139676],[-46.800375,-24.139739],[-46.800768,-24.139646],[-46.801208,-24.139438],[-46.801601,-24.139114],[-46.801972,-24.138813],[-46.802365,-24.138442],[-46.802757,-24.138176],[-46.803205,-24.138129],[-46.80365,-24.138129],[-46.804212,-24.138322],[-46.804628,-24.138515],[-46.805055,-24.138831],[-46.805452,-24.139088],[-46.805786,-24.139383],[-46.805972,-24.139844],[-46.805943,-24.140315],[-46.805845,-24.140679],[-46.805403,-24.140787],[-46.803724,-24.140463],[-46.803242,-24.140531],[-46.802997,-24.140767],[-46.80282,-24.14114],[-46.802928,-24.141612],[-46.804342,-24.14279],[-46.805383,-24.143762],[-46.806767,-24.145045],[-46.807555,-24.145963],[-46.80847,-24.146575],[-46.809504,-24.14709],[-46.809877,-24.147208],[-46.810173,-24.147031],[-46.810267,-24.146747],[-46.810226,-24.14628],[-46.809404,-24.145487],[-46.808529,-24.145073],[-46.807719,-24.144464],[-46.807807,-24.144015],[-46.808464,-24.143778],[-46.810646,-24.143778],[-46.811308,-24.143997],[-46.812402,-24.144606],[-46.812822,-24.144441],[-46.813116,-24.143876],[-46.813653,-24.143263],[-46.814184,-24.142906],[-46.814786,-24.142585],[-46.815568,-24.14227],[-46.816432,-24.14206],[-46.817717,-24.141727],[-46.81854,-24.141096],[-46.81889,-24.140699],[-46.819118,-24.140238],[-46.8192,-24.139613],[-46.819404,-24.139263],[-46.819865,-24.139006],[-46.820157,-24.139035],[-46.820367,-24.139082],[-46.820671,-24.139403],[-46.821074,-24.139993],[-46.821401,-24.140583],[-46.821745,-24.141289],[-46.822107,-24.141359],[-46.822586,-24.141032],[-46.822785,-24.140559],[-46.82289,-24.139917],[-46.822656,-24.139193],[-46.822207,-24.138819],[-46.821985,-24.138574],[-46.821979,-24.138329],[-46.822137,-24.13806],[-46.82237,-24.137722],[-46.822691,-24.137371],[-46.823188,-24.137033],[-46.823789,-24.136782],[-46.824227,-24.136676],[-46.824957,-24.136688],[-46.825803,-24.136706],[-46.826492,-24.136799],[-46.827864,-24.137138],[-46.828565,-24.13726],[-46.831146,-24.138194],[-46.833224,-24.138872],[-46.833727,-24.139082],[-46.834159,-24.139351],[-46.835175,-24.139993],[-46.836634,-24.140615],[-46.837638,-24.140857],[-46.838152,-24.141091],[-46.838146,-24.141488],[-46.837739,-24.142574],[-46.837177,-24.143369],[-46.837118,-24.143951],[-46.837632,-24.144556],[-46.838146,-24.144881],[-46.838806,-24.145254],[-46.839822,-24.14568],[-46.840097,-24.145849],[-46.840132,-24.146147],[-46.839612,-24.146532],[-46.837942,-24.146772],[-46.83758,-24.147005],[-46.837452,-24.147285],[-46.837808,-24.147682],[-46.838567,-24.148044],[-46.839659,-24.148173],[-46.840424,-24.147986],[-46.841264,-24.147665],[-46.841539,-24.147706],[-46.841708,-24.148027],[-46.841778,-24.148681],[-46.841837,-24.149603],[-46.842064,-24.15],[-46.842572,-24.150035],[-46.842852,-24.149802],[-46.843226,-24.149236],[-46.843489,-24.14864],[-46.843693,-24.148126],[-46.843903,-24.147934],[-46.844423,-24.147607],[-46.844651,-24.14728],[-46.844604,-24.146614],[-46.844312,-24.146094],[-46.843787,-24.145499],[-46.843337,-24.144973],[-46.843279,-24.144419],[-46.843582,-24.144092],[-46.844055,-24.143846],[-46.844587,-24.143625],[-46.845579,-24.143368],[-46.846472,-24.143251],[-46.847015,-24.142901],[-46.847441,-24.142176],[-46.847389,-24.141604],[-46.847412,-24.141176],[-46.847757,-24.140907],[-46.848104,-24.140839],[-46.848475,-24.140892],[-46.84879,-24.141055],[-46.849091,-24.14133],[-46.849304,-24.141561],[-46.849579,-24.141762],[-46.849862,-24.141887],[-46.850206,-24.141876],[-46.850373,-24.141628],[-46.85049,-24.141076],[-46.850492,-24.14062],[-46.850399,-24.140042],[-46.850221,-24.139549],[-46.850095,-24.139155],[-46.850017,-24.138878],[-46.849818,-24.137929],[-46.849725,-24.137284],[-46.849666,-24.136872],[-46.849375,-24.136435],[-46.84906,-24.136054],[-46.849044,-24.135612],[-46.849292,-24.135305],[-46.849977,-24.135051],[-46.851164,-24.134803],[-46.851617,-24.134734],[-46.852257,-24.134463],[-46.852622,-24.134121],[-46.853061,-24.133515],[-46.853416,-24.133358],[-46.853767,-24.133365],[-46.854185,-24.133381],[-46.854704,-24.133563],[-46.856725,-24.13459],[-46.858332,-24.135109],[-46.859204,-24.135628],[-46.85982,-24.136211],[-46.860427,-24.137073],[-46.861675,-24.139196],[-46.861985,-24.139708],[-46.86219,-24.139896],[-46.862694,-24.140223],[-46.863102,-24.140477],[-46.863445,-24.140952],[-46.863743,-24.141669],[-46.863826,-24.142161],[-46.863711,-24.142794],[-46.863351,-24.143503],[-46.863136,-24.144414],[-46.863038,-24.145296],[-46.863113,-24.146385],[-46.86329,-24.147374],[-46.863582,-24.148323],[-46.864279,-24.149571],[-46.864798,-24.150273],[-46.865206,-24.151051],[-46.865492,-24.151597],[-46.865806,-24.151856],[-46.866401,-24.152026],[-46.867056,-24.152138],[-46.867428,-24.152315],[-46.867829,-24.152647],[-46.867951,-24.153011],[-46.867791,-24.153227],[-46.867294,-24.153381],[-46.866741,-24.153326],[-46.865952,-24.153382],[-46.865808,-24.153641],[-46.866035,-24.154143],[-46.866555,-24.154549],[-46.86701,-24.154654],[-46.867487,-24.15464],[-46.867945,-24.154535],[-46.868348,-24.154315],[-46.868834,-24.153812],[-46.869171,-24.153155],[-46.869353,-24.153022],[-46.869646,-24.153017],[-46.86995,-24.153144],[-46.870253,-24.153442],[-46.870375,-24.153873],[-46.870303,-24.154762],[-46.87049,-24.155081],[-46.870981,-24.155075],[-46.871261,-24.154596],[-46.871456,-24.153972],[-46.871407,-24.153354],[-46.871444,-24.152584],[-46.871534,-24.152073],[-46.871948,-24.151322],[-46.872418,-24.150681],[-46.872595,-24.150217],[-46.872502,-24.14918],[-46.872563,-24.148721],[-46.872936,-24.148226],[-46.873312,-24.147868],[-46.874002,-24.14746],[-46.877071,-24.146488],[-46.877843,-24.146136],[-46.879236,-24.145841],[-46.879838,-24.145766],[-46.880258,-24.145624],[-46.880742,-24.145443],[-46.88098,-24.145389],[-46.88147,-24.145496],[-46.882116,-24.14586],[-46.882342,-24.145898],[-46.882479,-24.145905],[-46.882574,-24.145797],[-46.882517,-24.145666],[-46.881777,-24.144348],[-46.881752,-24.144191],[-46.881928,-24.144059],[-46.882172,-24.144003],[-46.882511,-24.144041],[-46.883056,-24.144232],[-46.883295,-24.144637],[-46.883264,-24.145245],[-46.883208,-24.145954],[-46.883239,-24.146155],[-46.88339,-24.146281],[-46.883735,-24.14603],[-46.884023,-24.145659],[-46.884268,-24.14527],[-46.884369,-24.1448],[-46.884381,-24.144367],[-46.884513,-24.144084],[-46.884701,-24.14394],[-46.884933,-24.143971],[-46.885247,-24.144135],[-46.885467,-24.144128],[-46.885661,-24.143984],[-46.885667,-24.143764],[-46.885649,-24.143495],[-46.885511,-24.143231],[-46.885216,-24.14293],[-46.884922,-24.142711],[-46.884671,-24.142609],[-46.884451,-24.142664],[-46.884322,-24.142892],[-46.884136,-24.1432],[-46.883942,-24.143313],[-46.883672,-24.143237],[-46.883521,-24.143005],[-46.883503,-24.142647],[-46.883666,-24.142164],[-46.883754,-24.141876],[-46.883766,-24.141556],[-46.883641,-24.141236],[-46.883452,-24.14096],[-46.883157,-24.140665],[-46.882718,-24.14052],[-46.882337,-24.14049],[-46.882009,-24.140439],[-46.881852,-24.140345],[-46.881854,-24.140144],[-46.881887,-24.139849],[-46.881937,-24.139529],[-46.882196,-24.139063],[-46.882509,-24.138691],[-46.883015,-24.138318],[-46.883735,-24.137985],[-46.886345,-24.137298],[-46.886647,-24.137154],[-46.886884,-24.137087],[-46.887274,-24.137119],[-46.887764,-24.137103],[-46.888127,-24.137088],[-46.888529,-24.136925],[-46.888626,-24.136786],[-46.888855,-24.13673],[-46.8891,-24.136737],[-46.889382,-24.136799],[-46.889928,-24.137094],[-46.890317,-24.137207],[-46.890712,-24.137334],[-46.891101,-24.137377],[-46.891541,-24.137408],[-46.891804,-24.137508],[-46.892045,-24.137674],[-46.892112,-24.137929],[-46.892149,-24.138293],[-46.892275,-24.138431],[-46.892576,-24.138412],[-46.892882,-24.138326],[-46.893068,-24.138],[-46.893189,-24.137806],[-46.893397,-24.137493],[-46.893894,-24.137215],[-46.894319,-24.137249],[-46.894703,-24.13754],[-46.895293,-24.138123],[-46.895657,-24.138726],[-46.896172,-24.139548],[-46.896623,-24.140106],[-46.8971,-24.140683],[-46.897314,-24.141154],[-46.897489,-24.141411],[-46.897906,-24.141513],[-46.898393,-24.141543],[-46.898933,-24.141493],[-46.899227,-24.14143],[-46.899428,-24.141549],[-46.899547,-24.141832],[-46.89946,-24.142277],[-46.899045,-24.142767],[-46.898782,-24.143319],[-46.898882,-24.143871],[-46.899397,-24.144285],[-46.899968,-24.144528],[-46.900396,-24.144566],[-46.900728,-24.144444],[-46.900988,-24.143957],[-46.901414,-24.143272],[-46.90189,-24.142824],[-46.90261,-24.142497],[-46.903932,-24.141822],[-46.90455,-24.141533],[-46.905068,-24.141226],[-46.905503,-24.140834],[-46.905838,-24.140085],[-46.906357,-24.140079],[-46.906885,-24.140185],[-46.907509,-24.140267],[-46.908235,-24.140125],[-46.90891,-24.139735],[-46.909406,-24.139219],[-46.910114,-24.138403],[-46.910751,-24.138076],[-46.911426,-24.137639],[-46.911834,-24.137057],[-46.912227,-24.136473],[-46.912802,-24.136184],[-46.913553,-24.135919],[-46.913881,-24.135864],[-46.914012,-24.13562],[-46.914221,-24.135138],[-46.914309,-24.134653],[-46.914065,-24.134542],[-46.913731,-24.134405],[-46.913562,-24.134267],[-46.913555,-24.134079],[-46.913686,-24.134008],[-46.914051,-24.13403],[-46.914388,-24.133914],[-46.914689,-24.133799],[-46.914858,-24.133433],[-46.914728,-24.133077],[-46.914403,-24.133216],[-46.914227,-24.133213],[-46.914176,-24.132964],[-46.914342,-24.132247],[-46.914485,-24.131666],[-46.91479,-24.131617],[-46.9155,-24.131966],[-46.916263,-24.132347],[-46.916443,-24.13261],[-46.916536,-24.13292],[-46.916714,-24.133021],[-46.916938,-24.132947],[-46.917301,-24.132573],[-46.917784,-24.13232],[-46.918057,-24.132074],[-46.918295,-24.131756],[-46.918834,-24.131646],[-46.918672,-24.131238],[-46.918565,-24.131032],[-46.918486,-24.130626],[-46.918288,-24.130232],[-46.917435,-24.130039],[-46.91768,-24.129261],[-46.917958,-24.129267],[-46.917986,-24.129707],[-46.918078,-24.129921],[-46.918296,-24.130008],[-46.918494,-24.129904],[-46.918519,-24.129604],[-46.918272,-24.129191],[-46.918008,-24.128754],[-46.918549,-24.128044],[-46.918603,-24.127785],[-46.918907,-24.127681],[-46.919155,-24.127808],[-46.919565,-24.127688],[-46.920109,-24.127043],[-46.920042,-24.126777],[-46.920032,-24.126378],[-46.919502,-24.126264],[-46.919525,-24.12592],[-46.920211,-24.125959],[-46.920368,-24.125333],[-46.920526,-24.12497],[-46.92034,-24.124569],[-46.919954,-24.124447],[-46.92008,-24.123985],[-46.921081,-24.124091],[-46.921619,-24.124937],[-46.921858,-24.124905],[-46.922037,-24.12462],[-46.923194,-24.124135],[-46.923334,-24.124388],[-46.923624,-24.124383],[-46.924019,-24.124],[-46.924431,-24.123992],[-46.924354,-24.123695],[-46.923238,-24.123373],[-46.923322,-24.123147],[-46.924196,-24.122933],[-46.924389,-24.123208],[-46.924762,-24.123169],[-46.924812,-24.122882],[-46.924681,-24.122699],[-46.924414,-24.122563],[-46.924372,-24.122349],[-46.925439,-24.122018],[-46.926111,-24.122505],[-46.926187,-24.12256],[-46.926318,-24.122603],[-46.927015,-24.12283],[-46.92736,-24.123308],[-46.927642,-24.123337],[-46.92793,-24.12313],[-46.927834,-24.122421],[-46.928003,-24.122196],[-46.928393,-24.122408],[-46.928714,-24.122436],[-46.928919,-24.122594],[-46.928736,-24.123368],[-46.928869,-24.123612],[-46.929196,-24.123545],[-46.929208,-24.123061],[-46.929529,-24.123016],[-46.930256,-24.123782],[-46.931053,-24.123774],[-46.93115,-24.12362],[-46.930844,-24.122927],[-46.931174,-24.12279],[-46.932144,-24.123376],[-46.932313,-24.123389],[-46.932645,-24.123263],[-46.932759,-24.123056],[-46.932483,-24.122889],[-46.932355,-24.122595],[-46.932706,-24.122608],[-46.933149,-24.122841],[-46.933755,-24.122963],[-46.933961,-24.121911],[-46.934333,-24.121874],[-46.934205,-24.123256],[-46.93477,-24.123239],[-46.935072,-24.122978],[-46.935224,-24.123168],[-46.935085,-24.123549],[-46.935238,-24.123696],[-46.935537,-24.123288],[-46.935837,-24.123851],[-46.936903,-24.124583],[-46.937296,-24.125218],[-46.937583,-24.125873],[-46.93743,-24.126154],[-46.937035,-24.126187],[-46.937321,-24.126796],[-46.938379,-24.127027],[-46.937446,-24.127561],[-46.937028,-24.128215],[-46.936352,-24.128515],[-46.937156,-24.128941],[-46.937835,-24.129882],[-46.938119,-24.129895],[-46.938393,-24.129799],[-46.938756,-24.12976],[-46.938994,-24.129944],[-46.938972,-24.130139],[-46.938704,-24.13029],[-46.938597,-24.130574],[-46.938795,-24.130641],[-46.939126,-24.13067],[-46.939541,-24.130827],[-46.940036,-24.130985],[-46.94041,-24.131162],[-46.940728,-24.13117],[-46.940714,-24.130757],[-46.940598,-24.130583],[-46.940736,-24.13039],[-46.940969,-24.130378],[-46.941184,-24.130452],[-46.941417,-24.13059],[-46.941784,-24.130581],[-46.942124,-24.130518],[-46.942232,-24.130604],[-46.942246,-24.130758],[-46.942176,-24.13093],[-46.942253,-24.131093],[-46.942438,-24.131546],[-46.942592,-24.131908],[-46.942365,-24.132579],[-46.942803,-24.133039],[-46.943342,-24.133297],[-46.943828,-24.133586],[-46.943865,-24.133656],[-46.943877,-24.133731],[-46.943944,-24.134134],[-46.943739,-24.134368],[-46.943625,-24.134484],[-46.943643,-24.135226],[-46.943792,-24.13524],[-46.944014,-24.135248],[-46.944207,-24.135298],[-46.944562,-24.135147],[-46.945035,-24.134931],[-46.945302,-24.134859],[-46.945527,-24.134883],[-46.945787,-24.135353],[-46.945889,-24.135784],[-46.945743,-24.136232],[-46.945729,-24.136475],[-46.945966,-24.136708],[-46.946166,-24.136707],[-46.946419,-24.136669],[-46.946668,-24.136708],[-46.946936,-24.136879],[-46.947123,-24.137294],[-46.947498,-24.137753],[-46.947813,-24.137858],[-46.948183,-24.137941],[-46.948497,-24.137913],[-46.948797,-24.137924],[-46.949068,-24.138035],[-46.949364,-24.138295],[-46.949558,-24.138532],[-46.949647,-24.138831],[-46.949612,-24.139219],[-46.949665,-24.139479],[-46.949735,-24.13966],[-46.949778,-24.13988],[-46.949662,-24.140129],[-46.949489,-24.140131],[-46.949291,-24.140172],[-46.949044,-24.140007],[-46.948619,-24.139817],[-46.948283,-24.139918],[-46.948049,-24.140026],[-46.947751,-24.140191],[-46.947581,-24.140379],[-46.947333,-24.140616],[-46.947225,-24.140857],[-46.947169,-24.140931],[-46.947003,-24.141154],[-46.946813,-24.141288],[-46.946642,-24.141782],[-46.946825,-24.142327],[-46.947109,-24.142564],[-46.947339,-24.14279],[-46.947464,-24.143061],[-46.947089,-24.144715],[-46.946964,-24.14473],[-46.946908,-24.144863],[-46.94674,-24.144984],[-46.946448,-24.145037],[-46.946062,-24.14524],[-46.945759,-24.1455],[-46.945787,-24.145725],[-46.945743,-24.145872],[-46.945653,-24.146026],[-46.945591,-24.146151],[-46.945393,-24.146229],[-46.945046,-24.146638],[-46.944848,-24.146977],[-46.944857,-24.14713],[-46.944946,-24.147265],[-46.945,-24.147384],[-46.944967,-24.147517],[-46.945212,-24.147875],[-46.945212,-24.148001],[-46.944898,-24.1482],[-46.944751,-24.148322],[-46.94465,-24.148484],[-46.944312,-24.148894],[-46.944309,-24.14901],[-46.944347,-24.149202],[-46.944309,-24.149305],[-46.944117,-24.149438],[-46.944073,-24.149633],[-46.944087,-24.14975],[-46.94409,-24.149937],[-46.944154,-24.150146],[-46.944149,-24.15029],[-46.944184,-24.150416],[-46.944181,-24.150533],[-46.944138,-24.150644],[-46.944041,-24.150736],[-46.943929,-24.150823],[-46.943758,-24.150885],[-46.943542,-24.151044],[-46.943366,-24.151152],[-46.943175,-24.151311],[-46.943006,-24.151509],[-46.942657,-24.151721],[-46.942232,-24.152072],[-46.942057,-24.152305],[-46.941846,-24.152618],[-46.941725,-24.152939],[-46.941623,-24.153233],[-46.941414,-24.153323],[-46.941341,-24.153461],[-46.941275,-24.153715],[-46.941189,-24.153919],[-46.941193,-24.154149],[-46.941108,-24.154539],[-46.941168,-24.155081],[-46.941237,-24.155548],[-46.941485,-24.156101],[-46.941584,-24.156582],[-46.941515,-24.156904],[-46.941348,-24.157296],[-46.941129,-24.157621],[-46.940881,-24.157863],[-46.940591,-24.158226],[-46.940484,-24.158539],[-46.940378,-24.158726],[-46.940374,-24.15897],[-46.940493,-24.15944],[-46.940783,-24.159919],[-46.941008,-24.160514],[-46.941066,-24.16096],[-46.94116,-24.161127],[-46.941314,-24.161283],[-46.941671,-24.16155],[-46.942057,-24.161761],[-46.942721,-24.16201],[-46.943129,-24.162159],[-46.943321,-24.162238],[-46.943394,-24.162326],[-46.943404,-24.16252],[-46.943396,-24.162649],[-46.943416,-24.162755],[-46.943435,-24.162914],[-46.943391,-24.163006],[-46.943377,-24.16312],[-46.943504,-24.163229],[-46.943552,-24.163391],[-46.943469,-24.163769],[-46.943448,-24.163959],[-46.943512,-24.164086],[-46.943577,-24.164203],[-46.943585,-24.164315],[-46.94359,-24.164457],[-46.943627,-24.164613],[-46.943596,-24.164737],[-46.943479,-24.164805],[-46.943331,-24.16491],[-46.943254,-24.165031],[-46.94321,-24.16522],[-46.943273,-24.165387],[-46.943321,-24.165491],[-46.943231,-24.165654],[-46.943175,-24.165804],[-46.943206,-24.165919],[-46.943237,-24.166119],[-46.943318,-24.166257],[-46.943227,-24.166557],[-46.943266,-24.166676],[-46.94326,-24.16688],[-46.943341,-24.16711],[-46.943223,-24.167696],[-46.943285,-24.167946],[-46.943373,-24.168104],[-46.94321,-24.168459],[-46.943202,-24.168705],[-46.943356,-24.168797],[-46.943381,-24.169093],[-46.943177,-24.169297],[-46.943045,-24.16946],[-46.942808,-24.169587],[-46.942592,-24.169661],[-46.942406,-24.16985],[-46.94216,-24.170213],[-46.941959,-24.17049],[-46.941896,-24.170711],[-46.941863,-24.171137],[-46.9419,-24.171308],[-46.942159,-24.171545],[-46.942334,-24.171812],[-46.942431,-24.172215],[-46.942512,-24.172408],[-46.942637,-24.172609],[-46.942823,-24.172888],[-46.942929,-24.17323],[-46.942944,-24.173431],[-46.943012,-24.173562],[-46.94311,-24.173614],[-46.943127,-24.173785],[-46.942949,-24.174053],[-46.942856,-24.174279],[-46.942853,-24.174528],[-46.942798,-24.174658],[-46.942768,-24.174849],[-46.94274,-24.174973],[-46.94266,-24.175143],[-46.942607,-24.175292],[-46.942572,-24.175505],[-46.942492,-24.175608],[-46.942399,-24.175661],[-46.942243,-24.175684],[-46.941949,-24.17583],[-46.941856,-24.176021],[-46.941966,-24.176229],[-46.942044,-24.176322],[-46.942255,-24.176508],[-46.942386,-24.176644],[-46.942522,-24.176774],[-46.942828,-24.17697],[-46.943522,-24.177217],[-46.944174,-24.177478],[-46.944537,-24.177302],[-46.944959,-24.177352],[-46.945329,-24.177541],[-46.945513,-24.177554],[-46.945801,-24.177626],[-46.945919,-24.177531],[-46.94611,-24.177355],[-46.946309,-24.177564],[-46.946457,-24.17782],[-46.946543,-24.178036],[-46.946608,-24.178121],[-46.946681,-24.178247],[-46.946814,-24.178277],[-46.947045,-24.17825],[-46.947176,-24.178262],[-46.947352,-24.178338],[-46.947518,-24.178441],[-46.947623,-24.178574],[-46.947724,-24.178672],[-46.947817,-24.178712],[-46.947962,-24.178755],[-46.948101,-24.178775],[-46.948219,-24.17883],[-46.948337,-24.178873],[-46.948458,-24.178958],[-46.948488,-24.179114],[-46.948543,-24.179215],[-46.948528,-24.179325],[-46.948307,-24.179426],[-46.948211,-24.179566],[-46.948156,-24.179727],[-46.948176,-24.179863],[-46.948166,-24.180004],[-46.948216,-24.180144],[-46.948317,-24.180265],[-46.948397,-24.18034],[-46.948417,-24.180466],[-46.948342,-24.18069],[-46.948429,-24.180807],[-46.948634,-24.181043],[-46.948854,-24.181237],[-46.949145,-24.18137],[-46.949437,-24.181498],[-46.949596,-24.181667],[-46.949729,-24.181862],[-46.949949,-24.182148],[-46.949974,-24.182435],[-46.949949,-24.182788],[-46.949959,-24.183079],[-46.950169,-24.183484],[-46.950271,-24.183791],[-46.950696,-24.184354],[-46.950803,-24.184343],[-46.950906,-24.184456],[-46.950901,-24.184625],[-46.950998,-24.184722],[-46.951361,-24.185126],[-46.951566,-24.185546],[-46.951546,-24.1857],[-46.951622,-24.185771],[-46.951745,-24.185858],[-46.951832,-24.185945],[-46.951945,-24.186007],[-46.952181,-24.186106],[-46.952247,-24.186244]]]}},{"type":"Feature","properties":{"ibge_id":3522109,"municipality_name":"Itanhaém"},"geometry":{"type":"Polygon","coordinates":[[[-46.891059,-24.254055],[-46.891039,-24.254118],[-46.891004,-24.254176],[-46.890955,-24.254215],[-46.890937,-24.254268],[-46.890921,-24.254288],[-46.890875,-24.254388],[-46.890779,-24.254411],[-46.890734,-24.254426],[-46.890691,-24.254427],[-46.890646,-24.254406],[-46.890624,-24.254427],[-46.890604,-24.254444],[-46.890546,-24.254516],[-46.890497,-24.254528],[-46.890454,-24.254542],[-46.890383,-24.254542],[-46.890334,-24.25456],[-46.890262,-24.254547],[-46.89024,-24.254516],[-46.89022,-24.254498],[-46.890171,-24.254509],[-46.890144,-24.254478],[-46.890137,-24.254422],[-46.890119,-24.254382],[-46.890079,-24.254362],[-46.890034,-24.254344],[-46.889975,-24.254324],[-46.889942,-24.254342],[-46.889942,-24.254382],[-46.889945,-24.254421],[-46.889936,-24.254472],[-46.889902,-24.254495],[-46.889855,-24.254505],[-46.889786,-24.254505],[-46.88973,-24.254472],[-46.889678,-24.254452],[-46.889623,-24.25446],[-46.88956,-24.254488],[-46.889517,-24.254455],[-46.889528,-24.254397],[-46.889582,-24.254355],[-46.889667,-24.254332],[-46.889723,-24.254281],[-46.889781,-24.254236],[-46.889761,-24.25419],[-46.889789,-24.25416],[-46.889848,-24.254136],[-46.889913,-24.254133],[-46.889939,-24.254111],[-46.889959,-24.254085],[-46.889946,-24.254058],[-46.889953,-24.254032],[-46.889984,-24.254032],[-46.890013,-24.254054],[-46.89004,-24.25404],[-46.890073,-24.253965],[-46.890095,-24.253884],[-46.890137,-24.253824],[-46.890184,-24.253806],[-46.890236,-24.253807],[-46.8903,-24.253751],[-46.890352,-24.253747],[-46.890394,-24.253749],[-46.890417,-24.253734],[-46.890459,-24.253706],[-46.890506,-24.2537],[-46.890547,-24.253716],[-46.890551,-24.253736],[-46.8906,-24.253753],[-46.890629,-24.253735],[-46.890681,-24.253695],[-46.890739,-24.253727],[-46.890763,-24.253774],[-46.890779,-24.253834],[-46.890828,-24.253855],[-46.890931,-24.253836],[-46.890996,-24.253832],[-46.891027,-24.253846],[-46.891043,-24.253875],[-46.891017,-24.253912],[-46.891037,-24.25393],[-46.89103,-24.253984],[-46.891019,-24.25403],[-46.891059,-24.254055]]]}},{"type":"Feature","properties":{"ibge_id":3522109,"municipality_name":"Itanhaém"},"geometry":{"type":"Polygon","coordinates":[[[-46.793303,-24.193726],[-46.793285,-24.193841],[-46.793263,-24.193998],[-46.793252,-24.194191],[-46.793255,-24.19436],[-46.793254,-24.194499],[-46.793204,-24.194552],[-46.793099,-24.194602],[-46.793059,-24.194672],[-46.79311,-24.194728],[-46.793117,-24.194801],[-46.792994,-24.194913],[-46.792841,-24.194946],[-46.792783,-24.194993],[-46.792697,-24.194971],[-46.792625,-24.194991],[-46.792534,-24.195027],[-46.79253,-24.19508],[-46.79241,-24.195084],[-46.792407,-24.19513],[-46.792479,-24.195164],[-46.792447,-24.195227],[-46.792316,-24.19525],[-46.792218,-24.1952],[-46.792069,-24.195061],[-46.792014,-24.194975],[-46.791931,-24.194935],[-46.791774,-24.194949],[-46.791708,-24.194932],[-46.791617,-24.194906],[-46.791598,-24.194823],[-46.791664,-24.194733],[-46.791654,-24.194673],[-46.791694,-24.194607],[-46.79177,-24.19457],[-46.791785,-24.194491],[-46.791897,-24.194354],[-46.792005,-24.194243],[-46.792032,-24.194169],[-46.792059,-24.194083],[-46.792181,-24.194046],[-46.792322,-24.194016],[-46.792417,-24.193929],[-46.792552,-24.193898],[-46.792734,-24.193898],[-46.792957,-24.1938],[-46.793205,-24.193689],[-46.793266,-24.193686],[-46.793303,-24.193726]]]}},{"type":"Feature","properties":{"ibge_id":3531100,"municipality_name":"Mongaguá"},"geometry":{"type":"Polygon","coordinates":[[[-46.734433,-24.095721],[-46.734419,-24.095908],[-46.73434,-24.095983],[-46.734068,-24.096039],[-46.73372,-24.096017],[-46.733553,-24.096047],[-46.733364,-24.096131],[-46.733241,-24.096314],[-46.732969,-24.097132],[-46.732891,-24.097549],[-46.732791,-24.09775],[-46.73264,-24.098028],[-46.732629,-24.098228],[-46.732724,-24.098451],[-46.73293,-24.098662],[-46.733089,-24.098763],[-46.733244,-24.098823],[-46.733422,-24.09891],[-46.733498,-24.09901],[-46.733561,-24.099164],[-46.73356,-24.09939],[-46.733531,-24.099525],[-46.733497,-24.099881],[-46.733475,-24.100187],[-46.733436,-24.100437],[-46.733252,-24.100687],[-46.7331,-24.100766],[-46.73298,-24.100757],[-46.732928,-24.100672],[-46.732958,-24.100569],[-46.733002,-24.100514],[-46.733044,-24.100398],[-46.733013,-24.100287],[-46.732946,-24.100075],[-46.732818,-24.100003],[-46.732613,-24.100031],[-46.732457,-24.100131],[-46.732412,-24.100259],[-46.732406,-24.100333],[-46.732388,-24.100403],[-46.732285,-24.100448],[-46.73214,-24.100443],[-46.73198,-24.100418],[-46.73188,-24.100384],[-46.731802,-24.100333],[-46.7317,-24.100281],[-46.731444,-24.100137],[-46.731183,-24.100003],[-46.730949,-24.099948],[-46.730793,-24.10002],[-46.730754,-24.100142],[-46.730782,-24.100315],[-46.730988,-24.100532],[-46.731251,-24.100746],[-46.731286,-24.100995],[-46.731199,-24.101133],[-46.730999,-24.101199],[-46.730699,-24.101233],[-46.730381,-24.101433],[-46.73027,-24.101617],[-46.730315,-24.101916],[-46.730387,-24.102218],[-46.730612,-24.102376],[-46.73095,-24.102531],[-46.731533,-24.102549],[-46.731653,-24.102625],[-46.731662,-24.102736],[-46.731539,-24.102913],[-46.731433,-24.103113],[-46.73136,-24.103316],[-46.731455,-24.103419],[-46.732012,-24.103464],[-46.732266,-24.103474],[-46.73253,-24.103493],[-46.732726,-24.103546],[-46.732885,-24.10369],[-46.73312,-24.103771],[-46.733007,-24.104017],[-46.730403,-24.106183],[-46.715709,-24.116035],[-46.713867,-24.117271],[-46.713674,-24.117416],[-46.7145,-24.118483],[-46.715322,-24.119517],[-46.715944,-24.120304],[-46.716017,-24.120658],[-46.716089,-24.120806],[-46.716319,-24.121001],[-46.716505,-24.12105],[-46.716643,-24.121117],[-46.716646,-24.121118],[-46.716905,-24.121245],[-46.717364,-24.121203],[-46.717543,-24.121193],[-46.717752,-24.121181],[-46.71785,-24.121178],[-46.717973,-24.121203],[-46.718421,-24.121292],[-46.718625,-24.121349],[-46.718819,-24.121479],[-46.719118,-24.12171],[-46.719311,-24.121939],[-46.719401,-24.121986],[-46.7195,-24.122056],[-46.719637,-24.122213],[-46.719823,-24.122358],[-46.720015,-24.122594],[-46.720039,-24.122644],[-46.720057,-24.12271],[-46.720059,-24.122782],[-46.720048,-24.122844],[-46.719969,-24.122957],[-46.71967,-24.123213],[-46.718864,-24.124002],[-46.718352,-24.12447],[-46.718214,-24.124581],[-46.71782,-24.125022],[-46.717627,-24.125148],[-46.717375,-24.125428],[-46.71695,-24.12583],[-46.717051,-24.12582],[-46.717096,-24.125825],[-46.717141,-24.125845],[-46.718871,-24.127395],[-46.719308,-24.127439],[-46.720721,-24.126822],[-46.721477,-24.127142],[-46.723408,-24.130254],[-46.723263,-24.130462],[-46.723233,-24.130665],[-46.721559,-24.131483],[-46.721441,-24.131488],[-46.721032,-24.131375],[-46.721104,-24.131686],[-46.721249,-24.13172],[-46.721421,-24.131849],[-46.721524,-24.13196],[-46.721607,-24.13211],[-46.721649,-24.132259],[-46.721644,-24.132393],[-46.721627,-24.132519],[-46.721568,-24.132651],[-46.72147,-24.132748],[-46.721444,-24.132865],[-46.72148,-24.132982],[-46.721538,-24.133157],[-46.721553,-24.133182],[-46.721577,-24.13322],[-46.721596,-24.133252],[-46.72166,-24.133354],[-46.721787,-24.133414],[-46.721929,-24.133407],[-46.722082,-24.133346],[-46.723284,-24.132504],[-46.723395,-24.132417],[-46.723438,-24.13231],[-46.723447,-24.132164],[-46.723472,-24.132083],[-46.723491,-24.132022],[-46.723522,-24.131994],[-46.723654,-24.131876],[-46.723845,-24.131759],[-46.724014,-24.131714],[-46.724207,-24.131688],[-46.724394,-24.131731],[-46.724485,-24.131814],[-46.724563,-24.131913],[-46.724756,-24.132005],[-46.725,-24.132211],[-46.725168,-24.132303],[-46.725023,-24.132403],[-46.724924,-24.132477],[-46.720611,-24.135698],[-46.713854,-24.140756],[-46.713714,-24.140861],[-46.713575,-24.140965],[-46.712428,-24.14179],[-46.711988,-24.142107],[-46.710349,-24.143377],[-46.710321,-24.1434],[-46.709386,-24.144136],[-46.703378,-24.140645],[-46.701692,-24.139773],[-46.700179,-24.138941],[-46.701371,-24.138077],[-46.701392,-24.138042],[-46.701977,-24.13761],[-46.702657,-24.1371],[-46.702698,-24.137075],[-46.703082,-24.136836],[-46.703121,-24.136811],[-46.703743,-24.136368],[-46.70405,-24.136131],[-46.704085,-24.136105],[-46.704214,-24.136009],[-46.70425,-24.135982],[-46.704287,-24.135957],[-46.704292,-24.135953],[-46.701509,-24.134508],[-46.698956,-24.133182],[-46.696993,-24.132163],[-46.696259,-24.131781],[-46.69625,-24.131789],[-46.696214,-24.131815],[-46.696179,-24.131842],[-46.696041,-24.131945],[-46.696005,-24.131971],[-46.695391,-24.132439],[-46.695349,-24.132464],[-46.695044,-24.132651],[-46.695007,-24.132674],[-46.69564,-24.133088],[-46.694896,-24.133621],[-46.694179,-24.133215],[-46.693844,-24.133423],[-46.693777,-24.133899],[-46.693769,-24.13394],[-46.693487,-24.13538],[-46.690185,-24.133773],[-46.687832,-24.132461],[-46.685724,-24.131286],[-46.686848,-24.130293],[-46.68688,-24.130265],[-46.687766,-24.129649],[-46.688246,-24.129328],[-46.688627,-24.129051],[-46.68935,-24.128529],[-46.689839,-24.128527],[-46.689922,-24.128525],[-46.689939,-24.128524],[-46.688887,-24.12797],[-46.687703,-24.127355],[-46.685734,-24.126335],[-46.685227,-24.126071],[-46.684479,-24.125698],[-46.683594,-24.12524],[-46.683557,-24.125221],[-46.683523,-24.125201],[-46.683371,-24.125112],[-46.683337,-24.125092],[-46.683301,-24.125074],[-46.681682,-24.124229],[-46.681653,-24.124214],[-46.67999,-24.123354],[-46.679866,-24.123296],[-46.67967,-24.123206],[-46.679604,-24.123175],[-46.679319,-24.12303],[-46.678777,-24.122755],[-46.677542,-24.122114],[-46.676064,-24.121348],[-46.675145,-24.120872],[-46.673673,-24.12011],[-46.673277,-24.119911],[-46.671888,-24.119189],[-46.671279,-24.118872],[-46.670103,-24.118265],[-46.669281,-24.11784],[-46.669193,-24.117795],[-46.669014,-24.118007],[-46.668562,-24.118358],[-46.66798,-24.118048],[-46.667577,-24.118325],[-46.666119,-24.119375],[-46.66552,-24.119861],[-46.663446,-24.118792],[-46.663137,-24.119064],[-46.661164,-24.11801],[-46.657448,-24.116025],[-46.657301,-24.115947],[-46.656574,-24.115563],[-46.65655,-24.11555],[-46.652914,-24.113628],[-46.653296,-24.113196],[-46.653435,-24.113063],[-46.653453,-24.113028],[-46.653255,-24.11208],[-46.653306,-24.1121],[-46.654078,-24.112499],[-46.655157,-24.111693],[-46.655175,-24.111658],[-46.655335,-24.111341],[-46.655354,-24.111306],[-46.655664,-24.111105],[-46.655705,-24.111082],[-46.655853,-24.110998],[-46.655893,-24.110975],[-46.655936,-24.110952],[-46.655949,-24.110945],[-46.655931,-24.110936],[-46.653896,-24.109887],[-46.653702,-24.109787],[-46.652959,-24.109403],[-46.652534,-24.109175],[-46.652532,-24.109179],[-46.652511,-24.109213],[-46.652502,-24.109452],[-46.652239,-24.109651],[-46.652022,-24.110016],[-46.651337,-24.109662],[-46.650772,-24.109348],[-46.649477,-24.110326],[-46.649837,-24.110753],[-46.649508,-24.111001],[-46.649478,-24.11103],[-46.648931,-24.111565],[-46.646325,-24.11025],[-46.644471,-24.109315],[-46.643322,-24.108735],[-46.641639,-24.107865],[-46.636646,-24.105283],[-46.635606,-24.104745],[-46.635091,-24.104479],[-46.634526,-24.104206],[-46.632958,-24.103449],[-46.632666,-24.103308],[-46.631301,-24.102649],[-46.62973,-24.10189],[-46.629192,-24.10163],[-46.627982,-24.101046],[-46.626852,-24.1005],[-46.626526,-24.100343],[-46.625923,-24.10006],[-46.624366,-24.099328],[-46.622919,-24.098648],[-46.618854,-24.096737],[-46.617412,-24.09606],[-46.617126,-24.095919],[-46.613531,-24.09415],[-46.611045,-24.092927],[-46.609165,-24.092002],[-46.608623,-24.091745],[-46.608033,-24.091465],[-46.60863,-24.090573],[-46.608654,-24.09054],[-46.608672,-24.090505],[-46.60952,-24.0892],[-46.609542,-24.089166],[-46.609566,-24.089134],[-46.609568,-24.089131],[-46.609978,-24.089329],[-46.610016,-24.089344],[-46.610037,-24.08931],[-46.61026,-24.088975],[-46.610458,-24.088663],[-46.610675,-24.088341],[-46.610693,-24.088306],[-46.610822,-24.088113],[-46.610845,-24.088078],[-46.610864,-24.088049],[-46.610887,-24.088015],[-46.610896,-24.08802],[-46.611581,-24.088394],[-46.613095,-24.089228],[-46.613194,-24.089282],[-46.613377,-24.089377],[-46.613581,-24.089478],[-46.613793,-24.089576],[-46.614032,-24.089682],[-46.614478,-24.089841],[-46.614719,-24.089913],[-46.61496,-24.089987],[-46.615233,-24.090073],[-46.615709,-24.090245],[-46.615779,-24.090274],[-46.616063,-24.090413],[-46.616404,-24.090595],[-46.616954,-24.090857],[-46.617453,-24.091072],[-46.617668,-24.091155],[-46.617908,-24.091232],[-46.618184,-24.091303],[-46.61848,-24.09137],[-46.618742,-24.09142],[-46.618982,-24.091468],[-46.619033,-24.091478],[-46.619289,-24.091533],[-46.619567,-24.091609],[-46.619748,-24.091671],[-46.619798,-24.091693],[-46.619943,-24.09175],[-46.620228,-24.091896],[-46.620281,-24.091924],[-46.620346,-24.091959],[-46.620474,-24.092031],[-46.620798,-24.092218],[-46.620803,-24.092211],[-46.62083,-24.09218],[-46.621083,-24.092263],[-46.621168,-24.092275],[-46.621248,-24.092271],[-46.621926,-24.092019],[-46.622039,-24.091983],[-46.622142,-24.091964],[-46.622234,-24.091954],[-46.622372,-24.091919],[-46.622443,-24.091876],[-46.622489,-24.091827],[-46.622503,-24.091777],[-46.622531,-24.091611],[-46.622587,-24.090812],[-46.622588,-24.090636],[-46.622603,-24.090386],[-46.622612,-24.090317],[-46.622634,-24.090255],[-46.622605,-24.090224],[-46.62254,-24.090151],[-46.622377,-24.090182],[-46.620582,-24.09063],[-46.62083,-24.090384],[-46.621153,-24.089974],[-46.621298,-24.089647],[-46.621373,-24.089135],[-46.621369,-24.088781],[-46.621305,-24.088324],[-46.621158,-24.087985],[-46.620919,-24.087665],[-46.620544,-24.087331],[-46.619887,-24.086754],[-46.619361,-24.086203],[-46.61924,-24.086048],[-46.618688,-24.085353],[-46.618565,-24.085174],[-46.618028,-24.084397],[-46.617698,-24.084065],[-46.617369,-24.083828],[-46.616508,-24.083359],[-46.615294,-24.082704],[-46.614707,-24.082299],[-46.614271,-24.081852],[-46.614033,-24.0815],[-46.613807,-24.081007],[-46.613707,-24.080469],[-46.613735,-24.080287],[-46.613785,-24.080185],[-46.613878,-24.080193],[-46.614551,-24.080781],[-46.615474,-24.081316],[-46.615963,-24.081669],[-46.61642,-24.082085],[-46.616532,-24.082178],[-46.617478,-24.08295],[-46.617836,-24.083132],[-46.618086,-24.083158],[-46.618788,-24.083094],[-46.619731,-24.083185],[-46.620256,-24.083195],[-46.621188,-24.08309],[-46.622163,-24.083086],[-46.623224,-24.083033],[-46.623969,-24.082874],[-46.624056,-24.082886],[-46.624111,-24.082936],[-46.624201,-24.083149],[-46.624335,-24.083328],[-46.624523,-24.083429],[-46.625086,-24.083604],[-46.625848,-24.083771],[-46.626388,-24.083778],[-46.626559,-24.083861],[-46.626717,-24.083996],[-46.627145,-24.084107],[-46.627251,-24.084198],[-46.627272,-24.084277],[-46.627311,-24.084496],[-46.627453,-24.084632],[-46.628055,-24.084766],[-46.628248,-24.084858],[-46.628624,-24.085218],[-46.629225,-24.086025],[-46.629349,-24.086242],[-46.629676,-24.086844],[-46.629916,-24.087549],[-46.630023,-24.088224],[-46.629981,-24.088577],[-46.629849,-24.088904],[-46.62951,-24.089428],[-46.629418,-24.089636],[-46.629457,-24.090139],[-46.629512,-24.090549],[-46.629541,-24.090756],[-46.629725,-24.091334],[-46.629888,-24.091658],[-46.630177,-24.09216],[-46.630275,-24.09229],[-46.630352,-24.092483],[-46.630425,-24.092664],[-46.630867,-24.093344],[-46.631029,-24.093522],[-46.631709,-24.094287],[-46.631986,-24.094633],[-46.632068,-24.094749],[-46.632453,-24.095306],[-46.632692,-24.095546],[-46.632941,-24.09565],[-46.633128,-24.095606],[-46.633339,-24.095435],[-46.633554,-24.094975],[-46.633852,-24.09433],[-46.633978,-24.094063],[-46.634335,-24.093601],[-46.634505,-24.093514],[-46.634733,-24.093467],[-46.635293,-24.093436],[-46.635886,-24.093367],[-46.636214,-24.093242],[-46.636389,-24.093123],[-46.636443,-24.092975],[-46.636417,-24.092792],[-46.636231,-24.09222],[-46.635964,-24.091417],[-46.635849,-24.090898],[-46.63582,-24.090551],[-46.635857,-24.090379],[-46.635958,-24.090201],[-46.636113,-24.090033],[-46.636714,-24.089511],[-46.636861,-24.089338],[-46.636974,-24.089112],[-46.637045,-24.08878],[-46.637029,-24.088609],[-46.636907,-24.088262],[-46.636892,-24.088228],[-46.636567,-24.087569],[-46.636507,-24.087303],[-46.636648,-24.08699],[-46.636948,-24.086685],[-46.637512,-24.086198],[-46.637627,-24.085987],[-46.637666,-24.085815],[-46.637629,-24.085489],[-46.637524,-24.085148],[-46.637427,-24.084975],[-46.637284,-24.08481],[-46.636587,-24.084412],[-46.635748,-24.083994],[-46.635269,-24.083692],[-46.634818,-24.083243],[-46.634693,-24.083077],[-46.634181,-24.082402],[-46.634068,-24.082217],[-46.633684,-24.081571],[-46.633239,-24.080823],[-46.632946,-24.080496],[-46.632727,-24.080326],[-46.632389,-24.080188],[-46.631868,-24.080093],[-46.630861,-24.080061],[-46.630299,-24.079986],[-46.629923,-24.079903],[-46.629544,-24.079734],[-46.629355,-24.079686],[-46.628608,-24.079765],[-46.628042,-24.079685],[-46.627636,-24.079732],[-46.62747,-24.079726],[-46.627401,-24.079688],[-46.627394,-24.079601],[-46.627461,-24.079461],[-46.627895,-24.078902],[-46.628031,-24.078648],[-46.628035,-24.078538],[-46.627985,-24.078364],[-46.627666,-24.077938],[-46.627609,-24.077807],[-46.627594,-24.077427],[-46.627653,-24.077264],[-46.627824,-24.076861],[-46.628146,-24.076573],[-46.628969,-24.076077],[-46.629002,-24.076024],[-46.628987,-24.075947],[-46.62893,-24.075852],[-46.628516,-24.075667],[-46.62827,-24.07544],[-46.627961,-24.074929],[-46.627958,-24.074822],[-46.628169,-24.074754],[-46.628894,-24.074868],[-46.629056,-24.074817],[-46.629245,-24.074692],[-46.629404,-24.074501],[-46.629706,-24.073981],[-46.629898,-24.073492],[-46.629867,-24.073138],[-46.629673,-24.07266],[-46.629676,-24.0725],[-46.62999,-24.072225],[-46.630192,-24.0719],[-46.630289,-24.071586],[-46.630307,-24.071263],[-46.63027,-24.071093],[-46.630135,-24.07076],[-46.629995,-24.070592],[-46.629761,-24.070436],[-46.629706,-24.069901],[-46.629542,-24.069689],[-46.629264,-24.069467],[-46.629233,-24.069396],[-46.629256,-24.069335],[-46.629341,-24.069229],[-46.629545,-24.069047],[-46.629834,-24.068852],[-46.630006,-24.068683],[-46.630028,-24.068522],[-46.629957,-24.068231],[-46.629642,-24.067832],[-46.6291,-24.067152],[-46.628907,-24.066642],[-46.628803,-24.066148],[-46.628623,-24.065656],[-46.628591,-24.065493],[-46.628619,-24.065318],[-46.628594,-24.065131],[-46.628541,-24.065015],[-46.628438,-24.064962],[-46.627938,-24.064873],[-46.627798,-24.064765],[-46.627413,-24.064156],[-46.626936,-24.063833],[-46.626825,-24.063686],[-46.626753,-24.063488],[-46.626728,-24.063233],[-46.626854,-24.062654],[-46.626919,-24.062168],[-46.626722,-24.061517],[-46.626712,-24.061354],[-46.626762,-24.061003],[-46.626713,-24.060572],[-46.626658,-24.060396],[-46.626468,-24.06007],[-46.626029,-24.059553],[-46.625318,-24.059009],[-46.625113,-24.058821],[-46.624348,-24.05812],[-46.623262,-24.057459],[-46.622605,-24.057095],[-46.62232,-24.056939],[-46.622268,-24.056809],[-46.622419,-24.056574],[-46.622588,-24.056388],[-46.623246,-24.055812],[-46.623418,-24.055594],[-46.623542,-24.055338],[-46.623557,-24.055142],[-46.623518,-24.054943],[-46.623357,-24.054642],[-46.623236,-24.054521],[-46.622548,-24.053846],[-46.622012,-24.053213],[-46.621592,-24.052618],[-46.621384,-24.052246],[-46.621257,-24.051944],[-46.620996,-24.051313],[-46.620668,-24.050709],[-46.62044,-24.050169],[-46.620393,-24.049966],[-46.620387,-24.049552],[-46.620517,-24.04935],[-46.620649,-24.049304],[-46.621135,-24.049333],[-46.621265,-24.049293],[-46.621365,-24.049221],[-46.621384,-24.049055],[-46.621335,-24.048912],[-46.621155,-24.048762],[-46.620177,-24.048293],[-46.61985,-24.048023],[-46.619656,-24.047777],[-46.619528,-24.047543],[-46.619427,-24.047144],[-46.619346,-24.046963],[-46.619157,-24.046691],[-46.618929,-24.046527],[-46.618731,-24.046449],[-46.617914,-24.046239],[-46.617728,-24.046157],[-46.617369,-24.04591],[-46.617252,-24.045725],[-46.617261,-24.045583],[-46.617643,-24.04513],[-46.618151,-24.04461],[-46.618628,-24.044221],[-46.618849,-24.044141],[-46.619291,-24.044082],[-46.619685,-24.044099],[-46.620575,-24.044221],[-46.62081,-24.044222],[-46.620919,-24.044166],[-46.621055,-24.044033],[-46.621247,-24.043765],[-46.621459,-24.043624],[-46.621934,-24.043426],[-46.622151,-24.043252],[-46.622283,-24.043016],[-46.62234,-24.042645],[-46.622335,-24.042246],[-46.622186,-24.041473],[-46.621915,-24.040916],[-46.621564,-24.040348],[-46.621378,-24.039772],[-46.62137,-24.039709],[-46.621282,-24.038974],[-46.621221,-24.038765],[-46.622773,-24.038577],[-46.625801,-24.038276],[-46.626137,-24.038544],[-46.626641,-24.038747],[-46.626995,-24.038829],[-46.627233,-24.038901],[-46.627344,-24.038953],[-46.627453,-24.039015],[-46.627509,-24.039057],[-46.627552,-24.039108],[-46.627582,-24.039176],[-46.627601,-24.039306],[-46.627595,-24.039634],[-46.627604,-24.039766],[-46.62763,-24.039894],[-46.627712,-24.04016],[-46.627743,-24.040289],[-46.627791,-24.04061],[-46.627813,-24.040888],[-46.627807,-24.041008],[-46.627763,-24.041261],[-46.627718,-24.041659],[-46.627703,-24.041904],[-46.627711,-24.042198],[-46.627743,-24.042582],[-46.627813,-24.043031],[-46.627826,-24.043133],[-46.627803,-24.043181],[-46.627766,-24.043214],[-46.627633,-24.043295],[-46.627587,-24.043333],[-46.627559,-24.043382],[-46.627544,-24.043475],[-46.627513,-24.043571],[-46.627514,-24.043601],[-46.627524,-24.043624],[-46.627583,-24.043677],[-46.627733,-24.043764],[-46.62788,-24.043827],[-46.627933,-24.043864],[-46.62801,-24.043971],[-46.628033,-24.044025],[-46.628042,-24.044073],[-46.628029,-24.044138],[-46.627957,-24.044272],[-46.627913,-24.044401],[-46.627883,-24.044462],[-46.627798,-24.044595],[-46.627733,-24.044875],[-46.627707,-24.045064],[-46.627703,-24.045229],[-46.62762,-24.045818],[-46.627544,-24.045917],[-46.627468,-24.04594],[-46.627155,-24.045788],[-46.626831,-24.045668],[-46.626705,-24.045673],[-46.626489,-24.045853],[-46.626437,-24.045907],[-46.626417,-24.04597],[-46.626427,-24.046067],[-46.626451,-24.046214],[-46.626487,-24.046316],[-46.626565,-24.046425],[-46.626661,-24.04654],[-46.626678,-24.046574],[-46.626686,-24.046629],[-46.626701,-24.046667],[-46.626861,-24.046914],[-46.627006,-24.047122],[-46.627115,-24.047248],[-46.627247,-24.04737],[-46.627549,-24.047622],[-46.627798,-24.047846],[-46.627908,-24.047931],[-46.628012,-24.047996],[-46.628258,-24.048095],[-46.628346,-24.048156],[-46.628386,-24.04821],[-46.628419,-24.048279],[-46.628471,-24.04848],[-46.62848,-24.048569],[-46.628481,-24.048814],[-46.628506,-24.048921],[-46.628556,-24.049013],[-46.628641,-24.04912],[-46.628755,-24.049227],[-46.629433,-24.049669],[-46.629612,-24.049801],[-46.629746,-24.049928],[-46.629782,-24.049982],[-46.629812,-24.05005],[-46.629832,-24.050127],[-46.629842,-24.050221],[-46.629838,-24.050312],[-46.629822,-24.050384],[-46.629796,-24.050434],[-46.62975,-24.050486],[-46.629691,-24.050533],[-46.629622,-24.050573],[-46.629573,-24.050587],[-46.629445,-24.050585],[-46.629398,-24.050598],[-46.629358,-24.050629],[-46.629319,-24.050674],[-46.629291,-24.050726],[-46.629278,-24.050773],[-46.629281,-24.050813],[-46.629298,-24.050865],[-46.629363,-24.050972],[-46.629406,-24.051008],[-46.629672,-24.051134],[-46.629737,-24.051181],[-46.629771,-24.051229],[-46.629788,-24.051275],[-46.629789,-24.051315],[-46.629772,-24.051356],[-46.629699,-24.051424],[-46.629498,-24.051555],[-46.629347,-24.051646],[-46.629298,-24.051695],[-46.629272,-24.05175],[-46.629257,-24.051813],[-46.629254,-24.05187],[-46.629264,-24.051919],[-46.629288,-24.051959],[-46.629326,-24.051993],[-46.629378,-24.052023],[-46.629438,-24.052044],[-46.629519,-24.052057],[-46.629607,-24.05206],[-46.629686,-24.052055],[-46.629747,-24.052039],[-46.629803,-24.051997],[-46.629877,-24.05189],[-46.629912,-24.051854],[-46.630005,-24.051808],[-46.630096,-24.051794],[-46.630186,-24.051814],[-46.630217,-24.051835],[-46.630246,-24.051869],[-46.630311,-24.052008],[-46.630345,-24.052168],[-46.63035,-24.052433],[-46.630338,-24.052545],[-46.63032,-24.052617],[-46.630301,-24.052652],[-46.630272,-24.052679],[-46.630157,-24.052728],[-46.630121,-24.052752],[-46.630006,-24.05286],[-46.629978,-24.0529],[-46.629961,-24.052941],[-46.629955,-24.052994],[-46.629958,-24.053065],[-46.629996,-24.053225],[-46.630038,-24.053306],[-46.630121,-24.0534],[-46.63024,-24.053478],[-46.63027,-24.053514],[-46.63028,-24.053552],[-46.630281,-24.0536],[-46.630256,-24.053714],[-46.630121,-24.053913],[-46.63008,-24.054043],[-46.630071,-24.054147],[-46.63009,-24.054206],[-46.630248,-24.05443],[-46.63029,-24.054506],[-46.630375,-24.054708],[-46.63041,-24.054855],[-46.630407,-24.054959],[-46.63036,-24.055204],[-46.63033,-24.055448],[-46.63033,-24.055516],[-46.63034,-24.055583],[-46.630364,-24.055653],[-46.630397,-24.055719],[-46.63054,-24.055932],[-46.6308,-24.056244],[-46.630853,-24.056326],[-46.630889,-24.056401],[-46.630936,-24.05655],[-46.630966,-24.056712],[-46.630973,-24.056868],[-46.630958,-24.057029],[-46.630909,-24.057187],[-46.63071,-24.057594],[-46.630659,-24.057746],[-46.630654,-24.057846],[-46.630668,-24.057928],[-46.630698,-24.057999],[-46.630779,-24.058145],[-46.630844,-24.058252],[-46.631078,-24.058574],[-46.631302,-24.058995],[-46.631377,-24.059122],[-46.631726,-24.059571],[-46.63181,-24.059714],[-46.632005,-24.060089],[-46.632254,-24.060488],[-46.632524,-24.061066],[-46.632853,-24.061714],[-46.633172,-24.062283],[-46.633256,-24.062476],[-46.633371,-24.062781],[-46.633546,-24.062997],[-46.633605,-24.063243],[-46.633699,-24.063409],[-46.633955,-24.063674],[-46.634039,-24.063728],[-46.634239,-24.063824],[-46.634538,-24.063948],[-46.634921,-24.064062],[-46.634998,-24.064094],[-46.635056,-24.064127],[-46.635096,-24.064162],[-46.635133,-24.06421],[-46.635231,-24.064406],[-46.635285,-24.064476],[-46.635353,-24.064531],[-46.635434,-24.064581],[-46.635654,-24.064676],[-46.635809,-24.064722],[-46.636422,-24.064874],[-46.636474,-24.064902],[-46.636532,-24.064945],[-46.636689,-24.065086],[-46.636823,-24.065224],[-46.636912,-24.06534],[-46.63695,-24.065423],[-46.636951,-24.065488],[-46.636921,-24.065556],[-46.636873,-24.065621],[-46.636731,-24.065772],[-46.636661,-24.065857],[-46.636532,-24.065992],[-46.636412,-24.066103],[-46.636352,-24.066191],[-46.636312,-24.066287],[-46.636183,-24.066669],[-46.63599,-24.067018],[-46.635933,-24.067138],[-46.635832,-24.067421],[-46.635754,-24.067716],[-46.635718,-24.067936],[-46.635684,-24.068285],[-46.635682,-24.06863],[-46.635674,-24.068707],[-46.635654,-24.068783],[-46.635612,-24.068878],[-46.63555,-24.068983],[-46.635464,-24.069101],[-46.635355,-24.069232],[-46.635276,-24.069308],[-46.635109,-24.069438],[-46.635072,-24.069466],[-46.635006,-24.069531],[-46.634978,-24.069576],[-46.634959,-24.069629],[-46.634934,-24.069816],[-46.634916,-24.070209],[-46.634932,-24.070388],[-46.634926,-24.070457],[-46.634884,-24.07055],[-46.634802,-24.070642],[-46.634709,-24.07071],[-46.634577,-24.070782],[-46.634533,-24.070797],[-46.634453,-24.070807],[-46.634361,-24.070832],[-46.634318,-24.070857],[-46.634278,-24.070915],[-46.634268,-24.070981],[-46.634286,-24.07105],[-46.634343,-24.071181],[-46.634407,-24.071277],[-46.634418,-24.07133],[-46.634392,-24.071427],[-46.634318,-24.071575],[-46.634109,-24.071899],[-46.634083,-24.071946],[-46.634084,-24.072038],[-46.634099,-24.072073],[-46.634132,-24.072086],[-46.634209,-24.072083],[-46.634483,-24.072048],[-46.634567,-24.072043],[-46.634607,-24.072058],[-46.634648,-24.072099],[-46.634697,-24.072198],[-46.634882,-24.072671],[-46.634942,-24.072775],[-46.635204,-24.073102],[-46.635295,-24.073195],[-46.635362,-24.073228],[-46.635445,-24.073215],[-46.635654,-24.07312],[-46.635726,-24.073123],[-46.635794,-24.073155],[-46.635835,-24.073201],[-46.635839,-24.073255],[-46.635802,-24.073339],[-46.635729,-24.073444],[-46.635534,-24.073634],[-46.63548,-24.073703],[-46.635465,-24.073743],[-46.635462,-24.073789],[-46.635472,-24.073839],[-46.635495,-24.073893],[-46.635513,-24.073915],[-46.635581,-24.073946],[-46.635614,-24.073977],[-46.635764,-24.074252],[-46.63593,-24.074453],[-46.635988,-24.074566],[-46.636022,-24.074725],[-46.636063,-24.075114],[-46.636083,-24.075188],[-46.636128,-24.075288],[-46.636157,-24.075421],[-46.636163,-24.075523],[-46.636109,-24.075754],[-46.636103,-24.075822],[-46.636123,-24.075908],[-46.636222,-24.07612],[-46.636222,-24.076146],[-46.636182,-24.076187],[-46.636123,-24.076206],[-46.635973,-24.076146],[-46.635871,-24.076136],[-46.635789,-24.076146],[-46.635733,-24.076176],[-46.635625,-24.076292],[-46.635614,-24.076345],[-46.635633,-24.076479],[-46.635679,-24.076604],[-46.635782,-24.076768],[-46.635903,-24.076903],[-46.63605,-24.077014],[-46.636267,-24.077143],[-46.636371,-24.077192],[-46.636731,-24.077329],[-46.636786,-24.077367],[-46.636803,-24.077406],[-46.636807,-24.077451],[-46.636797,-24.0775],[-46.636776,-24.077541],[-46.636745,-24.077574],[-46.636702,-24.077602],[-46.636586,-24.077636],[-46.636409,-24.077646],[-46.636163,-24.077636],[-46.636089,-24.077624],[-46.635941,-24.07758],[-46.635879,-24.077576],[-46.635826,-24.077591],[-46.635779,-24.077617],[-46.635736,-24.077655],[-46.635704,-24.077701],[-46.635672,-24.077771],[-46.635659,-24.077829],[-46.635661,-24.077889],[-46.635679,-24.07795],[-46.635718,-24.078025],[-46.63578,-24.078114],[-46.635978,-24.078349],[-46.636541,-24.078912],[-46.636751,-24.079147],[-46.63705,-24.079511],[-46.637167,-24.079658],[-46.637224,-24.07975],[-46.637262,-24.079838],[-46.637259,-24.079899],[-46.637213,-24.079959],[-46.637125,-24.080009],[-46.636897,-24.080057],[-46.636826,-24.080084],[-46.636777,-24.08012],[-46.636737,-24.080162],[-46.636676,-24.080273],[-46.636653,-24.080353],[-46.636641,-24.08043],[-46.63664,-24.080493],[-46.636651,-24.080547],[-46.636672,-24.080585],[-46.636711,-24.080625],[-46.636841,-24.080707],[-46.636896,-24.080728],[-46.63704,-24.080757],[-46.63717,-24.080825],[-46.637239,-24.080847],[-46.637428,-24.080859],[-46.637563,-24.080842],[-46.637601,-24.080823],[-46.637628,-24.080797],[-46.637688,-24.080692],[-46.637798,-24.080433],[-46.637877,-24.080233],[-46.637937,-24.080144],[-46.637977,-24.080115],[-46.63802,-24.080097],[-46.638162,-24.080084],[-46.638286,-24.080096],[-46.638371,-24.080134],[-46.63842,-24.080175],[-46.63845,-24.080215],[-46.638472,-24.080265],[-46.638486,-24.080333],[-46.638487,-24.080444],[-46.638462,-24.080747],[-46.638461,-24.080857],[-46.638481,-24.080991],[-46.638505,-24.081024],[-46.638545,-24.081046],[-46.63864,-24.081058],[-46.638919,-24.081041],[-46.639089,-24.08104],[-46.639183,-24.081071],[-46.639303,-24.081159],[-46.639508,-24.081355],[-46.639682,-24.081554],[-46.639807,-24.081654],[-46.639882,-24.081738],[-46.639894,-24.081767],[-46.639891,-24.081794],[-46.639867,-24.08183],[-46.639825,-24.081868],[-46.639692,-24.081943],[-46.639594,-24.081975],[-46.639318,-24.082043],[-46.639205,-24.08208],[-46.639154,-24.082118],[-46.639121,-24.082165],[-46.639098,-24.082215],[-46.639089,-24.082263],[-46.639094,-24.082302],[-46.639142,-24.082372],[-46.639269,-24.082502],[-46.639526,-24.082697],[-46.639574,-24.082725],[-46.639622,-24.082741],[-46.639709,-24.082745],[-46.639933,-24.082719],[-46.640046,-24.082716],[-46.640284,-24.082748],[-46.64047,-24.082801],[-46.640579,-24.082861],[-46.640978,-24.083175],[-46.641093,-24.08325],[-46.641177,-24.083289],[-46.641242,-24.083302],[-46.641401,-24.083314],[-46.641463,-24.083334],[-46.641501,-24.083364],[-46.641538,-24.08342],[-46.641536,-24.083474],[-46.641498,-24.083543],[-46.641402,-24.083673],[-46.641335,-24.083735],[-46.641327,-24.083763],[-46.641349,-24.083837],[-46.641417,-24.083912],[-46.641513,-24.08398],[-46.641786,-24.084147],[-46.64191,-24.084246],[-46.641993,-24.084277],[-46.64206,-24.084281],[-46.642143,-24.084257],[-46.642199,-24.084206],[-46.642224,-24.084151],[-46.642274,-24.083967],[-46.642332,-24.083828],[-46.642384,-24.083743],[-46.642473,-24.083647],[-46.642583,-24.083568],[-46.642753,-24.083482],[-46.642922,-24.083419],[-46.643075,-24.083389],[-46.643231,-24.083384],[-46.643289,-24.083395],[-46.643381,-24.083449],[-46.64373,-24.083633],[-46.643881,-24.083756],[-46.643944,-24.083783],[-46.643989,-24.083782],[-46.644048,-24.083767],[-46.644203,-24.083693],[-46.644262,-24.083652],[-46.644393,-24.083533],[-46.644505,-24.083447],[-46.644567,-24.083424],[-46.644615,-24.083425],[-46.644659,-24.083439],[-46.644701,-24.083467],[-46.644742,-24.083508],[-46.644868,-24.083702],[-46.644951,-24.083882],[-46.644963,-24.083941],[-46.644963,-24.084],[-46.644926,-24.084132],[-46.644868,-24.084231],[-46.644787,-24.084306],[-46.64474,-24.084324],[-46.644621,-24.084338],[-46.644577,-24.084356],[-46.644503,-24.084427],[-46.644428,-24.084545],[-46.644375,-24.084666],[-46.644353,-24.08478],[-46.64436,-24.084923],[-46.644393,-24.085069],[-46.644438,-24.085163],[-46.644502,-24.085228],[-46.644594,-24.085267],[-46.644702,-24.085278],[-46.644822,-24.085258],[-46.644941,-24.085213],[-46.644975,-24.085184],[-46.645023,-24.085111],[-46.645051,-24.085094],[-46.645098,-24.085093],[-46.64515,-24.085105],[-46.645194,-24.085126],[-46.645225,-24.085154],[-46.645249,-24.085196],[-46.645268,-24.085255],[-46.645277,-24.08532],[-46.645275,-24.085378],[-46.645248,-24.085455],[-46.64516,-24.085602],[-46.645086,-24.085721],[-46.645061,-24.085802],[-46.645058,-24.085894],[-46.645076,-24.08619],[-46.64507,-24.086328],[-46.645059,-24.086364],[-46.645036,-24.0864],[-46.644958,-24.086463],[-46.644777,-24.086564],[-46.644677,-24.086614],[-46.644627,-24.086676],[-46.644602,-24.086739],[-46.644598,-24.086826],[-46.644617,-24.086913],[-46.644664,-24.087019],[-46.644727,-24.087088],[-46.644852,-24.087155],[-46.645001,-24.087197],[-46.645112,-24.087207],[-46.645385,-24.087207],[-46.645539,-24.087216],[-46.645644,-24.087232],[-46.645943,-24.087322],[-46.646074,-24.087348],[-46.646157,-24.087342],[-46.646242,-24.087307],[-46.646392,-24.087217],[-46.646519,-24.087123],[-46.646581,-24.087098],[-46.646666,-24.087101],[-46.646805,-24.087147],[-46.647154,-24.087297],[-46.647389,-24.087382],[-46.647474,-24.087427],[-46.64749,-24.087446],[-46.647498,-24.087471],[-46.647496,-24.087514],[-46.647479,-24.087572],[-46.647453,-24.087629],[-46.647424,-24.087671],[-46.647387,-24.087695],[-46.647282,-24.087727],[-46.647239,-24.087756],[-46.647141,-24.087873],[-46.64705,-24.08802],[-46.647015,-24.08811],[-46.646955,-24.088415],[-46.646955,-24.088518],[-46.646976,-24.088623],[-46.647004,-24.088712],[-46.647039,-24.08878],[-46.64708,-24.088827],[-46.647143,-24.088866],[-46.647221,-24.088891],[-46.647315,-24.088904],[-46.647414,-24.088902],[-46.647505,-24.088887],[-46.647615,-24.088856],[-46.647732,-24.088812],[-46.647837,-24.088763],[-46.64793,-24.088694],[-46.648037,-24.088563],[-46.648226,-24.088304],[-46.648312,-24.088179],[-46.648343,-24.088151],[-46.648386,-24.08813],[-46.648517,-24.088104],[-46.648659,-24.087973],[-46.648808,-24.08796],[-46.649109,-24.088025],[-46.649379,-24.087783],[-46.650341,-24.087271],[-46.650791,-24.087184],[-46.650987,-24.086999],[-46.651183,-24.086817],[-46.651518,-24.086715],[-46.651881,-24.086721],[-46.652174,-24.086774],[-46.652289,-24.086818],[-46.652577,-24.086952],[-46.652698,-24.086998],[-46.652827,-24.087032],[-46.653157,-24.087093],[-46.653271,-24.087123],[-46.653357,-24.087161],[-46.653485,-24.087272],[-46.654058,-24.087686],[-46.654932,-24.088357],[-46.655669,-24.088932],[-46.655826,-24.089029],[-46.655968,-24.089092],[-46.656053,-24.089115],[-46.656256,-24.089151],[-46.656357,-24.089181],[-46.656462,-24.08923],[-46.656714,-24.08937],[-46.656815,-24.089416],[-46.656918,-24.089445],[-46.657169,-24.089489],[-46.657264,-24.089515],[-46.657412,-24.089589],[-46.657528,-24.08969],[-46.657586,-24.08977],[-46.657712,-24.090004],[-46.657889,-24.090295],[-46.658002,-24.090452],[-46.65818,-24.090644],[-46.65835,-24.090776],[-46.658462,-24.09084],[-46.658584,-24.090896],[-46.658695,-24.090936],[-46.658799,-24.090961],[-46.658871,-24.090967],[-46.658957,-24.090961],[-46.659158,-24.090911],[-46.659288,-24.090862],[-46.659326,-24.09083],[-46.659357,-24.090786],[-46.659404,-24.090694],[-46.659439,-24.090593],[-46.659461,-24.090496],[-46.659472,-24.090388],[-46.65946,-24.090189],[-46.659343,-24.089385],[-46.659333,-24.089241],[-46.659348,-24.08913],[-46.659442,-24.088925],[-46.659604,-24.088661],[-46.659666,-24.088583],[-46.659757,-24.088522],[-46.659866,-24.088498],[-46.660046,-24.088505],[-46.660219,-24.088536],[-46.660353,-24.08859],[-46.660464,-24.088673],[-46.660509,-24.088723],[-46.660608,-24.08887],[-46.660654,-24.088922],[-46.660737,-24.088979],[-46.660828,-24.089013],[-46.660853,-24.089022],[-46.660994,-24.08906],[-46.661127,-24.089072],[-46.661318,-24.089063],[-46.661601,-24.089032],[-46.662149,-24.088942],[-46.662483,-24.088942],[-46.662644,-24.088913],[-46.663011,-24.088814],[-46.663106,-24.088768],[-46.663185,-24.088708],[-46.66338,-24.088533],[-46.663461,-24.088474],[-46.663539,-24.088441],[-46.663647,-24.088415],[-46.663779,-24.088399],[-46.663926,-24.088396],[-46.664053,-24.088409],[-46.66416,-24.088437],[-46.66433,-24.0885],[-46.664651,-24.088633],[-46.664916,-24.088783],[-46.665215,-24.088857],[-46.665317,-24.08891],[-46.6657,-24.089148],[-46.665798,-24.089196],[-46.66595,-24.089238],[-46.666112,-24.089256],[-46.666218,-24.089246],[-46.666371,-24.089206],[-46.666895,-24.089032],[-46.667147,-24.088962],[-46.667259,-24.088917],[-46.667381,-24.088831],[-46.667493,-24.088708],[-46.667558,-24.088595],[-46.667627,-24.088424],[-46.667677,-24.088224],[-46.667704,-24.088146],[-46.667737,-24.08809],[-46.667798,-24.088038],[-46.667885,-24.087989],[-46.66806,-24.087919],[-46.668176,-24.08789],[-46.668237,-24.087894],[-46.668375,-24.08794],[-46.668655,-24.088003],[-46.668834,-24.08803],[-46.66911,-24.088041],[-46.669332,-24.088025],[-46.669487,-24.087983],[-46.669842,-24.087822],[-46.66992,-24.087751],[-46.669973,-24.087659],[-46.67008,-24.087402],[-46.670177,-24.087216],[-46.670244,-24.087128],[-46.670318,-24.087076],[-46.670429,-24.087033],[-46.670753,-24.086918],[-46.671042,-24.086853],[-46.671186,-24.086799],[-46.671366,-24.086719],[-46.671524,-24.086639],[-46.671615,-24.086579],[-46.671652,-24.086541],[-46.671725,-24.08643],[-46.67183,-24.086332],[-46.671914,-24.08627],[-46.671964,-24.086252],[-46.672064,-24.086245],[-46.672333,-24.08621],[-46.672496,-24.086181],[-46.672592,-24.086175],[-46.672764,-24.086191],[-46.672966,-24.086225],[-46.673071,-24.086254],[-46.673213,-24.086309],[-46.673359,-24.086359],[-46.67343,-24.0864],[-46.673467,-24.08644],[-46.673526,-24.086538],[-46.673537,-24.086553],[-46.673579,-24.086599],[-46.673714,-24.086697],[-46.673863,-24.086784],[-46.673888,-24.086799],[-46.674027,-24.086859],[-46.674138,-24.086883],[-46.674231,-24.086879],[-46.674377,-24.086843],[-46.674586,-24.086769],[-46.6749,-24.086709],[-46.674971,-24.086683],[-46.675035,-24.086634],[-46.675193,-24.086468],[-46.675259,-24.08641],[-46.675366,-24.086352],[-46.675499,-24.08631],[-46.675698,-24.08631],[-46.675838,-24.086265],[-46.675888,-24.086239],[-46.675922,-24.08621],[-46.67596,-24.086134],[-46.675982,-24.085996],[-46.675972,-24.085846],[-46.675994,-24.085672],[-46.676022,-24.085522],[-46.676064,-24.085367],[-46.676117,-24.085238],[-46.676236,-24.085018],[-46.676341,-24.084864],[-46.676428,-24.084784],[-46.67656,-24.084715],[-46.676687,-24.08466],[-46.676884,-24.08459],[-46.677109,-24.084525],[-46.677204,-24.084492],[-46.677293,-24.084441],[-46.677554,-24.084264],[-46.677717,-24.084132],[-46.677803,-24.084035],[-46.677951,-24.08383],[-46.678016,-24.083753],[-46.67816,-24.083619],[-46.67834,-24.083479],[-46.678474,-24.08339],[-46.678614,-24.083319],[-46.678768,-24.08326],[-46.678901,-24.08323],[-46.679121,-24.083212],[-46.679302,-24.083219],[-46.679446,-24.083253],[-46.679576,-24.083319],[-46.679688,-24.083406],[-46.67986,-24.083568],[-46.679968,-24.083698],[-46.680005,-24.083731],[-46.680087,-24.083762],[-46.680209,-24.083778],[-46.680314,-24.083781],[-46.680384,-24.083768],[-46.680427,-24.083739],[-46.680474,-24.083668],[-46.680623,-24.083369],[-46.680822,-24.08307],[-46.680982,-24.08285],[-46.681021,-24.08278],[-46.681057,-24.082686],[-46.681171,-24.082327],[-46.681215,-24.082239],[-46.681316,-24.082081],[-46.681431,-24.081913],[-46.68152,-24.081714],[-46.681565,-24.081534],[-46.681595,-24.081465],[-46.681661,-24.081389],[-46.68178,-24.081305],[-46.682104,-24.081141],[-46.682317,-24.081039],[-46.682418,-24.080981],[-46.682532,-24.080893],[-46.682652,-24.080772],[-46.6828,-24.0806],[-46.682941,-24.080418],[-46.682995,-24.080333],[-46.683016,-24.080258],[-46.683022,-24.080182],[-46.683016,-24.080034],[-46.683001,-24.07982],[-46.68301,-24.079718],[-46.683036,-24.079625],[-46.68311,-24.079447],[-46.683185,-24.079311],[-46.683246,-24.079233],[-46.683435,-24.079027],[-46.683514,-24.07891],[-46.683549,-24.078813],[-46.683564,-24.078685],[-46.683549,-24.078504],[-46.68342,-24.077781],[-46.683366,-24.07757],[-46.68336,-24.077507],[-46.68338,-24.077388],[-46.683402,-24.077339],[-46.683435,-24.077292],[-46.683529,-24.077211],[-46.683674,-24.077133],[-46.683891,-24.077049],[-46.684083,-24.076998],[-46.684228,-24.076985],[-46.684397,-24.077008],[-46.684621,-24.077066],[-46.684895,-24.077158],[-46.685443,-24.077397],[-46.685617,-24.077451],[-46.685831,-24.07751],[-46.685997,-24.077549],[-46.686151,-24.077542],[-46.686251,-24.077507],[-46.686326,-24.077457],[-46.686361,-24.077357],[-46.686361,-24.077272],[-46.686351,-24.077108],[-46.686326,-24.076958],[-46.686316,-24.076824],[-46.686534,-24.076736],[-46.686606,-24.076675],[-46.6867,-24.076654],[-46.686806,-24.076659],[-46.686925,-24.076684],[-46.687038,-24.0769],[-46.687042,-24.077021],[-46.687083,-24.077277],[-46.687149,-24.077494],[-46.687357,-24.078074],[-46.687395,-24.078218],[-46.687469,-24.078558],[-46.687512,-24.078712],[-46.687578,-24.078881],[-46.687888,-24.079446],[-46.688075,-24.079785],[-46.688292,-24.080155],[-46.688344,-24.080243],[-46.688471,-24.080423],[-46.688718,-24.080716],[-46.688865,-24.080934],[-46.688943,-24.08109],[-46.688963,-24.081202],[-46.688952,-24.081398],[-46.688933,-24.081589],[-46.688943,-24.081663],[-46.688963,-24.081708],[-46.688984,-24.081733],[-46.68909,-24.081797],[-46.689119,-24.081814],[-46.689258,-24.081885],[-46.689542,-24.082033],[-46.68984,-24.082162],[-46.689955,-24.082197],[-46.690069,-24.08222],[-46.690191,-24.082233],[-46.690323,-24.082237],[-46.690411,-24.082226],[-46.690569,-24.082171],[-46.690623,-24.082162],[-46.690674,-24.082167],[-46.690718,-24.08218],[-46.690797,-24.082237],[-46.690826,-24.08228],[-46.690877,-24.082399],[-46.690912,-24.082446],[-46.691022,-24.082518],[-46.691146,-24.082561],[-46.691182,-24.082556],[-46.69125,-24.082507],[-46.691286,-24.082501],[-46.691324,-24.08252],[-46.691424,-24.082601],[-46.69148,-24.082621],[-46.691552,-24.082602],[-46.691729,-24.082509],[-46.691849,-24.082475],[-46.691929,-24.082474],[-46.692028,-24.082515],[-46.692153,-24.082596],[-46.692268,-24.082689],[-46.692327,-24.08277],[-46.692343,-24.08284],[-46.692342,-24.083019],[-46.692363,-24.083161],[-46.692392,-24.083259],[-46.692517,-24.08347],[-46.692541,-24.083532],[-46.692533,-24.083587],[-46.692457,-24.083682],[-46.69236,-24.083831],[-46.692332,-24.083917],[-46.692345,-24.084001],[-46.69258,-24.084567],[-46.692641,-24.084739],[-46.692696,-24.084963],[-46.692705,-24.085046],[-46.692701,-24.085113],[-46.692689,-24.085156],[-46.692665,-24.085197],[-46.692557,-24.085312],[-46.692467,-24.085427],[-46.692307,-24.085537],[-46.692143,-24.085751],[-46.692103,-24.085771],[-46.692019,-24.085782],[-46.691992,-24.085801],[-46.691977,-24.085868],[-46.691983,-24.08601],[-46.692014,-24.086182],[-46.692018,-24.08625],[-46.692,-24.086406],[-46.691968,-24.086549],[-46.691927,-24.086633],[-46.691869,-24.086683],[-46.691829,-24.086695],[-46.691684,-24.086708],[-46.691634,-24.086736],[-46.69146,-24.086883],[-46.691335,-24.086947],[-46.691269,-24.086995],[-46.691246,-24.087047],[-46.691249,-24.087106],[-46.691281,-24.087273],[-46.691281,-24.087321],[-46.691267,-24.087348],[-46.691241,-24.087367],[-46.691205,-24.087374],[-46.691161,-24.087371],[-46.691124,-24.087355],[-46.690996,-24.087272],[-46.69091,-24.087257],[-46.690847,-24.087272],[-46.690828,-24.087291],[-46.690819,-24.087316],[-46.690822,-24.087396],[-46.690909,-24.0876],[-46.690922,-24.08768],[-46.690906,-24.087737],[-46.690873,-24.087797],[-46.690824,-24.087857],[-46.690762,-24.08791],[-46.690694,-24.087943],[-46.690473,-24.088004],[-46.690371,-24.088065],[-46.690289,-24.088144],[-46.690242,-24.08821],[-46.690149,-24.088378],[-46.690084,-24.088474],[-46.690039,-24.088518],[-46.689969,-24.088551],[-46.6899,-24.088553],[-46.68986,-24.088536],[-46.689749,-24.088465],[-46.689705,-24.088453],[-46.689646,-24.088474],[-46.689556,-24.088553],[-46.689391,-24.088712],[-46.689316,-24.088769],[-46.689292,-24.088812],[-46.689276,-24.08894],[-46.689292,-24.089061],[-46.689335,-24.089144],[-46.689441,-24.089275],[-46.689519,-24.08939],[-46.689566,-24.089425],[-46.689597,-24.08942],[-46.689678,-24.089363],[-46.689725,-24.08935],[-46.689779,-24.089366],[-46.68995,-24.08945],[-46.690047,-24.089471],[-46.690164,-24.089474],[-46.690533,-24.08944],[-46.690762,-24.089425],[-46.690868,-24.089403],[-46.690962,-24.089375],[-46.691048,-24.089314],[-46.691086,-24.0893],[-46.691212,-24.089292],[-46.69132,-24.08931],[-46.691435,-24.089366],[-46.691545,-24.08945],[-46.691581,-24.089492],[-46.691669,-24.089634],[-46.691749,-24.089706],[-46.691834,-24.089759],[-46.691876,-24.089772],[-46.691971,-24.089784],[-46.692008,-24.089799],[-46.69205,-24.08984],[-46.692116,-24.089947],[-46.692241,-24.090118],[-46.692283,-24.090208],[-46.692289,-24.090287],[-46.692256,-24.090383],[-46.692223,-24.090432],[-46.692178,-24.090463],[-46.692045,-24.090507],[-46.691998,-24.090532],[-46.691939,-24.090593],[-46.69186,-24.090721],[-46.691694,-24.091033],[-46.691625,-24.091145],[-46.691497,-24.091291],[-46.691437,-24.091342],[-46.691375,-24.09138],[-46.691304,-24.091396],[-46.69116,-24.091393],[-46.691101,-24.091404],[-46.691028,-24.091457],[-46.690942,-24.091569],[-46.690895,-24.091643],[-46.690877,-24.091708],[-46.690879,-24.091811],[-46.690912,-24.091883],[-46.69098,-24.091935],[-46.691128,-24.092007],[-46.691295,-24.092063],[-46.691335,-24.092092],[-46.691337,-24.092113],[-46.691325,-24.09214],[-46.691252,-24.092227],[-46.691182,-24.092307],[-46.691166,-24.092341],[-46.691163,-24.092419],[-46.691186,-24.092491],[-46.69121,-24.09252],[-46.691305,-24.092598],[-46.691335,-24.09264],[-46.691346,-24.092687],[-46.691346,-24.092743],[-46.691335,-24.092798],[-46.691315,-24.09284],[-46.69126,-24.092888],[-46.691141,-24.092939],[-46.691053,-24.092967],[-46.690967,-24.092979],[-46.690802,-24.092954],[-46.690618,-24.092989],[-46.690496,-24.093001],[-46.690418,-24.092994],[-46.690355,-24.092972],[-46.690194,-24.092894],[-46.690109,-24.092866],[-46.690054,-24.09287],[-46.690016,-24.092889],[-46.689923,-24.092959],[-46.68988,-24.092979],[-46.689748,-24.093003],[-46.689646,-24.092994],[-46.689592,-24.092964],[-46.689471,-24.092855],[-46.689385,-24.092811],[-46.689322,-24.092805],[-46.689249,-24.092834],[-46.689147,-24.092904],[-46.688997,-24.093054],[-46.688898,-24.093135],[-46.688864,-24.093151],[-46.688833,-24.093154],[-46.688789,-24.093134],[-46.688686,-24.093041],[-46.688649,-24.093019],[-46.688616,-24.093016],[-46.688581,-24.093022],[-46.688509,-24.093064],[-46.688498,-24.093081],[-46.688495,-24.093136],[-46.688474,-24.093164],[-46.688358,-24.093242],[-46.688236,-24.093302],[-46.688151,-24.093321],[-46.68805,-24.093313],[-46.687836,-24.093243],[-46.68775,-24.093252],[-46.687686,-24.093288],[-46.687657,-24.093349],[-46.687652,-24.093438],[-46.687675,-24.09353],[-46.687721,-24.093602],[-46.687769,-24.09364],[-46.6879,-24.093718],[-46.687936,-24.093752],[-46.687942,-24.093772],[-46.687939,-24.093793],[-46.687876,-24.093877],[-46.687805,-24.094022],[-46.687751,-24.094086],[-46.687655,-24.094128],[-46.687512,-24.094151],[-46.687468,-24.094146],[-46.687385,-24.094116],[-46.687352,-24.094116],[-46.687286,-24.09415],[-46.687208,-24.094225],[-46.687133,-24.094359],[-46.687093,-24.09441],[-46.686987,-24.094501],[-46.686834,-24.094609],[-46.686637,-24.09471],[-46.686401,-24.094835],[-46.686215,-24.09492],[-46.686171,-24.094948],[-46.686153,-24.094977],[-46.686138,-24.095049],[-46.686121,-24.095073],[-46.686064,-24.0951],[-46.685947,-24.095133],[-46.686031,-24.095457],[-46.688874,-24.099404],[-46.689737,-24.1006],[-46.689971,-24.100925],[-46.689994,-24.100958],[-46.690018,-24.100991],[-46.691236,-24.102685],[-46.695189,-24.099869],[-46.700767,-24.095895],[-46.700458,-24.095711],[-46.700119,-24.095551],[-46.699795,-24.095487],[-46.699546,-24.095387],[-46.699371,-24.095128],[-46.699311,-24.094913],[-46.699356,-24.09443],[-46.699421,-24.094181],[-46.699386,-24.094016],[-46.699321,-24.093891],[-46.699157,-24.093303],[-46.699137,-24.093084],[-46.699203,-24.092932],[-46.699361,-24.092625],[-46.699461,-24.092401],[-46.699585,-24.092202],[-46.699735,-24.092142],[-46.699923,-24.092102],[-46.700034,-24.092017],[-46.700169,-24.091893],[-46.700617,-24.091544],[-46.700767,-24.091319],[-46.700926,-24.09113],[-46.700966,-24.090906],[-46.701091,-24.090547],[-46.701201,-24.090307],[-46.70129,-24.090008],[-46.701425,-24.089684],[-46.701674,-24.089226],[-46.701864,-24.088986],[-46.702044,-24.088856],[-46.702163,-24.088762],[-46.702332,-24.088652],[-46.702407,-24.088553],[-46.702681,-24.088443],[-46.70287,-24.088378],[-46.703145,-24.088343],[-46.703319,-24.088278],[-46.703369,-24.088254],[-46.703504,-24.088313],[-46.703553,-24.088428],[-46.703592,-24.088611],[-46.703603,-24.088877],[-46.703603,-24.089126],[-46.703643,-24.0894],[-46.703718,-24.089674],[-46.703718,-24.089834],[-46.703693,-24.090018],[-46.703816,-24.090183],[-46.704042,-24.090542],[-46.704127,-24.090731],[-46.704142,-24.090906],[-46.704201,-24.09108],[-46.704295,-24.091247],[-46.704391,-24.091429],[-46.704426,-24.091578],[-46.704466,-24.091713],[-46.70455,-24.091828],[-46.70469,-24.091902],[-46.704889,-24.091937],[-46.705039,-24.091977],[-46.705238,-24.092012],[-46.705612,-24.092152],[-46.705772,-24.092187],[-46.705861,-24.092187],[-46.71637,-24.084655],[-46.716385,-24.084644],[-46.71648,-24.084799],[-46.716805,-24.085024],[-46.71705,-24.085162],[-46.717318,-24.085183],[-46.717608,-24.085215],[-46.717795,-24.08532],[-46.717927,-24.085535],[-46.717965,-24.085764],[-46.718012,-24.085873],[-46.718065,-24.085908],[-46.718106,-24.085958],[-46.718128,-24.086045],[-46.718148,-24.086081],[-46.718275,-24.086223],[-46.718336,-24.086293],[-46.718395,-24.086413],[-46.718409,-24.086506],[-46.718406,-24.086604],[-46.718399,-24.08665],[-46.718343,-24.0867],[-46.71825,-24.086695],[-46.718038,-24.086648],[-46.717908,-24.08667],[-46.717797,-24.086713],[-46.717754,-24.086775],[-46.717722,-24.086873],[-46.717742,-24.086933],[-46.717779,-24.086984],[-46.717915,-24.087009],[-46.718119,-24.087031],[-46.718216,-24.087058],[-46.718308,-24.087119],[-46.718436,-24.087254],[-46.718542,-24.087395],[-46.718635,-24.08742],[-46.718733,-24.087418],[-46.718874,-24.087342],[-46.718975,-24.087325],[-46.71905,-24.08735],[-46.719082,-24.087418],[-46.719081,-24.087482],[-46.719009,-24.087683],[-46.718889,-24.087927],[-46.718791,-24.08832],[-46.718658,-24.088644],[-46.709948,-24.095998],[-46.709514,-24.096262],[-46.709109,-24.096454],[-46.708682,-24.096562],[-46.706203,-24.097461],[-46.705778,-24.09764],[-46.705542,-24.09781],[-46.705424,-24.098271],[-46.705444,-24.098578],[-46.705417,-24.098754],[-46.705417,-24.098822],[-46.705436,-24.098868],[-46.705629,-24.099178],[-46.705689,-24.099294],[-46.705742,-24.09941],[-46.705794,-24.099575],[-46.705888,-24.100081],[-46.705928,-24.10025],[-46.705941,-24.100376],[-46.705923,-24.10049],[-46.705826,-24.1007],[-46.705769,-24.100893],[-46.7057,-24.101119],[-46.705679,-24.101325],[-46.705639,-24.101457],[-46.705193,-24.102081],[-46.704812,-24.102705],[-46.704764,-24.102771],[-46.704657,-24.102866],[-46.704532,-24.102916],[-46.704385,-24.102958],[-46.704101,-24.103036],[-46.703962,-24.103084],[-46.70383,-24.103178],[-46.703717,-24.10327],[-46.703635,-24.103351],[-46.703576,-24.103453],[-46.70354,-24.103576],[-46.703477,-24.103861],[-46.703426,-24.104159],[-46.703287,-24.104545],[-46.703072,-24.104905],[-46.702968,-24.105157],[-46.702886,-24.105298],[-46.702809,-24.105372],[-46.70271,-24.105442],[-46.702563,-24.105501],[-46.702451,-24.105519],[-46.702309,-24.105517],[-46.702152,-24.105497],[-46.701986,-24.105457],[-46.701742,-24.105357],[-46.701491,-24.105252],[-46.700874,-24.10503],[-46.700523,-24.104925],[-46.699836,-24.104755],[-46.699705,-24.104721],[-46.699581,-24.104679],[-46.699053,-24.104457],[-46.698645,-24.10425],[-46.698412,-24.10411],[-46.698263,-24.104054],[-46.698103,-24.103983],[-46.697468,-24.103644],[-46.69725,-24.103563],[-46.696963,-24.103508],[-46.696791,-24.103514],[-46.696662,-24.103563],[-46.696497,-24.103662],[-46.696398,-24.103746],[-46.696163,-24.103976],[-46.69552,-24.104567],[-46.694491,-24.105503],[-46.694275,-24.105751],[-46.694007,-24.105993],[-46.693566,-24.106403],[-46.693246,-24.106684],[-46.69301,-24.106848],[-46.692691,-24.107018],[-46.69242,-24.107159],[-46.692182,-24.107276],[-46.690077,-24.108209],[-46.68894,-24.1087],[-46.688101,-24.109067],[-46.687492,-24.109256],[-46.687097,-24.109302],[-46.686793,-24.109364],[-46.68642,-24.109495],[-46.685993,-24.109881],[-46.68552,-24.110228],[-46.685093,-24.110614],[-46.684308,-24.111289],[-46.683695,-24.111802],[-46.683092,-24.112346],[-46.682798,-24.112585],[-46.682449,-24.112857],[-46.682329,-24.112983],[-46.682206,-24.113084],[-46.681984,-24.113218],[-46.681306,-24.113586],[-46.68046,-24.114122],[-46.680084,-24.114357],[-46.679335,-24.114844],[-46.678908,-24.115097],[-46.678809,-24.115164],[-46.678708,-24.115255],[-46.678653,-24.11533],[-46.678609,-24.115414],[-46.67851,-24.115666],[-46.678446,-24.115808],[-46.67888,-24.116033],[-46.679482,-24.116346],[-46.680084,-24.116655],[-46.68066,-24.116959],[-46.681249,-24.117275],[-46.681284,-24.117294],[-46.681824,-24.117591],[-46.682403,-24.117895],[-46.683023,-24.118221],[-46.681741,-24.119114],[-46.680451,-24.120034],[-46.679153,-24.120949],[-46.679391,-24.121103],[-46.679458,-24.121183],[-46.679903,-24.121586],[-46.680071,-24.121598],[-46.680233,-24.121773],[-46.681483,-24.120912],[-46.682717,-24.120023],[-46.683951,-24.119149],[-46.684573,-24.118701],[-46.68513,-24.1183],[-46.685176,-24.118269],[-46.686367,-24.117421],[-46.686965,-24.116983],[-46.68765,-24.1165],[-46.688612,-24.115804],[-46.68886,-24.115629],[-46.690118,-24.114722],[-46.689779,-24.114359],[-46.690435,-24.113887],[-46.691016,-24.113467],[-46.690793,-24.113218],[-46.690788,-24.113186],[-46.690772,-24.113168],[-46.690796,-24.113155],[-46.691285,-24.112851],[-46.69203,-24.112325],[-46.694166,-24.110815],[-46.69495,-24.110225],[-46.698457,-24.107585],[-46.698922,-24.107448],[-46.69988,-24.106842],[-46.700541,-24.106984],[-46.701289,-24.107407],[-46.701629,-24.107746],[-46.701658,-24.107775],[-46.701687,-24.107804],[-46.702023,-24.108139],[-46.707633,-24.104129],[-46.707666,-24.104106],[-46.707699,-24.104082],[-46.710231,-24.102266],[-46.719691,-24.09548],[-46.719835,-24.095596],[-46.719885,-24.095609],[-46.719922,-24.095597],[-46.71994,-24.095546],[-46.719936,-24.09548],[-46.719952,-24.09541],[-46.719986,-24.095348],[-46.720037,-24.095305],[-46.720108,-24.095296],[-46.720175,-24.095324],[-46.720426,-24.095473],[-46.720477,-24.095521],[-46.720554,-24.09555],[-46.720626,-24.095551],[-46.720673,-24.09552],[-46.720703,-24.095432],[-46.720706,-24.095363],[-46.720691,-24.095277],[-46.720672,-24.095186],[-46.720652,-24.095131],[-46.72065,-24.095074],[-46.720676,-24.094979],[-46.720678,-24.094975],[-46.720723,-24.094846],[-46.720748,-24.09476],[-46.72076,-24.094685],[-46.720755,-24.094617],[-46.720742,-24.094534],[-46.720713,-24.094472],[-46.720427,-24.094213],[-46.720409,-24.094175],[-46.720409,-24.09413],[-46.72044,-24.094084],[-46.720493,-24.094053],[-46.72062,-24.094022],[-46.720786,-24.093999],[-46.720949,-24.093998],[-46.721152,-24.094038],[-46.721303,-24.094082],[-46.72138,-24.094083],[-46.721419,-24.094058],[-46.721431,-24.093994],[-46.721403,-24.093925],[-46.721335,-24.093841],[-46.721253,-24.093797],[-46.721213,-24.093751],[-46.721198,-24.093689],[-46.721226,-24.09359],[-46.721281,-24.09352],[-46.721407,-24.093479],[-46.721565,-24.093505],[-46.721683,-24.093542],[-46.721812,-24.093629],[-46.722165,-24.093926],[-46.722466,-24.094073],[-46.722607,-24.094096],[-46.722774,-24.094081],[-46.722913,-24.094055],[-46.723003,-24.093988],[-46.723035,-24.093864],[-46.723007,-24.093767],[-46.722882,-24.093673],[-46.722608,-24.093533],[-46.722411,-24.093467],[-46.722203,-24.093371],[-46.722105,-24.093297],[-46.722048,-24.0932],[-46.722069,-24.093105],[-46.722179,-24.093022],[-46.722394,-24.092881],[-46.722559,-24.092831],[-46.722715,-24.09279],[-46.722893,-24.09272],[-46.723006,-24.09258],[-46.723096,-24.092329],[-46.723204,-24.091965],[-46.723273,-24.09186],[-46.723352,-24.091828],[-46.723459,-24.091821],[-46.723571,-24.091911],[-46.723643,-24.092008],[-46.723691,-24.092147],[-46.723654,-24.092302],[-46.723643,-24.092414],[-46.723681,-24.092526],[-46.723761,-24.092582],[-46.723888,-24.092629],[-46.724034,-24.092597],[-46.724139,-24.09251],[-46.724223,-24.092404],[-46.724255,-24.092309],[-46.724353,-24.091742],[-46.724391,-24.091613],[-46.724473,-24.091534],[-46.724609,-24.091478],[-46.724663,-24.091422],[-46.724697,-24.091275],[-46.724698,-24.091161],[-46.724635,-24.091055],[-46.724569,-24.090985],[-46.724352,-24.090841],[-46.724231,-24.090712],[-46.724155,-24.090631],[-46.723891,-24.089901],[-46.723886,-24.08977],[-46.723927,-24.089683],[-46.72403,-24.089609],[-46.72419,-24.089571],[-46.72431,-24.089587],[-46.724395,-24.089644],[-46.724455,-24.089724],[-46.724492,-24.089841],[-46.724599,-24.089999],[-46.724682,-24.090083],[-46.72483,-24.090108],[-46.725018,-24.090081],[-46.725226,-24.090025],[-46.725378,-24.089953],[-46.725473,-24.089876],[-46.725585,-24.089739],[-46.725815,-24.089364],[-46.725907,-24.089326],[-46.726005,-24.089331],[-46.726059,-24.089398],[-46.726088,-24.089514],[-46.726079,-24.089651],[-46.726048,-24.089778],[-46.726078,-24.089901],[-46.726134,-24.090041],[-46.72621,-24.090116],[-46.72632,-24.090162],[-46.72644,-24.090154],[-46.726655,-24.090138],[-46.726962,-24.090167],[-46.727101,-24.090196],[-46.727279,-24.090248],[-46.72739,-24.090305],[-46.727545,-24.090506],[-46.72758,-24.090572],[-46.727588,-24.090651],[-46.727544,-24.090733],[-46.727427,-24.090763],[-46.727294,-24.09077],[-46.727104,-24.090769],[-46.726779,-24.090822],[-46.726616,-24.090887],[-46.726504,-24.09098],[-46.726403,-24.09108],[-46.726385,-24.091197],[-46.726406,-24.091314],[-46.726474,-24.091407],[-46.726591,-24.091431],[-46.72675,-24.091471],[-46.72694,-24.09152],[-46.727074,-24.091541],[-46.727171,-24.091573],[-46.72751,-24.091753],[-46.72759,-24.091831],[-46.727651,-24.091848],[-46.727707,-24.09182],[-46.727728,-24.091761],[-46.727703,-24.0917],[-46.727633,-24.091552],[-46.727534,-24.091394],[-46.727529,-24.091317],[-46.727544,-24.091243],[-46.727613,-24.091206],[-46.727755,-24.091205],[-46.727938,-24.091172],[-46.728102,-24.091168],[-46.728211,-24.0912],[-46.728361,-24.091262],[-46.728451,-24.091372],[-46.728465,-24.091445],[-46.728575,-24.091487],[-46.728795,-24.091564],[-46.728888,-24.091616],[-46.728914,-24.091734],[-46.728838,-24.091844],[-46.728635,-24.091968],[-46.728413,-24.092009],[-46.728269,-24.092038],[-46.728169,-24.092142],[-46.728215,-24.092257],[-46.728313,-24.092367],[-46.728481,-24.092436],[-46.728652,-24.092441],[-46.728788,-24.092396],[-46.728941,-24.092308],[-46.729393,-24.091966],[-46.729593,-24.091866],[-46.729807,-24.091824],[-46.729971,-24.091895],[-46.730028,-24.092092],[-46.730036,-24.092272],[-46.730126,-24.092434],[-46.730158,-24.092574],[-46.730267,-24.092643],[-46.730435,-24.092576],[-46.730631,-24.092432],[-46.730848,-24.092392],[-46.731264,-24.092404],[-46.73149,-24.092499],[-46.731619,-24.092619],[-46.731643,-24.092739],[-46.731715,-24.092845],[-46.731844,-24.092888],[-46.732017,-24.092835],[-46.73217,-24.092883],[-46.732324,-24.092988],[-46.732335,-24.092995],[-46.732468,-24.09307],[-46.73252,-24.093175],[-46.732511,-24.093271],[-46.732453,-24.093362],[-46.732257,-24.093382],[-46.732184,-24.093474],[-46.732173,-24.093641],[-46.732295,-24.093786],[-46.732434,-24.093849],[-46.732339,-24.094087],[-46.732469,-24.094251],[-46.732742,-24.094285],[-46.733005,-24.094065],[-46.733107,-24.094056],[-46.733141,-24.094136],[-46.733233,-24.09418],[-46.733733,-24.09424],[-46.733911,-24.094369],[-46.734079,-24.094551],[-46.73415,-24.094801],[-46.734146,-24.095016],[-46.734103,-24.0952],[-46.734098,-24.095349],[-46.734433,-24.095721]],[[-46.713698,-24.128905],[-46.713503,-24.128668],[-46.713315,-24.128465],[-46.713002,-24.128154],[-46.712562,-24.128319],[-46.712197,-24.128096],[-46.712092,-24.127942],[-46.711902,-24.127788],[-46.711648,-24.127553],[-46.711124,-24.127282],[-46.710943,-24.127197],[-46.710582,-24.126929],[-46.710581,-24.126929],[-46.710039,-24.126655],[-46.709872,-24.126626],[-46.709618,-24.126412],[-46.709172,-24.126177],[-46.708131,-24.125502],[-46.707475,-24.124795],[-46.707366,-24.124665],[-46.707345,-24.124614],[-46.707238,-24.124429],[-46.706644,-24.123714],[-46.706092,-24.124076],[-46.70522,-24.124648],[-46.704353,-24.123598],[-46.703352,-24.124247],[-46.703386,-24.124273],[-46.70477,-24.125326],[-46.705052,-24.12554],[-46.705133,-24.125704],[-46.705212,-24.125788],[-46.705303,-24.125827],[-46.705418,-24.125825],[-46.705645,-24.12579],[-46.705916,-24.125797],[-46.706388,-24.125937],[-46.706715,-24.126145],[-46.706774,-24.126251],[-46.706819,-24.126418],[-46.706798,-24.126612],[-46.706822,-24.126729],[-46.706904,-24.126857],[-46.707127,-24.127081],[-46.707168,-24.127155],[-46.707182,-24.127287],[-46.707155,-24.127602],[-46.707135,-24.127838],[-46.707195,-24.128057],[-46.707178,-24.128172],[-46.707081,-24.128271],[-46.707063,-24.128373],[-46.707108,-24.128416],[-46.707614,-24.128947],[-46.707759,-24.128968],[-46.707874,-24.128948],[-46.707994,-24.128869],[-46.708175,-24.128706],[-46.708312,-24.128517],[-46.708492,-24.128341],[-46.708579,-24.128224],[-46.708759,-24.128152],[-46.708898,-24.12818],[-46.70915,-24.128378],[-46.709189,-24.128456],[-46.70919,-24.128576],[-46.709195,-24.128722],[-46.709234,-24.128849],[-46.70928,-24.128887],[-46.709343,-24.128891],[-46.70943,-24.128864],[-46.709507,-24.128874],[-46.70957,-24.128945],[-46.709606,-24.129048],[-46.70962,-24.129163],[-46.709668,-24.129251],[-46.709753,-24.129302],[-46.70987,-24.129335],[-46.710006,-24.12928],[-46.710081,-24.129268],[-46.710161,-24.129275],[-46.710224,-24.129308],[-46.710275,-24.129313],[-46.710356,-24.129285],[-46.710441,-24.129227],[-46.710491,-24.129203],[-46.710547,-24.129215],[-46.710625,-24.129259],[-46.710747,-24.129366],[-46.710802,-24.129401],[-46.710858,-24.129408],[-46.710928,-24.129373],[-46.71099,-24.129289],[-46.71101,-24.129216],[-46.710997,-24.129078],[-46.710988,-24.128963],[-46.710998,-24.128879],[-46.711049,-24.12883],[-46.711117,-24.128805],[-46.711208,-24.128821],[-46.711329,-24.12895],[-46.712086,-24.129673],[-46.712226,-24.129832],[-46.712303,-24.129934],[-46.712327,-24.130016],[-46.712398,-24.130083],[-46.712557,-24.130219],[-46.712588,-24.130245],[-46.712644,-24.13018],[-46.712668,-24.130139],[-46.712757,-24.129849],[-46.712825,-24.129735],[-46.713698,-24.128905]]]}},{"type":"Feature","properties":{"ibge_id":3541000,"municipality_name":"Praia Grande"},"geometry":{"type":"Polygon","coordinates":[[[-46.611779,-24.081205],[-46.611767,-24.081448],[-46.611687,-24.081738],[-46.611437,-24.081939],[-46.611151,-24.082143],[-46.61099,-24.082381],[-46.610881,-24.082632],[-46.610837,-24.082797],[-46.610855,-24.083026],[-46.610867,-24.083327],[-46.610737,-24.083565],[-46.610637,-24.083695],[-46.610436,-24.083826],[-46.610206,-24.084002],[-46.60985,-24.084228],[-46.609562,-24.084339],[-46.609384,-24.08447],[-46.609243,-24.084584],[-46.609136,-24.084793],[-46.609052,-24.084959],[-46.608899,-24.085168],[-46.608723,-24.085421],[-46.608617,-24.08568],[-46.608439,-24.085854],[-46.608231,-24.085908],[-46.607896,-24.085912],[-46.607643,-24.085933],[-46.607503,-24.085962],[-46.607431,-24.085976],[-46.605251,-24.088642],[-46.603972,-24.088098],[-46.603606,-24.08792],[-46.6027,-24.087473],[-46.60206,-24.087181],[-46.601388,-24.086843],[-46.600776,-24.086562],[-46.600102,-24.086174],[-46.59944,-24.085861],[-46.598801,-24.085555],[-46.598155,-24.085257],[-46.597549,-24.084965],[-46.596906,-24.084694],[-46.596299,-24.084455],[-46.595537,-24.084028],[-46.595,-24.083774],[-46.594323,-24.083466],[-46.593691,-24.083151],[-46.592494,-24.082527],[-46.590647,-24.081534],[-46.589606,-24.081042],[-46.588753,-24.080634],[-46.587869,-24.080229],[-46.587148,-24.079886],[-46.586448,-24.079548],[-46.585851,-24.079266],[-46.584977,-24.078858],[-46.584261,-24.078507],[-46.58357,-24.078184],[-46.582946,-24.077882],[-46.582319,-24.077578],[-46.581689,-24.077278],[-46.581121,-24.077041],[-46.580569,-24.076785],[-46.579347,-24.076197],[-46.578753,-24.075912],[-46.578125,-24.075622],[-46.577537,-24.075317],[-46.57694,-24.075027],[-46.576491,-24.07481],[-46.575823,-24.074502],[-46.575156,-24.074172],[-46.574415,-24.073835],[-46.573746,-24.073522],[-46.573054,-24.073181],[-46.572409,-24.072867],[-46.571962,-24.072648],[-46.571227,-24.072303],[-46.570654,-24.071996],[-46.570069,-24.071719],[-46.569493,-24.071442],[-46.568849,-24.071177],[-46.568318,-24.070901],[-46.56778,-24.070664],[-46.567028,-24.070293],[-46.566388,-24.069978],[-46.565696,-24.069659],[-46.565081,-24.069345],[-46.564342,-24.069002],[-46.563695,-24.068666],[-46.563083,-24.068362],[-46.562476,-24.068085],[-46.561857,-24.067782],[-46.561233,-24.067486],[-46.560399,-24.067098],[-46.559753,-24.066795],[-46.55911,-24.066498],[-46.558469,-24.066191],[-46.55781,-24.065878],[-46.557115,-24.065545],[-46.555864,-24.064967],[-46.555252,-24.064671],[-46.554627,-24.064386],[-46.55349,-24.063855],[-46.551931,-24.063147],[-46.5504,-24.062435],[-46.548856,-24.06171],[-46.54755,-24.061078],[-46.546916,-24.060793],[-46.546309,-24.060507],[-46.545697,-24.060218],[-46.545095,-24.059928],[-46.544452,-24.059635],[-46.54382,-24.059349],[-46.543219,-24.059082],[-46.542669,-24.058818],[-46.542066,-24.05856],[-46.54144,-24.058284],[-46.540262,-24.057798],[-46.539985,-24.057671],[-46.539432,-24.057424],[-46.538876,-24.057157],[-46.538361,-24.056913],[-46.537869,-24.056691],[-46.537068,-24.05633],[-46.536394,-24.05603],[-46.535605,-24.055641],[-46.534927,-24.055333],[-46.534332,-24.055058],[-46.533769,-24.054785],[-46.533163,-24.054516],[-46.53208,-24.054023],[-46.531562,-24.053794],[-46.53105,-24.053552],[-46.530243,-24.053222],[-46.529269,-24.052775],[-46.528464,-24.052431],[-46.528011,-24.052238],[-46.526934,-24.051745],[-46.525845,-24.051261],[-46.524824,-24.050816],[-46.524273,-24.050595],[-46.52407,-24.050506],[-46.523987,-24.050469],[-46.523651,-24.050307],[-46.523555,-24.050264],[-46.522549,-24.049812],[-46.521916,-24.049531],[-46.521205,-24.049223],[-46.520856,-24.049062],[-46.52016,-24.048767],[-46.519467,-24.048457],[-46.518793,-24.048148],[-46.518133,-24.047842],[-46.517451,-24.047536],[-46.516861,-24.047269],[-46.516265,-24.046981],[-46.515942,-24.046838],[-46.515664,-24.046652],[-46.515117,-24.046258],[-46.514742,-24.046009],[-46.513986,-24.045716],[-46.513213,-24.0454],[-46.511507,-24.044742],[-46.510763,-24.044443],[-46.509543,-24.043943],[-46.508912,-24.04366],[-46.508271,-24.043366],[-46.507621,-24.043067],[-46.507153,-24.042892],[-46.506427,-24.042608],[-46.505718,-24.042327],[-46.505306,-24.042155],[-46.504725,-24.041876],[-46.504107,-24.041576],[-46.503481,-24.041275],[-46.502851,-24.040976],[-46.50204,-24.04058],[-46.501083,-24.040132],[-46.500414,-24.039874],[-46.500002,-24.039714],[-46.499206,-24.03938],[-46.498486,-24.039119],[-46.497833,-24.03889],[-46.497179,-24.03865],[-46.496516,-24.038411],[-46.495983,-24.038178],[-46.49532,-24.037917],[-46.494708,-24.037608],[-46.494401,-24.037478],[-46.49268,-24.036687],[-46.492063,-24.036438],[-46.491517,-24.036191],[-46.491499,-24.036097],[-46.491442,-24.036073],[-46.487605,-24.034497],[-46.486537,-24.033989],[-46.486432,-24.03395],[-46.485737,-24.033687],[-46.485106,-24.033447],[-46.484602,-24.033269],[-46.484113,-24.033097],[-46.483537,-24.03289],[-46.482677,-24.032585],[-46.481866,-24.032279],[-46.480601,-24.031841],[-46.47968,-24.031523],[-46.479019,-24.031259],[-46.478264,-24.030974],[-46.47759,-24.030731],[-46.476612,-24.030399],[-46.476081,-24.030166],[-46.475091,-24.029835],[-46.474557,-24.02966],[-46.473744,-24.029371],[-46.473074,-24.029149],[-46.472341,-24.028879],[-46.471614,-24.028611],[-46.471378,-24.028421],[-46.47112,-24.028355],[-46.470915,-24.028351],[-46.470267,-24.02812],[-46.469475,-24.02784],[-46.468373,-24.027451],[-46.467437,-24.027119],[-46.466735,-24.026909],[-46.466066,-24.026671],[-46.465398,-24.026417],[-46.464618,-24.026152],[-46.463913,-24.025902],[-46.463117,-24.025589],[-46.462824,-24.025475],[-46.461798,-24.025135],[-46.461041,-24.0249],[-46.460291,-24.024625],[-46.459649,-24.024356],[-46.458863,-24.024086],[-46.458088,-24.023835],[-46.456683,-24.023361],[-46.456382,-24.02326],[-46.455557,-24.022984],[-46.454861,-24.022734],[-46.453897,-24.022381],[-46.453177,-24.022128],[-46.452462,-24.021864],[-46.451848,-24.021632],[-46.451128,-24.02137],[-46.449766,-24.020874],[-46.448978,-24.020626],[-46.44819,-24.020392],[-46.447375,-24.020162],[-46.44639,-24.019867],[-46.445392,-24.019579],[-46.44429,-24.019233],[-46.443928,-24.019142],[-46.443234,-24.01897],[-46.442038,-24.018657],[-46.441083,-24.018365],[-46.440676,-24.018241],[-46.439954,-24.018046],[-46.439162,-24.017801],[-46.438516,-24.017616],[-46.43784,-24.017421],[-46.437142,-24.01724],[-46.436338,-24.017037],[-46.435545,-24.016818],[-46.433796,-24.016331],[-46.433174,-24.016146],[-46.432362,-24.015953],[-46.431731,-24.015817],[-46.431212,-24.015698],[-46.43064,-24.015565],[-46.430283,-24.015468],[-46.429294,-24.015301],[-46.428144,-24.015099],[-46.427679,-24.014994],[-46.42648,-24.014722],[-46.425975,-24.014627],[-46.425338,-24.014507],[-46.424887,-24.014421],[-46.424051,-24.014271],[-46.423332,-24.014159],[-46.423018,-24.01411],[-46.422725,-24.014036],[-46.422486,-24.013992],[-46.422191,-24.01373],[-46.422081,-24.01368],[-46.421876,-24.013654],[-46.420902,-24.013624],[-46.420167,-24.013582],[-46.420154,-24.013463],[-46.420126,-24.013369],[-46.420059,-24.013297],[-46.419997,-24.013266],[-46.419916,-24.013242],[-46.419843,-24.013234],[-46.419732,-24.013274],[-46.419644,-24.013336],[-46.419592,-24.013454],[-46.419557,-24.013567],[-46.418816,-24.013519],[-46.417842,-24.013466],[-46.417337,-24.013481],[-46.416796,-24.013479],[-46.416238,-24.013471],[-46.415984,-24.013467],[-46.414848,-24.013519],[-46.414727,-24.013525],[-46.414046,-24.013496],[-46.412724,-24.013532],[-46.411855,-24.013576],[-46.410452,-24.013699],[-46.409482,-24.013849],[-46.408243,-24.014028],[-46.407061,-24.014212],[-46.406453,-24.014364],[-46.405657,-24.014582],[-46.405307,-24.014677],[-46.404598,-24.014878],[-46.403895,-24.015083],[-46.403226,-24.015294],[-46.402282,-24.015579],[-46.401201,-24.015961],[-46.400682,-24.016168],[-46.400476,-24.016425],[-46.400303,-24.016566],[-46.400291,-24.01675],[-46.401401,-24.018023],[-46.400851,-24.018217],[-46.399878,-24.018824],[-46.399411,-24.019178],[-46.399452,-24.019293],[-46.399494,-24.019436],[-46.399487,-24.019565],[-46.399428,-24.019659],[-46.399408,-24.019771],[-46.399386,-24.019863],[-46.399376,-24.019981],[-46.399421,-24.020079],[-46.399424,-24.020082],[-46.399463,-24.020149],[-46.399416,-24.020282],[-46.399411,-24.020522],[-46.399401,-24.020539],[-46.39936,-24.020692],[-46.399331,-24.020846],[-46.399331,-24.020848],[-46.399314,-24.021022],[-46.399318,-24.021248],[-46.399363,-24.021358],[-46.399366,-24.021363],[-46.399435,-24.021443],[-46.399458,-24.021646],[-46.399333,-24.021852],[-46.399345,-24.022136],[-46.399457,-24.022322],[-46.399508,-24.022615],[-46.399525,-24.022935],[-46.399525,-24.022944],[-46.399434,-24.023223],[-46.399333,-24.023434],[-46.399251,-24.02383],[-46.399154,-24.024226],[-46.399181,-24.02451],[-46.399276,-24.02488],[-46.399286,-24.024889],[-46.399397,-24.025119],[-46.399419,-24.025385],[-46.399419,-24.025394],[-46.399397,-24.025674],[-46.399266,-24.025997],[-46.399266,-24.026001],[-46.3991,-24.02632],[-46.399098,-24.026558],[-46.39919,-24.026685],[-46.399258,-24.026817],[-46.399291,-24.027065],[-46.399278,-24.027408],[-46.399278,-24.027417],[-46.399304,-24.027737],[-46.39938,-24.028034],[-46.399402,-24.028363],[-46.399468,-24.028679],[-46.399649,-24.02887],[-46.399649,-24.028879],[-46.399736,-24.029073],[-46.399818,-24.029222],[-46.399833,-24.029236],[-46.400039,-24.029418],[-46.400048,-24.029422],[-46.400255,-24.029523],[-46.40034,-24.029649],[-46.400589,-24.030008],[-46.400794,-24.030361],[-46.400968,-24.030679],[-46.401166,-24.031009],[-46.401179,-24.031014],[-46.401353,-24.031252],[-46.401366,-24.031263],[-46.401471,-24.0315],[-46.401577,-24.031668],[-46.401652,-24.031772],[-46.401695,-24.031853],[-46.4017,-24.032032],[-46.401717,-24.03217],[-46.401604,-24.032198],[-46.40154,-24.032226],[-46.401502,-24.032284],[-46.401501,-24.032382],[-46.401481,-24.032456],[-46.401361,-24.032467],[-46.401279,-24.032524],[-46.401272,-24.032581],[-46.401278,-24.032662],[-46.401158,-24.032702],[-46.401006,-24.032672],[-46.400906,-24.03263],[-46.400918,-24.032723],[-46.400917,-24.032815],[-46.400891,-24.032941],[-46.400807,-24.033102],[-46.400699,-24.033205],[-46.400502,-24.03333],[-46.400326,-24.033357],[-46.400218,-24.033362],[-46.400105,-24.033356],[-46.400098,-24.033419],[-46.40011,-24.0335],[-46.40004,-24.033568],[-46.399932,-24.033613],[-46.399807,-24.03356],[-46.399743,-24.033583],[-46.399693,-24.033629],[-46.399598,-24.033639],[-46.39951,-24.033639],[-46.399447,-24.03365],[-46.399308,-24.033666],[-46.399188,-24.033654],[-46.399087,-24.033607],[-46.398905,-24.033519],[-46.398818,-24.033386],[-46.398732,-24.033195],[-46.39867,-24.03308],[-46.398614,-24.032975],[-46.39859,-24.0329],[-46.398578,-24.032808],[-46.398598,-24.032687],[-46.398491,-24.032652],[-46.398366,-24.032547],[-46.398259,-24.032478],[-46.398191,-24.032362],[-46.398129,-24.0322],[-46.398111,-24.032085],[-46.398049,-24.03201],[-46.398015,-24.031948],[-46.398032,-24.031869],[-46.398042,-24.031821],[-46.398,-24.031783],[-46.397958,-24.031729],[-46.39795,-24.031646],[-46.397963,-24.031584],[-46.397947,-24.031516],[-46.397871,-24.031424],[-46.397761,-24.031364],[-46.397685,-24.031298],[-46.397639,-24.031221],[-46.397561,-24.031173],[-46.397446,-24.03111],[-46.397347,-24.031076],[-46.397164,-24.03106],[-46.397149,-24.03106],[-46.397055,-24.031059],[-46.396935,-24.03102],[-46.396883,-24.030948],[-46.396805,-24.030905],[-46.396712,-24.030847],[-46.396618,-24.030841],[-46.396497,-24.03084],[-46.396383,-24.030782],[-46.396222,-24.030704],[-46.396211,-24.0307],[-46.396118,-24.030599],[-46.396103,-24.030508],[-46.396104,-24.030412],[-46.396105,-24.030303],[-46.396148,-24.030188],[-46.396238,-24.030079],[-46.396275,-24.030022],[-46.396338,-24.02997],[-46.396287,-24.029894],[-46.396219,-24.029798],[-46.396173,-24.029692],[-46.396111,-24.029615],[-46.395908,-24.029547],[-46.395892,-24.029547],[-46.395616,-24.02944],[-46.395533,-24.029331],[-46.395435,-24.029206],[-46.395378,-24.029082],[-46.395296,-24.028962],[-46.39527,-24.028928],[-46.395213,-24.028842],[-46.395099,-24.028774],[-46.394922,-24.028725],[-46.394911,-24.028725],[-46.394724,-24.028638],[-46.394614,-24.028584],[-46.394604,-24.028579],[-46.394474,-24.028512],[-46.394469,-24.028507],[-46.39446,-24.028359],[-46.394465,-24.028344],[-46.394529,-24.028254],[-46.394566,-24.028135],[-46.394505,-24.028001],[-46.394494,-24.027987],[-46.394401,-24.027876],[-46.394255,-24.027827],[-46.39424,-24.027827],[-46.394072,-24.027831],[-46.393936,-24.027877],[-46.393785,-24.027862],[-46.393774,-24.027852],[-46.393681,-24.027761],[-46.39362,-24.027632],[-46.393505,-24.027554],[-46.39338,-24.027529],[-46.393271,-24.0274],[-46.393105,-24.027119],[-46.392991,-24.027004],[-46.39294,-24.026836],[-46.392926,-24.026688],[-46.392859,-24.026621],[-46.392733,-24.02661],[-46.392712,-24.026596],[-46.39264,-24.026514],[-46.39263,-24.0265],[-46.392558,-24.026356],[-46.392501,-24.026241],[-46.392491,-24.026236],[-46.392382,-24.026149],[-46.392356,-24.026139],[-46.392174,-24.026057],[-46.392153,-24.026047],[-46.392127,-24.026042],[-46.391961,-24.025917],[-46.39195,-24.025912],[-46.391863,-24.025735],[-46.391865,-24.025525],[-46.391856,-24.025362],[-46.391846,-24.025348],[-46.39177,-24.025109],[-46.391773,-24.024979],[-46.391545,-24.024796],[-46.391436,-24.02469],[-46.391421,-24.024685],[-46.391286,-24.024584],[-46.391172,-24.024493],[-46.391026,-24.024382],[-46.390907,-24.024247],[-46.390819,-24.024137],[-46.390763,-24.02405],[-46.390743,-24.023959],[-46.390696,-24.023887],[-46.390561,-24.023848],[-46.390372,-24.02387],[-46.390268,-24.023827],[-46.390217,-24.023721],[-46.390192,-24.023554],[-46.390204,-24.023431],[-46.390246,-24.023332],[-46.390305,-24.02327],[-46.390446,-24.023257],[-46.390582,-24.023258],[-46.390665,-24.023268],[-46.390635,-24.02312],[-46.390625,-24.02311],[-46.390568,-24.023],[-46.390563,-24.022976],[-46.390523,-24.022832],[-46.390519,-24.022661],[-46.390514,-24.022641],[-46.390521,-24.022503],[-46.390526,-24.022479],[-46.390611,-24.022351],[-46.390622,-24.022265],[-46.390539,-24.022178],[-46.39053,-24.022092],[-46.390567,-24.022045],[-46.390718,-24.022037],[-46.390886,-24.022033],[-46.391059,-24.021953],[-46.39119,-24.021849],[-46.391327,-24.02175],[-46.391453,-24.021719],[-46.391532,-24.021634],[-46.39157,-24.021529],[-46.391545,-24.021357],[-46.391505,-24.021204],[-46.3915,-24.02118],[-46.391443,-24.021036],[-46.391433,-24.021027],[-46.391366,-24.020955],[-46.391272,-24.020887],[-46.391257,-24.020877],[-46.391236,-24.020863],[-46.391164,-24.020743],[-46.391154,-24.020719],[-46.391103,-24.02058],[-46.391103,-24.020537],[-46.391104,-24.020404],[-46.391184,-24.020294],[-46.391194,-24.020285],[-46.391279,-24.020185],[-46.391284,-24.020176],[-46.391369,-24.020081],[-46.391453,-24.019996],[-46.391402,-24.019824],[-46.391387,-24.019804],[-46.391351,-24.019728],[-46.391357,-24.019642],[-46.39141,-24.019595],[-46.391488,-24.019573],[-46.39152,-24.019483],[-46.39148,-24.019359],[-46.391366,-24.019219],[-46.391273,-24.019109],[-46.39119,-24.018989],[-46.391129,-24.018826],[-46.391119,-24.018812],[-46.391089,-24.018683],[-46.391089,-24.018668],[-46.391054,-24.018525],[-46.391048,-24.018515],[-46.391024,-24.018381],[-46.39103,-24.0182],[-46.391032,-24.018086],[-46.390818,-24.018017],[-46.390683,-24.017935],[-46.390667,-24.01792],[-46.390564,-24.017772],[-46.390543,-24.017762],[-46.390419,-24.017661],[-46.390295,-24.017488],[-46.390226,-24.017382],[-46.390207,-24.017262],[-46.390197,-24.017114],[-46.390125,-24.017009],[-46.389911,-24.016974],[-46.389728,-24.016972],[-46.389561,-24.016976],[-46.389519,-24.016975],[-46.389326,-24.016931],[-46.389306,-24.016931],[-46.389165,-24.016863],[-46.389134,-24.016853],[-46.388978,-24.016804],[-46.388941,-24.016804],[-46.388795,-24.016784],[-46.388679,-24.016912],[-46.388515,-24.017078],[-46.388379,-24.017148],[-46.3882,-24.017194],[-46.388164,-24.017204],[-46.388054,-24.017246],[-46.387911,-24.017307],[-46.387785,-24.017354],[-46.387732,-24.017444],[-46.3877,-24.017448],[-46.38757,-24.017452],[-46.387544,-24.017452],[-46.387377,-24.017422],[-46.387308,-24.01746],[-46.387177,-24.01753],[-46.387082,-24.017587],[-46.386942,-24.017552],[-46.38691,-24.017543],[-46.386854,-24.017461],[-46.386838,-24.017447],[-46.386776,-24.017379],[-46.386671,-24.01745],[-46.38666,-24.017455],[-46.386518,-24.017597],[-46.386481,-24.017611],[-46.386465,-24.017611],[-46.386445,-24.017615],[-46.386424,-24.017625],[-46.386313,-24.017667],[-46.386302,-24.017758],[-46.386285,-24.017862],[-46.386248,-24.017967],[-46.386237,-24.017981],[-46.386116,-24.018057],[-46.385954,-24.018118],[-46.385792,-24.018121],[-46.385776,-24.018121],[-46.385666,-24.01812],[-46.385499,-24.018176],[-46.385414,-24.018257],[-46.385356,-24.018347],[-46.385303,-24.018442],[-46.385218,-24.018589],[-46.385138,-24.018737],[-46.385022,-24.018836],[-46.385012,-24.018846],[-46.384896,-24.018897],[-46.384891,-24.018897],[-46.384729,-24.018906],[-46.384588,-24.018905],[-46.384567,-24.018904],[-46.384541,-24.01889],[-46.384448,-24.018817],[-46.384336,-24.018759],[-46.384175,-24.018715],[-46.384055,-24.018671],[-46.383977,-24.018613],[-46.383894,-24.01856],[-46.383738,-24.018497],[-46.383665,-24.018434],[-46.383676,-24.018358],[-46.383677,-24.018263],[-46.383677,-24.018253],[-46.383689,-24.018134],[-46.383663,-24.018038],[-46.383648,-24.018014],[-46.383576,-24.01787],[-46.383566,-24.017856],[-46.383557,-24.017717],[-46.383657,-24.01758],[-46.383788,-24.017538],[-46.383851,-24.017524],[-46.383983,-24.017344],[-46.384063,-24.017249],[-46.384157,-24.017183],[-46.384205,-24.017092],[-46.384185,-24.017001],[-46.38417,-24.016901],[-46.384192,-24.01682],[-46.384214,-24.016744],[-46.384236,-24.016629],[-46.384284,-24.01653],[-46.384337,-24.016449],[-46.384484,-24.016369],[-46.384615,-24.016346],[-46.384786,-24.016347],[-46.384954,-24.016315],[-46.385111,-24.016292],[-46.385263,-24.016208],[-46.385426,-24.016085],[-46.385521,-24.015952],[-46.385575,-24.015857],[-46.385664,-24.015757],[-46.385848,-24.015692],[-46.385942,-24.015678],[-46.385938,-24.015568],[-46.385975,-24.015459],[-46.386076,-24.015364],[-46.386217,-24.015303],[-46.386385,-24.015276],[-46.38637,-24.015136],[-46.386335,-24.015026],[-46.386357,-24.014893],[-46.386379,-24.014783],[-46.386406,-24.014683],[-46.386496,-24.014589],[-46.386632,-24.014542],[-46.386637,-24.014537],[-46.386752,-24.014519],[-46.386888,-24.01452],[-46.387034,-24.01454],[-46.387113,-24.014507],[-46.387155,-24.01445],[-46.387229,-24.014351],[-46.387335,-24.014213],[-46.387346,-24.014189],[-46.387399,-24.014099],[-46.387409,-24.01408],[-46.387483,-24.013971],[-46.387568,-24.013871],[-46.387714,-24.013844],[-46.387835,-24.013825],[-46.387971,-24.013803],[-46.388081,-24.013746],[-46.388162,-24.013642],[-46.388216,-24.013499],[-46.388326,-24.01339],[-46.388337,-24.013381],[-46.388453,-24.013277],[-46.388595,-24.013173],[-46.388784,-24.013108],[-46.388789,-24.013108],[-46.388972,-24.013076],[-46.389144,-24.013077],[-46.389368,-24.013141],[-46.389488,-24.013175],[-46.389681,-24.013243],[-46.389811,-24.013287],[-46.390015,-24.013341],[-46.390239,-24.01341],[-46.390278,-24.013448],[-46.390405,-24.013444],[-46.390552,-24.013405],[-46.390665,-24.013295],[-46.390807,-24.013193],[-46.39093,-24.013114],[-46.391019,-24.013034],[-46.391156,-24.012982],[-46.391191,-24.012889],[-46.391192,-24.012733],[-46.39117,-24.012541],[-46.391215,-24.012425],[-46.391274,-24.012323],[-46.391218,-24.012082],[-46.391218,-24.012064],[-46.391218,-24.012055],[-46.391186,-24.011894],[-46.391231,-24.011761],[-46.391446,-24.011678],[-46.391588,-24.011621],[-46.391706,-24.011501],[-46.391707,-24.011475],[-46.39179,-24.011339],[-46.391842,-24.011119],[-46.391964,-24.010982],[-46.391986,-24.010807],[-46.391986,-24.010789],[-46.391948,-24.010549],[-46.391949,-24.010522],[-46.39203,-24.010366],[-46.392213,-24.01023],[-46.392174,-24.010064],[-46.392105,-24.009925],[-46.392046,-24.009759],[-46.392109,-24.009456],[-46.392182,-24.009163],[-46.392256,-24.008759],[-46.39229,-24.008437],[-46.39229,-24.008419],[-46.392254,-24.00795],[-46.392116,-24.007618],[-46.391967,-24.007359],[-46.391708,-24.007118],[-46.391287,-24.006903],[-46.390826,-24.00667],[-46.390786,-24.006651],[-46.390566,-24.006465],[-46.390206,-24.006212],[-46.389906,-24.005971],[-46.389707,-24.005767],[-46.389657,-24.005748],[-46.389647,-24.005739],[-46.389457,-24.005581],[-46.389287,-24.005497],[-46.389044,-24.005578],[-46.388854,-24.005503],[-46.388745,-24.005226],[-46.388898,-24.005034],[-46.38912,-24.004999],[-46.389203,-24.004761],[-46.389034,-24.004511],[-46.389015,-24.004391],[-46.389189,-24.004108],[-46.389715,-24.003817],[-46.39018,-24.003517],[-46.390406,-24.003087],[-46.39043,-24.002673],[-46.390482,-24.002435],[-46.390967,-24.00231],[-46.391322,-24.002009],[-46.391535,-24.00179],[-46.391548,-24.001514],[-46.391439,-24.00132],[-46.391351,-24.000988],[-46.391273,-24.00073],[-46.391486,-24.000548],[-46.39166,-24.000273],[-46.39167,-24.000237],[-46.39167,-24.000228],[-46.391773,-23.999998],[-46.391603,-23.999822],[-46.391593,-23.999822],[-46.391553,-23.999804],[-46.391424,-23.999573],[-46.391438,-23.999233],[-46.391641,-23.998967],[-46.391816,-23.998825],[-46.391885,-23.998712],[-46.391877,-23.998608],[-46.392094,-23.998628],[-46.392083,-23.998401],[-46.392101,-23.998287],[-46.392119,-23.998173],[-46.392191,-23.997719],[-46.39224,-23.997409],[-46.392305,-23.997189],[-46.392371,-23.996968],[-46.392452,-23.996693],[-46.392454,-23.996513],[-46.392473,-23.996339],[-46.392492,-23.996166],[-46.392558,-23.99592],[-46.392677,-23.995616],[-46.39284,-23.995339],[-46.394399,-23.994576],[-46.394822,-23.994369],[-46.394914,-23.994324],[-46.395468,-23.994052],[-46.396405,-23.993594],[-46.396776,-23.992619],[-46.397006,-23.992015],[-46.397441,-23.990871],[-46.397506,-23.990711],[-46.397592,-23.990403],[-46.39763,-23.990116],[-46.397722,-23.989511],[-46.397773,-23.989174],[-46.397992,-23.98882],[-46.398267,-23.988483],[-46.398378,-23.988384],[-46.39849,-23.988286],[-46.398649,-23.98814],[-46.398824,-23.987911],[-46.398809,-23.987794],[-46.398795,-23.987677],[-46.398786,-23.987542],[-46.398781,-23.987479],[-46.398768,-23.987281],[-46.398821,-23.986982],[-46.398929,-23.986787],[-46.399038,-23.986592],[-46.399214,-23.986261],[-46.399499,-23.985941],[-46.399617,-23.98577],[-46.399736,-23.985599],[-46.399957,-23.985356],[-46.400216,-23.98511],[-46.400392,-23.984959],[-46.400605,-23.984824],[-46.400624,-23.9848],[-46.400715,-23.984683],[-46.400763,-23.984621],[-46.401035,-23.984642],[-46.401308,-23.984663],[-46.401938,-23.98485],[-46.402781,-23.985457],[-46.403628,-23.986372],[-46.404512,-23.986864],[-46.405309,-23.987011],[-46.406652,-23.987383],[-46.408499,-23.987981],[-46.408711,-23.987891],[-46.409332,-23.987627],[-46.410459,-23.987309],[-46.4106,-23.987261],[-46.41173,-23.986875],[-46.412543,-23.986598],[-46.41346,-23.986205],[-46.414622,-23.985349],[-46.415703,-23.984685],[-46.416242,-23.984219],[-46.417156,-23.983672],[-46.417863,-23.983242],[-46.418604,-23.982159],[-46.419432,-23.981306],[-46.420381,-23.980144],[-46.421081,-23.979022],[-46.421595,-23.978268],[-46.42232,-23.977626],[-46.422622,-23.977537],[-46.422925,-23.977448],[-46.424711,-23.978123],[-46.425552,-23.978461],[-46.425937,-23.978593],[-46.427517,-23.978481],[-46.427897,-23.978453],[-46.429059,-23.978367],[-46.431635,-23.977536],[-46.432298,-23.977529],[-46.433157,-23.977889],[-46.433508,-23.978252],[-46.433622,-23.978914],[-46.43325,-23.981418],[-46.43359,-23.983152],[-46.433969,-23.983712],[-46.434292,-23.984052],[-46.434616,-23.984391],[-46.435847,-23.984846],[-46.436203,-23.984863],[-46.437801,-23.984942],[-46.439802,-23.985041],[-46.441451,-23.984684],[-46.441967,-23.984397],[-46.442484,-23.98411],[-46.443749,-23.983045],[-46.4439,-23.982883],[-46.444464,-23.982278],[-46.445178,-23.981953],[-46.445603,-23.9819],[-46.446031,-23.982018],[-46.446623,-23.982626],[-46.447431,-23.983892],[-46.447899,-23.984624],[-46.448028,-23.984767],[-46.448066,-23.984809],[-46.448708,-23.985522],[-46.450966,-23.98724],[-46.45214,-23.988539],[-46.453315,-23.989838],[-46.45414,-23.990365],[-46.454602,-23.990659],[-46.454963,-23.990758],[-46.45619,-23.991096],[-46.457736,-23.991202],[-46.459152,-23.991508],[-46.460918,-23.992128],[-46.461117,-23.992209],[-46.461312,-23.992288],[-46.463818,-23.993305],[-46.46405,-23.993399],[-46.464615,-23.993882],[-46.464756,-23.994517],[-46.464499,-23.995326],[-46.463608,-23.996659],[-46.463296,-23.997421],[-46.463302,-23.997961],[-46.463404,-23.998107],[-46.463709,-23.998544],[-46.464352,-23.998881],[-46.464752,-23.998853],[-46.465151,-23.998824],[-46.466184,-23.998276],[-46.467796,-23.996938],[-46.468686,-23.99563],[-46.46947,-23.99506],[-46.469569,-23.995059],[-46.469844,-23.995056],[-46.469896,-23.995069],[-46.469975,-23.99509],[-46.47007,-23.995114],[-46.470297,-23.995173],[-46.470566,-23.995465],[-46.470681,-23.996028],[-46.470398,-23.996938],[-46.469916,-23.998046],[-46.469596,-23.998782],[-46.468131,-24.001478],[-46.468134,-24.001844],[-46.468462,-24.002405],[-46.468903,-24.002523],[-46.469345,-24.002641],[-46.469811,-24.002637],[-46.470277,-24.002633],[-46.471657,-24.002177],[-46.472693,-24.001972],[-46.473496,-24.002209],[-46.47384,-24.002693],[-46.475607,-24.005178],[-46.476153,-24.005297],[-46.476232,-24.005315],[-46.476301,-24.00533],[-46.476358,-24.005342],[-46.476379,-24.005342],[-46.476703,-24.005335],[-46.47695,-24.00533],[-46.477049,-24.005328],[-46.477187,-24.005325],[-46.477525,-24.005318],[-46.478109,-24.005306],[-46.478693,-24.005294],[-46.478741,-24.005293],[-46.47983,-24.00494],[-46.481162,-24.004732],[-46.481796,-24.004506],[-46.482013,-24.004675],[-46.482231,-24.005114],[-46.482263,-24.005726],[-46.482481,-24.006067],[-46.483047,-24.006576],[-46.483312,-24.006548],[-46.483632,-24.006447],[-46.484445,-24.005337],[-46.484547,-24.004696],[-46.484433,-24.00443],[-46.484113,-24.004164],[-46.483947,-24.003898],[-46.4837,-24.003213],[-46.483666,-24.002454],[-46.483719,-24.00238],[-46.483772,-24.002306],[-46.484038,-24.002206],[-46.48497,-24.00227],[-46.485475,-24.002142],[-46.485711,-24.00192],[-46.485707,-24.001724],[-46.485439,-24.001308],[-46.485245,-24.00065],[-46.485764,-23.999519],[-46.486215,-23.999514],[-46.486672,-23.999877],[-46.486892,-24.000293],[-46.487024,-24.000392],[-46.48821,-24.001282],[-46.488831,-24.002012],[-46.489459,-24.002323],[-46.489886,-24.002223],[-46.489934,-24.001977],[-46.489415,-24.000928],[-46.48941,-24.000708],[-46.489756,-24.00063],[-46.490187,-24.000774],[-46.491399,-24.001768],[-46.491641,-24.002081],[-46.491969,-24.002741],[-46.491948,-24.003329],[-46.492218,-24.003595],[-46.492825,-24.003344],[-46.493095,-24.00318],[-46.493809,-24.002747],[-46.495058,-24.002588],[-46.495362,-24.002444],[-46.496012,-24.002138],[-46.496223,-24.001915],[-46.496115,-24.001769],[-46.495066,-24.001216],[-46.494959,-24.000923],[-46.495059,-24.000482],[-46.496279,-23.999833],[-46.496356,-23.999587],[-46.49614,-23.99949],[-46.495423,-23.999528],[-46.495013,-23.999165],[-46.495008,-23.998834],[-46.495202,-23.998415],[-46.495115,-23.99801],[-46.495027,-23.997605],[-46.495062,-23.997529],[-46.495241,-23.997145],[-46.49541,-23.996779],[-46.495461,-23.996669],[-46.49608,-23.996493],[-46.496092,-23.996486],[-46.496321,-23.996351],[-46.49637,-23.996322],[-46.49643,-23.996287],[-46.496515,-23.996233],[-46.497259,-23.995756],[-46.497917,-23.995334],[-46.498487,-23.994969],[-46.504057,-23.991398],[-46.506043,-23.990124],[-46.506094,-23.98996],[-46.506096,-23.989952],[-46.506144,-23.989797],[-46.50658,-23.98934],[-46.508317,-23.988685],[-46.508953,-23.988153],[-46.509266,-23.98777],[-46.509303,-23.987359],[-46.509339,-23.986948],[-46.50898,-23.986098],[-46.508991,-23.98589],[-46.509106,-23.985657],[-46.510245,-23.984995],[-46.510402,-23.984639],[-46.510276,-23.984076],[-46.510079,-23.983898],[-46.510031,-23.983722],[-46.510335,-23.983364],[-46.510392,-23.982874],[-46.510086,-23.982289],[-46.5088,-23.980411],[-46.508753,-23.979927],[-46.508964,-23.979454],[-46.509695,-23.978827],[-46.510582,-23.977463],[-46.511281,-23.977172],[-46.512117,-23.977127],[-46.512442,-23.976868],[-46.512627,-23.976146],[-46.513459,-23.974921],[-46.513479,-23.974443],[-46.513375,-23.973929],[-46.51326,-23.973373],[-46.513716,-23.972552],[-46.512721,-23.971183],[-46.512643,-23.970694],[-46.513403,-23.969563],[-46.513502,-23.969115],[-46.513326,-23.968197],[-46.514191,-23.966679],[-46.514289,-23.966207],[-46.514174,-23.965529],[-46.514206,-23.965111],[-46.514774,-23.964391],[-46.515256,-23.96394],[-46.516334,-23.963304],[-46.517483,-23.962844],[-46.517887,-23.962557],[-46.518954,-23.961346],[-46.519647,-23.960916],[-46.520594,-23.959796],[-46.521407,-23.959189],[-46.521905,-23.958469],[-46.521893,-23.957461],[-46.52141,-23.956783],[-46.519961,-23.955296],[-46.517541,-23.95376],[-46.51735,-23.953412],[-46.51733,-23.952996],[-46.51772,-23.951546],[-46.517961,-23.951002],[-46.518963,-23.94962],[-46.51943,-23.948586],[-46.519558,-23.948482],[-46.520577,-23.948189],[-46.520818,-23.948168],[-46.523625,-23.947927],[-46.524086,-23.947808],[-46.525572,-23.947067],[-46.525961,-23.946796],[-46.526292,-23.946564],[-46.526825,-23.946424],[-46.528358,-23.947028],[-46.529377,-23.947612],[-46.530919,-23.94832],[-46.533611,-23.949146],[-46.534241,-23.949502],[-46.535412,-23.950601],[-46.536953,-23.951407],[-46.537854,-23.951779],[-46.538501,-23.952253],[-46.54013,-23.953901],[-46.541448,-23.954784],[-46.543577,-23.955379],[-46.545318,-23.955527],[-46.546536,-23.955784],[-46.547811,-23.956258],[-46.548495,-23.956647],[-46.552461,-23.961233],[-46.552713,-23.961479],[-46.554316,-23.962291],[-46.554638,-23.962532],[-46.555126,-23.963185],[-46.556325,-23.964379],[-46.556968,-23.96536],[-46.557645,-23.966054],[-46.558471,-23.966503],[-46.560993,-23.967008],[-46.561304,-23.967014],[-46.561614,-23.96702],[-46.562352,-23.966861],[-46.562839,-23.966861],[-46.564105,-23.967155],[-46.56469,-23.967518],[-46.56538,-23.96845],[-46.565797,-23.968716],[-46.56664,-23.968893],[-46.568133,-23.96944],[-46.568927,-23.970162],[-46.569084,-23.97043],[-46.569568,-23.972201],[-46.569751,-23.972519],[-46.570036,-23.972825],[-46.570726,-23.973167],[-46.570976,-23.973396],[-46.571228,-23.973737],[-46.571539,-23.974661],[-46.571728,-23.974973],[-46.572557,-23.975657],[-46.573424,-23.976804],[-46.573484,-23.9773],[-46.573181,-23.97813],[-46.573128,-23.978726],[-46.573345,-23.979627],[-46.573681,-23.979764],[-46.574886,-23.979556],[-46.575268,-23.9796],[-46.575705,-23.979928],[-46.57568,-23.980578],[-46.575447,-23.981324],[-46.57543,-23.982035],[-46.575878,-23.982737],[-46.576767,-23.983363],[-46.578395,-23.984988],[-46.578804,-23.985237],[-46.57934,-23.985365],[-46.582537,-23.985427],[-46.583105,-23.985484],[-46.584062,-23.98573],[-46.588285,-23.989018],[-46.589509,-23.991229],[-46.589785,-23.991506],[-46.590078,-23.991833],[-46.590144,-23.992097],[-46.590255,-23.992297],[-46.590492,-23.992474],[-46.590687,-23.992536],[-46.591118,-23.992682],[-46.591347,-23.992873],[-46.591609,-23.993229],[-46.591822,-23.99342],[-46.592061,-23.993796],[-46.592225,-23.993954],[-46.592493,-23.994173],[-46.592629,-23.994451],[-46.592862,-23.995036],[-46.592971,-23.995537],[-46.593108,-23.995915],[-46.593162,-23.996453],[-46.593114,-23.997026],[-46.593066,-23.9975],[-46.592634,-23.997963],[-46.592398,-23.998374],[-46.592237,-23.998663],[-46.592163,-23.998929],[-46.592143,-23.999258],[-46.592162,-23.999495],[-46.592055,-23.999697],[-46.591908,-23.999791],[-46.591722,-23.999908],[-46.591638,-24.000081],[-46.591634,-24.000346],[-46.591529,-24.00067],[-46.591446,-24.0009],[-46.591348,-24.001188],[-46.591359,-24.001446],[-46.591386,-24.001725],[-46.591356,-24.001897],[-46.591165,-24.002222],[-46.591013,-24.002539],[-46.59097,-24.002833],[-46.591012,-24.003083],[-46.591134,-24.003476],[-46.591138,-24.003835],[-46.591168,-24.004379],[-46.59121,-24.004615],[-46.591457,-24.005014],[-46.591532,-24.00535],[-46.591464,-24.005602],[-46.591326,-24.005789],[-46.591118,-24.005985],[-46.590909,-24.00608],[-46.59059,-24.006163],[-46.590186,-24.00631],[-46.589797,-24.006443],[-46.589542,-24.006625],[-46.589473,-24.00674],[-46.589406,-24.006999],[-46.589354,-24.007222],[-46.589388,-24.007408],[-46.58947,-24.007737],[-46.58949,-24.008102],[-46.589362,-24.008462],[-46.589105,-24.009181],[-46.589077,-24.009404],[-46.589142,-24.009647],[-46.589191,-24.009825],[-46.589532,-24.010266],[-46.589832,-24.010528],[-46.59028,-24.010803],[-46.591106,-24.011318],[-46.591834,-24.011851],[-46.592244,-24.012227],[-46.593465,-24.013182],[-46.593898,-24.013421],[-46.594151,-24.013691],[-46.594718,-24.014108],[-46.595326,-24.014704],[-46.595935,-24.015378],[-46.596419,-24.016033],[-46.597218,-24.016927],[-46.597517,-24.017146],[-46.598075,-24.017434],[-46.598641,-24.01778],[-46.599105,-24.018119],[-46.599413,-24.01841],[-46.599588,-24.018616],[-46.599567,-24.018809],[-46.599501,-24.019197],[-46.599535,-24.019405],[-46.599669,-24.019504],[-46.600014,-24.019622],[-46.600116,-24.019735],[-46.600622,-24.020217],[-46.600937,-24.020458],[-46.601188,-24.020599],[-46.601699,-24.020887],[-46.60203,-24.021156],[-46.60215,-24.021341],[-46.602246,-24.021584],[-46.60254,-24.021996],[-46.602999,-24.022472],[-46.603315,-24.022791],[-46.604038,-24.023264],[-46.605046,-24.023948],[-46.605298,-24.024182],[-46.605347,-24.02434],[-46.605359,-24.02464],[-46.605308,-24.024935],[-46.605194,-24.025237],[-46.605064,-24.025425],[-46.604855,-24.025563],[-46.604568,-24.025731],[-46.604266,-24.025892],[-46.603996,-24.026131],[-46.603889,-24.026276],[-46.603782,-24.026463],[-46.603769,-24.026685],[-46.603809,-24.0268],[-46.603921,-24.026985],[-46.604111,-24.027241],[-46.604238,-24.027426],[-46.604257,-24.027669],[-46.604277,-24.028042],[-46.604299,-24.028522],[-46.604164,-24.028961],[-46.604144,-24.029226],[-46.604177,-24.029412],[-46.604347,-24.029855],[-46.604476,-24.030204],[-46.60459,-24.03059],[-46.604633,-24.030955],[-46.604692,-24.031277],[-46.604797,-24.031556],[-46.605056,-24.03232],[-46.605329,-24.032898],[-46.6056,-24.033361],[-46.605845,-24.033666],[-46.60617,-24.034021],[-46.606431,-24.034341],[-46.606808,-24.035118],[-46.607062,-24.03546],[-46.607451,-24.035972],[-46.607775,-24.03637],[-46.608178,-24.03671],[-46.608519,-24.037136],[-46.608623,-24.037379],[-46.608869,-24.037677],[-46.608925,-24.037848],[-46.608818,-24.037971],[-46.608686,-24.038073],[-46.608438,-24.038147],[-46.608142,-24.038222],[-46.607885,-24.038304],[-46.607754,-24.03842],[-46.607644,-24.038564],[-46.607391,-24.039105],[-46.607162,-24.039561],[-46.606906,-24.039862],[-46.606532,-24.040129],[-46.606274,-24.040311],[-46.606199,-24.040539],[-46.606059,-24.040815],[-46.605788,-24.040997],[-46.605438,-24.041084],[-46.605167,-24.041206],[-46.604883,-24.041424],[-46.604628,-24.041797],[-46.604487,-24.042026],[-46.604036,-24.042365],[-46.603648,-24.042489],[-46.603103,-24.042638],[-46.602739,-24.042677],[-46.602297,-24.04267],[-46.601891,-24.042471],[-46.601527,-24.042451],[-46.600959,-24.042768],[-46.600688,-24.04295],[-46.600588,-24.043321],[-46.600514,-24.043597],[-46.600412,-24.043801],[-46.600205,-24.04391],[-46.599842,-24.04395],[-46.599439,-24.044038],[-46.599025,-24.044162],[-46.598674,-24.044201],[-46.598533,-24.044382],[-46.598575,-24.044632],[-46.598733,-24.04475],[-46.599075,-24.045093],[-46.599667,-24.0456],[-46.600168,-24.046169],[-46.600696,-24.046736],[-46.601066,-24.047246],[-46.601752,-24.048039],[-46.602136,-24.048537],[-46.602464,-24.04882],[-46.60256,-24.04919],[-46.602498,-24.049465],[-46.602385,-24.049741],[-46.60209,-24.050102],[-46.601666,-24.050501],[-46.601605,-24.050824],[-46.601675,-24.051206],[-46.601795,-24.051455],[-46.602019,-24.051692],[-46.602112,-24.051894],[-46.602129,-24.052169],[-46.602406,-24.052476],[-46.603046,-24.052721],[-46.603412,-24.05286],[-46.603545,-24.053038],[-46.603568,-24.053279],[-46.603344,-24.053432],[-46.603001,-24.053464],[-46.602557,-24.053583],[-46.602154,-24.053767],[-46.602008,-24.053969],[-46.601981,-24.05432],[-46.602032,-24.054635],[-46.602018,-24.054793],[-46.601879,-24.054931],[-46.601765,-24.055118],[-46.60169,-24.055399],[-46.601703,-24.055793],[-46.601706,-24.056072],[-46.601614,-24.056195],[-46.601475,-24.056318],[-46.601352,-24.056484],[-46.601386,-24.056685],[-46.601498,-24.056877],[-46.601798,-24.057154],[-46.602208,-24.057493],[-46.60259,-24.058091],[-46.602892,-24.058554],[-46.603061,-24.058903],[-46.603206,-24.059303],[-46.603223,-24.059418],[-46.603123,-24.059519],[-46.602905,-24.059572],[-46.602455,-24.059756],[-46.602284,-24.059879],[-46.602092,-24.060096],[-46.601985,-24.060305],[-46.602019,-24.060506],[-46.602091,-24.060677],[-46.602344,-24.060939],[-46.602753,-24.061179],[-46.60288,-24.061335],[-46.602913,-24.061457],[-46.602837,-24.061637],[-46.602699,-24.06186],[-46.602539,-24.062134],[-46.602526,-24.062328],[-46.602638,-24.062549],[-46.602765,-24.06272],[-46.602915,-24.062897],[-46.603043,-24.063111],[-46.603022,-24.063319],[-46.602863,-24.063736],[-46.602595,-24.064162],[-46.602226,-24.064589],[-46.601748,-24.06511],[-46.60161,-24.065305],[-46.601619,-24.065419],[-46.601668,-24.065562],[-46.602226,-24.065865],[-46.602666,-24.066132],[-46.603317,-24.066312],[-46.603896,-24.066478],[-46.604243,-24.066711],[-46.604834,-24.067213],[-46.604986,-24.067506],[-46.60506,-24.067792],[-46.605119,-24.068121],[-46.605145,-24.068371],[-46.605211,-24.068636],[-46.605299,-24.068836],[-46.605427,-24.069064],[-46.605539,-24.069227],[-46.605784,-24.069504],[-46.605982,-24.069696],[-46.606117,-24.069916],[-46.606175,-24.070167],[-46.60617,-24.070425],[-46.606172,-24.070568],[-46.606253,-24.070789],[-46.606435,-24.071017],[-46.606713,-24.071401],[-46.606921,-24.071793],[-46.607058,-24.072121],[-46.607114,-24.072278],[-46.607571,-24.072589],[-46.60769,-24.072767],[-46.607693,-24.072982],[-46.60764,-24.073111],[-46.607556,-24.073299],[-46.60759,-24.073463],[-46.607702,-24.073706],[-46.607893,-24.073969],[-46.60818,-24.07446],[-46.608268,-24.074617],[-46.60868,-24.075136],[-46.608989,-24.07552],[-46.609229,-24.075933],[-46.609529,-24.07626],[-46.610069,-24.076971],[-46.610221,-24.077284],[-46.610439,-24.077827],[-46.610633,-24.078355],[-46.610914,-24.078997],[-46.61117,-24.079461],[-46.611474,-24.080031],[-46.611668,-24.080602],[-46.611779,-24.081205]]]}},{"type":"Feature","properties":{"ibge_id":3548500,"municipality_name":"Santos"},"geometry":{"type":"Polygon","coordinates":[[[-46.401486,-23.920833],[-46.401299,-23.921599],[-46.400564,-23.922462],[-46.400013,-23.922976],[-46.399563,-23.923397],[-46.398873,-23.923613],[-46.397901,-23.923921],[-46.396217,-23.924856],[-46.39577,-23.92505],[-46.39573,-23.925066],[-46.395691,-23.925083],[-46.395639,-23.925104],[-46.394226,-23.925614],[-46.393561,-23.925958],[-46.392127,-23.926633],[-46.391342,-23.927209],[-46.390843,-23.927413],[-46.390743,-23.92751],[-46.390587,-23.927541],[-46.390443,-23.927632],[-46.390413,-23.927665],[-46.390376,-23.927696],[-46.390214,-23.927859],[-46.390161,-23.927924],[-46.390007,-23.928112],[-46.389575,-23.928557],[-46.389221,-23.928911],[-46.388841,-23.929068],[-46.388279,-23.929199],[-46.387506,-23.929225],[-46.38693,-23.929238],[-46.386551,-23.929317],[-46.38553,-23.929421],[-46.384916,-23.929802],[-46.383802,-23.930492],[-46.384017,-23.930644],[-46.384081,-23.931228],[-46.383949,-23.931597],[-46.383836,-23.932029],[-46.383602,-23.93232],[-46.383467,-23.93255],[-46.383622,-23.933057],[-46.383732,-23.933258],[-46.383537,-23.933701],[-46.383441,-23.934236],[-46.38323,-23.934462],[-46.383021,-23.934552],[-46.38279,-23.934835],[-46.382713,-23.934847],[-46.382512,-23.93469],[-46.382432,-23.934668],[-46.382352,-23.93463],[-46.382433,-23.934536],[-46.382136,-23.934114],[-46.38197,-23.933984],[-46.381823,-23.933767],[-46.38195,-23.933612],[-46.381762,-23.933205],[-46.381668,-23.933013],[-46.381537,-23.932721],[-46.381448,-23.932578],[-46.381331,-23.932212],[-46.381223,-23.931973],[-46.380626,-23.931458],[-46.380274,-23.931352],[-46.379902,-23.931184],[-46.379767,-23.931264],[-46.379587,-23.931264],[-46.379301,-23.931232],[-46.378941,-23.931146],[-46.378582,-23.930989],[-46.378133,-23.930612],[-46.378011,-23.930359],[-46.377713,-23.930197],[-46.377355,-23.930071],[-46.377194,-23.930024],[-46.377172,-23.930018],[-46.37715,-23.930012],[-46.37718,-23.929886],[-46.376809,-23.929871],[-46.376572,-23.929967],[-46.376142,-23.930242],[-46.375772,-23.930456],[-46.375401,-23.930656],[-46.374861,-23.930997],[-46.37453,-23.9308],[-46.37412,-23.930894],[-46.373748,-23.930757],[-46.373358,-23.930657],[-46.372952,-23.930534],[-46.37258,-23.930465],[-46.372273,-23.930431],[-46.371902,-23.930408],[-46.371464,-23.930503],[-46.371167,-23.930611],[-46.370743,-23.930819],[-46.370442,-23.930958],[-46.370092,-23.931152],[-46.369848,-23.931308],[-46.36955,-23.931514],[-46.369174,-23.931829],[-46.36897,-23.932089],[-46.368887,-23.932193],[-46.368813,-23.93228],[-46.368812,-23.932282],[-46.368952,-23.932442],[-46.369321,-23.932079],[-46.369664,-23.931804],[-46.370002,-23.93154],[-46.370466,-23.931413],[-46.370931,-23.931308],[-46.371237,-23.931287],[-46.371607,-23.931192],[-46.371966,-23.931223],[-46.3726,-23.931361],[-46.372853,-23.931445],[-46.373415,-23.931432],[-46.373716,-23.931521],[-46.374284,-23.931508],[-46.374706,-23.931588],[-46.375197,-23.931677],[-46.375838,-23.93164],[-46.376095,-23.931625],[-46.376198,-23.931591],[-46.376343,-23.931561],[-46.376446,-23.93155],[-46.376655,-23.931519],[-46.376818,-23.931398],[-46.377019,-23.931292],[-46.377426,-23.931292],[-46.377911,-23.931297],[-46.378381,-23.931376],[-46.378624,-23.931614],[-46.378891,-23.931755],[-46.379037,-23.931929],[-46.379023,-23.932191],[-46.379205,-23.932631],[-46.379587,-23.93299],[-46.379817,-23.933159],[-46.38015,-23.933129],[-46.380839,-23.933518],[-46.381395,-23.933878],[-46.381693,-23.934361],[-46.381896,-23.934586],[-46.382143,-23.93486],[-46.382274,-23.934882],[-46.382759,-23.935196],[-46.383014,-23.935134],[-46.383359,-23.93518],[-46.383592,-23.935358],[-46.383717,-23.935486],[-46.384225,-23.935619],[-46.384707,-23.93577],[-46.385026,-23.935779],[-46.38541,-23.935805],[-46.385933,-23.93594],[-46.386114,-23.935991],[-46.386382,-23.936114],[-46.386691,-23.936341],[-46.386847,-23.936566],[-46.386944,-23.936664],[-46.387175,-23.936899],[-46.388592,-23.937981],[-46.389313,-23.938606],[-46.389985,-23.939136],[-46.390106,-23.939231],[-46.39043,-23.939455],[-46.390895,-23.939803],[-46.391223,-23.940027],[-46.391617,-23.94043],[-46.391723,-23.940692],[-46.391724,-23.940693],[-46.39173,-23.940878],[-46.391685,-23.94106],[-46.391645,-23.941223],[-46.39154,-23.941424],[-46.391357,-23.941612],[-46.391189,-23.941807],[-46.39096,-23.941993],[-46.390605,-23.942326],[-46.390371,-23.942526],[-46.390006,-23.942781],[-46.389576,-23.943039],[-46.389411,-23.943128],[-46.389237,-23.943223],[-46.389013,-23.943364],[-46.388824,-23.943492],[-46.388637,-23.943575],[-46.388491,-23.94364],[-46.388185,-23.943783],[-46.388117,-23.943798],[-46.387902,-23.943846],[-46.387595,-23.943898],[-46.387571,-23.943901],[-46.387266,-23.943937],[-46.3871,-23.943923],[-46.387022,-23.943916],[-46.386856,-23.94389],[-46.38681,-23.943883],[-46.386803,-23.943881],[-46.386584,-23.94383],[-46.386365,-23.94377],[-46.386163,-23.943715],[-46.385936,-23.943699],[-46.385806,-23.943718],[-46.385673,-23.943746],[-46.385563,-23.943804],[-46.385527,-23.943839],[-46.385499,-23.943866],[-46.385477,-23.943888],[-46.38545,-23.943914],[-46.385399,-23.943985],[-46.385326,-23.944087],[-46.385208,-23.944338],[-46.385107,-23.944611],[-46.384999,-23.944845],[-46.384923,-23.945049],[-46.384737,-23.945233],[-46.384554,-23.94544],[-46.384452,-23.945665],[-46.384356,-23.945756],[-46.384081,-23.945854],[-46.38392,-23.945966],[-46.383814,-23.946152],[-46.383711,-23.946257],[-46.383546,-23.94638],[-46.383346,-23.94645],[-46.383068,-23.946524],[-46.382822,-23.946604],[-46.382667,-23.946723],[-46.382558,-23.946859],[-46.382498,-23.947015],[-46.382505,-23.94713],[-46.382506,-23.947149],[-46.382522,-23.947196],[-46.382539,-23.947247],[-46.382642,-23.947394],[-46.382704,-23.947459],[-46.382766,-23.947524],[-46.38293,-23.947648],[-46.383173,-23.947843],[-46.38335,-23.948033],[-46.383456,-23.948205],[-46.383478,-23.948337],[-46.383495,-23.948436],[-46.383499,-23.948441],[-46.383551,-23.948713],[-46.383602,-23.948928],[-46.383647,-23.949045],[-46.383727,-23.949224],[-46.383753,-23.94926],[-46.383472,-23.949393],[-46.383329,-23.949454],[-46.383149,-23.94953],[-46.38294,-23.949618],[-46.382719,-23.949658],[-46.382698,-23.949661],[-46.382656,-23.949666],[-46.382514,-23.949693],[-46.382493,-23.949697],[-46.382397,-23.949714],[-46.382295,-23.949731],[-46.382125,-23.949761],[-46.381805,-23.949817],[-46.381554,-23.949864],[-46.381066,-23.949946],[-46.380677,-23.950006],[-46.380546,-23.950027],[-46.380043,-23.950103],[-46.37959,-23.950174],[-46.378888,-23.95029],[-46.378469,-23.950367],[-46.37841,-23.950378],[-46.3779,-23.950449],[-46.377422,-23.950559],[-46.377375,-23.950566],[-46.37717,-23.950597],[-46.377023,-23.950624],[-46.37605,-23.950805],[-46.375471,-23.950912],[-46.374984,-23.951003],[-46.374274,-23.951135],[-46.373523,-23.951274],[-46.373444,-23.951282],[-46.373354,-23.95129],[-46.372506,-23.951427],[-46.372104,-23.951526],[-46.371997,-23.951542],[-46.371395,-23.95163],[-46.371247,-23.951656],[-46.370147,-23.951839],[-46.369991,-23.951864],[-46.368281,-23.952158],[-46.368,-23.952199],[-46.367993,-23.9522],[-46.367892,-23.952215],[-46.367836,-23.95222],[-46.367791,-23.95223],[-46.367754,-23.952238],[-46.367669,-23.952256],[-46.367574,-23.952276],[-46.367567,-23.952277],[-46.366921,-23.952402],[-46.366447,-23.952481],[-46.3664,-23.952486],[-46.366374,-23.952489],[-46.366302,-23.952498],[-46.366183,-23.952512],[-46.366146,-23.952516],[-46.366022,-23.952531],[-46.365816,-23.952577],[-46.365784,-23.952584],[-46.365746,-23.952592],[-46.364586,-23.952681],[-46.362937,-23.952641],[-46.362389,-23.952633],[-46.360249,-23.958035],[-46.359859,-23.959019],[-46.359693,-23.959436],[-46.359574,-23.959736],[-46.359425,-23.960109],[-46.358537,-23.962342],[-46.358523,-23.962377],[-46.357379,-23.965254],[-46.357223,-23.965634],[-46.357061,-23.966027],[-46.357015,-23.966138],[-46.356795,-23.966675],[-46.356714,-23.9669],[-46.35671,-23.967016],[-46.3567,-23.967286],[-46.356405,-23.967212],[-46.356377,-23.967205],[-46.356286,-23.967182],[-46.356286,-23.967187],[-46.356282,-23.967292],[-46.356272,-23.967537],[-46.356263,-23.967746],[-46.356263,-23.967754],[-46.356261,-23.967804],[-46.356169,-23.967803],[-46.356162,-23.968127],[-46.35603,-23.968127],[-46.355856,-23.968128],[-46.355852,-23.968215],[-46.355847,-23.968344],[-46.355941,-23.968344],[-46.356088,-23.968345],[-46.356123,-23.968345],[-46.356119,-23.968609],[-46.356119,-23.968617],[-46.356118,-23.968662],[-46.356109,-23.968818],[-46.355857,-23.968913],[-46.355426,-23.970152],[-46.355126,-23.97107],[-46.35472,-23.971132],[-46.354052,-23.971365],[-46.353146,-23.97216],[-46.35289,-23.972315],[-46.352732,-23.972364],[-46.352607,-23.972363],[-46.352519,-23.972363],[-46.352293,-23.972254],[-46.352117,-23.972058],[-46.351906,-23.971824],[-46.351886,-23.971805],[-46.351558,-23.971634],[-46.351256,-23.971556],[-46.350961,-23.971541],[-46.350798,-23.971625],[-46.3508,-23.971778],[-46.35081,-23.971977],[-46.350746,-23.972154],[-46.350639,-23.972306],[-46.350473,-23.972438],[-46.350269,-23.972511],[-46.350055,-23.972477],[-46.349884,-23.972403],[-46.349742,-23.972295],[-46.349655,-23.972164],[-46.349638,-23.971894],[-46.349661,-23.971728],[-46.349671,-23.971495],[-46.349672,-23.971263],[-46.349685,-23.971034],[-46.349698,-23.970841],[-46.349602,-23.969002],[-46.348043,-23.968918],[-46.346596,-23.968907],[-46.345612,-23.969058],[-46.344695,-23.969138],[-46.342654,-23.969205],[-46.339168,-23.969431],[-46.338179,-23.969416],[-46.336085,-23.969777],[-46.332622,-23.970696],[-46.329507,-23.971661],[-46.327983,-23.972073],[-46.325369,-23.972961],[-46.32277,-23.974095],[-46.321713,-23.974515],[-46.319631,-23.975932],[-46.317044,-23.977626],[-46.315919,-23.978353],[-46.315217,-23.979009],[-46.314063,-23.97998],[-46.311204,-23.982681],[-46.310568,-23.983266],[-46.309718,-23.984084],[-46.309672,-23.984183],[-46.30962,-23.98425],[-46.309516,-23.984298],[-46.309291,-23.984667],[-46.309201,-23.98493],[-46.309037,-23.985536],[-46.308865,-23.986125],[-46.308967,-23.986181],[-46.308947,-23.986263],[-46.308854,-23.986572],[-46.308732,-23.986526],[-46.308504,-23.987387],[-46.308372,-23.98785],[-46.308042,-23.98901],[-46.3082,-23.989052],[-46.30818,-23.989104],[-46.308093,-23.989167],[-46.307946,-23.989486],[-46.307786,-23.989775],[-46.307592,-23.989969],[-46.307524,-23.990037],[-46.30727,-23.990272],[-46.307249,-23.990306],[-46.307232,-23.9904],[-46.307074,-23.990481],[-46.306921,-23.990578],[-46.306789,-23.990551],[-46.306183,-23.990949],[-46.305666,-23.99118],[-46.305616,-23.991217],[-46.305596,-23.991231],[-46.305468,-23.991307],[-46.305371,-23.991369],[-46.305168,-23.991383],[-46.305107,-23.991327],[-46.304588,-23.99145],[-46.304122,-23.991504],[-46.304124,-23.991558],[-46.303898,-23.991625],[-46.303667,-23.991621],[-46.303564,-23.991591],[-46.303224,-23.991572],[-46.303006,-23.991565],[-46.302962,-23.991689],[-46.302801,-23.991663],[-46.302802,-23.991539],[-46.302486,-23.991471],[-46.302196,-23.991386],[-46.301525,-23.991104],[-46.300517,-23.990613],[-46.299193,-23.989959],[-46.297978,-23.989311],[-46.296827,-23.988631],[-46.295556,-23.98794],[-46.294795,-23.987531],[-46.294592,-23.987602],[-46.294383,-23.987283],[-46.294481,-23.987092],[-46.294271,-23.986639],[-46.293966,-23.986859],[-46.293844,-23.986947],[-46.293694,-23.986767],[-46.293516,-23.986373],[-46.293672,-23.98632],[-46.293658,-23.986295],[-46.293749,-23.986182],[-46.293758,-23.986087],[-46.293688,-23.986037],[-46.293559,-23.986029],[-46.293242,-23.986141],[-46.293118,-23.985857],[-46.293145,-23.985664],[-46.292896,-23.984984],[-46.291907,-23.985169],[-46.290794,-23.979747],[-46.291078,-23.978829],[-46.291791,-23.976464],[-46.291998,-23.97651],[-46.292859,-23.975772],[-46.292846,-23.975658],[-46.293046,-23.975524],[-46.293303,-23.975239],[-46.293509,-23.974772],[-46.293321,-23.974237],[-46.293426,-23.974123],[-46.294235,-23.973094],[-46.295543,-23.971505],[-46.29649,-23.970356],[-46.297494,-23.969133],[-46.301277,-23.964525],[-46.305024,-23.959942],[-46.305242,-23.959619],[-46.306999,-23.956913],[-46.30733,-23.956421],[-46.308002,-23.955404],[-46.309158,-23.953629],[-46.310292,-23.952073],[-46.311259,-23.950745],[-46.311676,-23.950044],[-46.312197,-23.94692],[-46.313321,-23.940336],[-46.313808,-23.937444],[-46.313885,-23.936967],[-46.314278,-23.934654],[-46.315338,-23.934264],[-46.319879,-23.932626],[-46.321014,-23.932266],[-46.323173,-23.931924],[-46.324379,-23.931884],[-46.324625,-23.931879],[-46.326646,-23.931755],[-46.328154,-23.931488],[-46.32951,-23.931173],[-46.331453,-23.930446],[-46.331994,-23.930218],[-46.332537,-23.929988],[-46.331302,-23.928085],[-46.333039,-23.928465],[-46.334358,-23.928754],[-46.334796,-23.928584],[-46.335583,-23.926936],[-46.342617,-23.924384],[-46.342672,-23.9243],[-46.342253,-23.923831],[-46.342431,-23.923749],[-46.342737,-23.923887],[-46.343018,-23.923773],[-46.343073,-23.923625],[-46.343267,-23.923401],[-46.343338,-23.92325],[-46.343838,-23.922915],[-46.344197,-23.922782],[-46.344688,-23.922821],[-46.344985,-23.922766],[-46.34543,-23.922774],[-46.345539,-23.92279],[-46.34571,-23.922627],[-46.345783,-23.92253],[-46.345706,-23.922006],[-46.356403,-23.920172],[-46.35702,-23.922903],[-46.358394,-23.923339],[-46.359196,-23.922815],[-46.359654,-23.922859],[-46.360023,-23.922895],[-46.361097,-23.922544],[-46.361347,-23.922464],[-46.361684,-23.92239],[-46.361943,-23.922157],[-46.362308,-23.921915],[-46.362991,-23.921713],[-46.363984,-23.921625],[-46.364852,-23.921373],[-46.365446,-23.921249],[-46.365916,-23.921177],[-46.366696,-23.920931],[-46.367162,-23.920757],[-46.367536,-23.920741],[-46.36794,-23.920689],[-46.368397,-23.920505],[-46.368768,-23.920462],[-46.369055,-23.920274],[-46.369419,-23.920147],[-46.370102,-23.920009],[-46.37048,-23.919972],[-46.37108,-23.920024],[-46.371443,-23.919923],[-46.371959,-23.919594],[-46.372727,-23.91895],[-46.373739,-23.918122],[-46.374236,-23.917235],[-46.375015,-23.917171],[-46.37588,-23.916758],[-46.376154,-23.917412],[-46.376899,-23.917544],[-46.377411,-23.917384],[-46.378854,-23.918339],[-46.379303,-23.918622],[-46.380149,-23.919482],[-46.380595,-23.919779],[-46.381286,-23.920222],[-46.382165,-23.920543],[-46.383891,-23.920717],[-46.388881,-23.91955],[-46.392661,-23.919507],[-46.394893,-23.919297],[-46.396607,-23.919254],[-46.398312,-23.919067],[-46.399752,-23.91914],[-46.400352,-23.919302],[-46.401059,-23.919762],[-46.401453,-23.9202],[-46.401486,-23.920833]]]}},{"type":"Feature","properties":{"ibge_id":3548500,"municipality_name":"Santos"},"geometry":{"type":"Polygon","coordinates":[[[-46.375306,-23.869704],[-46.37489,-23.870039],[-46.374456,-23.87047],[-46.374223,-23.870543],[-46.373885,-23.870546],[-46.37352,-23.87043],[-46.373053,-23.870434],[-46.372173,-23.870752],[-46.37176,-23.870994],[-46.371657,-23.871043],[-46.371449,-23.871021],[-46.371265,-23.870808],[-46.371134,-23.870714],[-46.37103,-23.870714],[-46.370849,-23.870788],[-46.370799,-23.871003],[-46.370802,-23.871242],[-46.37083,-23.87148],[-46.37099,-23.871837],[-46.371098,-23.872241],[-46.371158,-23.872957],[-46.371189,-23.873434],[-46.371273,-23.873982],[-46.371353,-23.874196],[-46.371667,-23.874408],[-46.37211,-23.874547],[-46.374402,-23.878515],[-46.374439,-23.878572],[-46.374434,-23.880493],[-46.373869,-23.881071],[-46.373857,-23.881085],[-46.373535,-23.881455],[-46.372711,-23.882083],[-46.371726,-23.882354],[-46.369804,-23.882347],[-46.368063,-23.882291],[-46.366786,-23.881992],[-46.366029,-23.88164],[-46.365633,-23.880999],[-46.365549,-23.880475],[-46.365642,-23.869712],[-46.365665,-23.86946],[-46.365668,-23.869424],[-46.364147,-23.869305],[-46.363978,-23.869295],[-46.363665,-23.869202],[-46.363143,-23.868992],[-46.362751,-23.868733],[-46.362462,-23.868473],[-46.362225,-23.868093],[-46.360262,-23.86434],[-46.360174,-23.864129],[-46.359996,-23.863698],[-46.35978,-23.86296],[-46.359642,-23.862173],[-46.359571,-23.861246],[-46.359551,-23.860909],[-46.35957,-23.860289],[-46.359823,-23.859714],[-46.360219,-23.859102],[-46.360616,-23.85849],[-46.360705,-23.858345],[-46.36105,-23.857782],[-46.361098,-23.85727],[-46.361106,-23.857181],[-46.366414,-23.857612],[-46.367328,-23.857373],[-46.367496,-23.857701],[-46.367793,-23.858041],[-46.369043,-23.859181],[-46.369236,-23.859355],[-46.369407,-23.859592],[-46.369499,-23.85982],[-46.369546,-23.860089],[-46.369452,-23.860659],[-46.369331,-23.860971],[-46.369032,-23.861482],[-46.368966,-23.861597],[-46.368937,-23.861775],[-46.369246,-23.863259],[-46.369406,-23.863809],[-46.369867,-23.864627],[-46.37053,-23.865493],[-46.371097,-23.866063],[-46.371241,-23.866153],[-46.371676,-23.866472],[-46.371947,-23.866635],[-46.374584,-23.868037],[-46.374829,-23.868183],[-46.37494,-23.868318],[-46.375034,-23.868516],[-46.375103,-23.868742],[-46.375249,-23.869432],[-46.375306,-23.869704]]]}},{"type":"Feature","properties":{"ibge_id":3548500,"municipality_name":"Santos"},"geometry":{"type":"Polygon","coordinates":[[[-46.373846,-23.893248],[-46.373798,-23.896471],[-46.373573,-23.898031],[-46.373479,-23.898986],[-46.372787,-23.899836],[-46.372703,-23.901059],[-46.372686,-23.901907],[-46.372225,-23.902084],[-46.371705,-23.902196],[-46.370998,-23.902307],[-46.370255,-23.902493],[-46.36992,-23.902605],[-46.36914,-23.902716],[-46.368434,-23.902344],[-46.368434,-23.900932],[-46.368396,-23.900077],[-46.368211,-23.899631],[-46.36769,-23.899222],[-46.366947,-23.898219],[-46.366538,-23.896695],[-46.366649,-23.895728],[-46.366947,-23.894353],[-46.367579,-23.893312],[-46.368805,-23.891788],[-46.369437,-23.891082],[-46.370961,-23.890376],[-46.372076,-23.890339],[-46.372782,-23.891417],[-46.373749,-23.892941],[-46.373846,-23.893248]]]}},{"type":"Feature","properties":{"ibge_id":3548500,"municipality_name":"Santos"},"geometry":{"type":"Polygon","coordinates":[[[-46.358732,-23.914239],[-46.358063,-23.916246],[-46.35587,-23.916469],[-46.352897,-23.916172],[-46.350852,-23.916209],[-46.347953,-23.916172],[-46.346057,-23.915837],[-46.344385,-23.915391],[-46.343307,-23.914276],[-46.343158,-23.913124],[-46.34327,-23.912194],[-46.342972,-23.911042],[-46.342601,-23.910782],[-46.342117,-23.910001],[-46.341374,-23.908961],[-46.342117,-23.908403],[-46.343307,-23.90792],[-46.344719,-23.907548],[-46.345574,-23.907548],[-46.346503,-23.907623],[-46.348213,-23.908106],[-46.349217,-23.908254],[-46.350146,-23.908552],[-46.351187,-23.908663],[-46.351596,-23.908552],[-46.351112,-23.908217],[-46.350704,-23.908069],[-46.350443,-23.9074],[-46.350741,-23.907251],[-46.351782,-23.906656],[-46.352674,-23.906433],[-46.353305,-23.906322],[-46.354495,-23.906359],[-46.35535,-23.906582],[-46.356502,-23.907028],[-46.356353,-23.907883],[-46.356762,-23.909184],[-46.357915,-23.910931],[-46.358509,-23.912492],[-46.358732,-23.914239]]]}},{"type":"Feature","properties":{"ibge_id":3548500,"municipality_name":"Santos"},"geometry":{"type":"Polygon","coordinates":[[[-46.353649,-23.974466],[-46.353648,-23.974593],[-46.353527,-23.97471],[-46.353354,-23.974809],[-46.35319,-23.9749],[-46.35318,-23.974904],[-46.353103,-23.974952],[-46.352959,-23.975056],[-46.352753,-23.975098],[-46.352634,-23.975005],[-46.352476,-23.974929],[-46.352445,-23.974763],[-46.352445,-23.97475],[-46.352432,-23.97454],[-46.352428,-23.974522],[-46.35231,-23.974307],[-46.352158,-23.974183],[-46.352134,-23.97417],[-46.351982,-23.974107],[-46.351948,-23.974098],[-46.351762,-23.974044],[-46.351743,-23.974044],[-46.351596,-23.97389],[-46.351591,-23.973877],[-46.35154,-23.973732],[-46.35154,-23.973728],[-46.351513,-23.973561],[-46.351419,-23.973364],[-46.351405,-23.97335],[-46.351358,-23.973206],[-46.351363,-23.973193],[-46.351469,-23.973075],[-46.351484,-23.973071],[-46.351738,-23.973016],[-46.352059,-23.973014],[-46.352331,-23.973126],[-46.352608,-23.973207],[-46.352936,-23.973463],[-46.353192,-23.973662],[-46.353406,-23.973865],[-46.35347,-23.974163],[-46.35354,-23.974338],[-46.353649,-23.974466]]]}},{"type":"Feature","properties":{"ibge_id":3548500,"municipality_name":"Santos"},"geometry":{"type":"Polygon","coordinates":[[[-46.349721,-23.906131],[-46.349626,-23.90753],[-46.348473,-23.907232],[-46.348004,-23.906985],[-46.347755,-23.906773],[-46.347601,-23.90645],[-46.347821,-23.906244],[-46.348503,-23.906098],[-46.348408,-23.906002],[-46.347571,-23.905929],[-46.347556,-23.905708],[-46.347693,-23.905708],[-46.347967,-23.905646],[-46.347396,-23.905188],[-46.346764,-23.90463],[-46.346229,-23.904142],[-46.345414,-23.903636],[-46.344835,-23.903423],[-46.343998,-23.902961],[-46.342589,-23.902792],[-46.341694,-23.903137],[-46.341452,-23.903115],[-46.341107,-23.90291],[-46.340109,-23.902829],[-46.338993,-23.902256],[-46.338604,-23.902029],[-46.338055,-23.901747],[-46.337431,-23.901692],[-46.336287,-23.901654],[-46.33517,-23.901652],[-46.33459,-23.901706],[-46.334189,-23.901545],[-46.33388,-23.90156],[-46.333595,-23.901682],[-46.333293,-23.901662],[-46.332883,-23.901472],[-46.33278,-23.900841],[-46.332514,-23.90085],[-46.332288,-23.900848],[-46.332208,-23.901068],[-46.331892,-23.901332],[-46.33198,-23.901816],[-46.33129,-23.902645],[-46.331056,-23.903409],[-46.330806,-23.903746],[-46.330483,-23.903863],[-46.330242,-23.904001],[-46.329251,-23.903966],[-46.328454,-23.904458],[-46.328334,-23.904531],[-46.328121,-23.904524],[-46.327937,-23.904428],[-46.32782,-23.904245],[-46.327842,-23.904062],[-46.328047,-23.903768],[-46.328935,-23.902469],[-46.328949,-23.902133],[-46.328761,-23.901538],[-46.328752,-23.901185],[-46.328612,-23.900863],[-46.328532,-23.900393],[-46.328341,-23.899982],[-46.328172,-23.899784],[-46.328025,-23.899417],[-46.327879,-23.898764],[-46.327761,-23.898229],[-46.327769,-23.897605],[-46.327849,-23.897407],[-46.327629,-23.896893],[-46.327637,-23.896534],[-46.327813,-23.896262],[-46.328231,-23.895998],[-46.328781,-23.895829],[-46.329397,-23.895624],[-46.329654,-23.895426],[-46.330403,-23.895169],[-46.331114,-23.894465],[-46.331144,-23.893929],[-46.331122,-23.893283],[-46.331012,-23.892968],[-46.330792,-23.892418],[-46.330153,-23.891493],[-46.329882,-23.891288],[-46.329427,-23.890862],[-46.328943,-23.890694],[-46.328114,-23.890481],[-46.327174,-23.890525],[-46.32672,-23.890279],[-46.326404,-23.890008],[-46.325956,-23.889707],[-46.325487,-23.88956],[-46.325223,-23.889443],[-46.325164,-23.8892],[-46.325003,-23.889054],[-46.32479,-23.888944],[-46.324753,-23.888863],[-46.324717,-23.888503],[-46.324467,-23.888093],[-46.324445,-23.887902],[-46.324166,-23.887828],[-46.323638,-23.887454],[-46.322618,-23.887175],[-46.321503,-23.886919],[-46.321165,-23.886123],[-46.320894,-23.885873],[-46.320534,-23.885616],[-46.320094,-23.885499],[-46.319522,-23.885352],[-46.319287,-23.885316],[-46.31906,-23.885029],[-46.318414,-23.885029],[-46.318113,-23.885139],[-46.317988,-23.88511],[-46.31782,-23.884982],[-46.317079,-23.884211],[-46.316829,-23.884578],[-46.316815,-23.88485],[-46.316653,-23.884872],[-46.316213,-23.884461],[-46.315941,-23.884043],[-46.317856,-23.88292],[-46.318744,-23.882412],[-46.319643,-23.881777],[-46.321041,-23.880429],[-46.321202,-23.880277],[-46.321347,-23.880113],[-46.321578,-23.879843],[-46.321771,-23.879517],[-46.321872,-23.879265],[-46.321995,-23.878922],[-46.3221,-23.878604],[-46.322254,-23.878033],[-46.322415,-23.877455],[-46.322506,-23.877119],[-46.322618,-23.876741],[-46.322705,-23.876517],[-46.322906,-23.876175],[-46.322982,-23.876084],[-46.323059,-23.87599],[-46.323086,-23.875958],[-46.323421,-23.875765],[-46.323654,-23.875691],[-46.324045,-23.875807],[-46.32414,-23.875874],[-46.32449,-23.87612],[-46.32491,-23.876516],[-46.325261,-23.876675],[-46.325678,-23.876807],[-46.32686,-23.877018],[-46.327785,-23.876968],[-46.328505,-23.876909],[-46.329719,-23.876809],[-46.330369,-23.876835],[-46.330697,-23.876849],[-46.330867,-23.876816],[-46.331224,-23.876747],[-46.331666,-23.876421],[-46.331854,-23.876113],[-46.331898,-23.875882],[-46.331922,-23.875892],[-46.331948,-23.875902],[-46.332267,-23.876012],[-46.332363,-23.875924],[-46.332557,-23.875931],[-46.332733,-23.876122],[-46.332916,-23.876096],[-46.33317,-23.875759],[-46.333382,-23.87606],[-46.333588,-23.876144],[-46.333914,-23.876089],[-46.333691,-23.876441],[-46.332451,-23.877615],[-46.332311,-23.877938],[-46.332311,-23.878209],[-46.33248,-23.878474],[-46.331922,-23.878466],[-46.331746,-23.878598],[-46.331915,-23.878936],[-46.33193,-23.879083],[-46.33212,-23.879097],[-46.332135,-23.878892],[-46.332267,-23.878906],[-46.332319,-23.8792],[-46.332355,-23.879486],[-46.332502,-23.879677],[-46.332465,-23.880102],[-46.332304,-23.8803],[-46.332363,-23.880491],[-46.332835,-23.880913],[-46.333088,-23.88121],[-46.333169,-23.881394],[-46.333609,-23.881291],[-46.333822,-23.881269],[-46.334016,-23.881375],[-46.334189,-23.881368],[-46.334189,-23.881552],[-46.334401,-23.881772],[-46.334291,-23.882014],[-46.334199,-23.882142],[-46.3338,-23.882337],[-46.333682,-23.882469],[-46.333961,-23.882564],[-46.33366,-23.882872],[-46.333675,-23.883173],[-46.333889,-23.883339],[-46.333818,-23.883437],[-46.333602,-23.883437],[-46.333301,-23.884017],[-46.331415,-23.884296],[-46.325978,-23.885084],[-46.325854,-23.885202],[-46.326111,-23.885341],[-46.326727,-23.885363],[-46.328121,-23.886134],[-46.328282,-23.88624],[-46.329009,-23.88682],[-46.329508,-23.886952],[-46.330065,-23.887172],[-46.331415,-23.887898],[-46.33253,-23.888511],[-46.33344,-23.888658],[-46.333756,-23.888665],[-46.334533,-23.888298],[-46.334577,-23.888173],[-46.33501,-23.887968],[-46.335318,-23.887946],[-46.336272,-23.887095],[-46.336478,-23.887065],[-46.337021,-23.887517],[-46.337255,-23.887421],[-46.337299,-23.887641],[-46.337916,-23.888133],[-46.338158,-23.888111],[-46.338371,-23.88795],[-46.338547,-23.888045],[-46.339002,-23.888082],[-46.338745,-23.888272],[-46.338649,-23.888426],[-46.338723,-23.888588],[-46.338972,-23.888603],[-46.339434,-23.888206],[-46.339779,-23.888199],[-46.33986,-23.888874],[-46.34022,-23.889123],[-46.340542,-23.889402],[-46.340983,-23.889285],[-46.340968,-23.889454],[-46.341078,-23.889549],[-46.340902,-23.889659],[-46.34084,-23.889827],[-46.341159,-23.890026],[-46.340983,-23.89018],[-46.340924,-23.89069],[-46.34154,-23.891093],[-46.341548,-23.891189],[-46.341327,-23.891225],[-46.340975,-23.891262],[-46.340616,-23.891358],[-46.340308,-23.891504],[-46.340227,-23.892187],[-46.340359,-23.892399],[-46.339735,-23.89248],[-46.340036,-23.892619],[-46.339904,-23.8927],[-46.339765,-23.892906],[-46.33964,-23.893192],[-46.339713,-23.893383],[-46.339735,-23.893665],[-46.339317,-23.894039],[-46.339222,-23.89478],[-46.339471,-23.895279],[-46.339508,-23.895807],[-46.339853,-23.896108],[-46.339882,-23.896431],[-46.340073,-23.896629],[-46.340036,-23.897033],[-46.340139,-23.897253],[-46.339977,-23.897334],[-46.339765,-23.897568],[-46.339816,-23.897891],[-46.339941,-23.898119],[-46.339655,-23.898214],[-46.339456,-23.898456],[-46.339456,-23.898845],[-46.339002,-23.89883],[-46.338693,-23.898896],[-46.338437,-23.89905],[-46.338297,-23.899322],[-46.338341,-23.899608],[-46.3384,-23.899843],[-46.338018,-23.899909],[-46.33694,-23.900466],[-46.336925,-23.900672],[-46.337204,-23.901009],[-46.337696,-23.901112],[-46.338319,-23.901163],[-46.338686,-23.901339],[-46.339046,-23.901677],[-46.339148,-23.902022],[-46.340183,-23.90244],[-46.340454,-23.902242],[-46.340572,-23.902506],[-46.341107,-23.902594],[-46.341562,-23.902682],[-46.341724,-23.902587],[-46.342002,-23.902572],[-46.342223,-23.902513],[-46.342384,-23.902352],[-46.34254,-23.902053],[-46.342839,-23.902356],[-46.343088,-23.902466],[-46.343389,-23.902554],[-46.343565,-23.902612],[-46.343925,-23.902656],[-46.344108,-23.902576],[-46.344314,-23.902532],[-46.344453,-23.902627],[-46.344636,-23.902634],[-46.344702,-23.902524],[-46.344651,-23.902407],[-46.344725,-23.902184],[-46.344827,-23.902018],[-46.344783,-23.901805],[-46.345113,-23.901989],[-46.345671,-23.902249],[-46.345671,-23.902359],[-46.345421,-23.902433],[-46.345421,-23.902623],[-46.34595,-23.903137],[-46.346771,-23.903533],[-46.347197,-23.90357],[-46.349721,-23.906131]]]}},{"type":"Feature","properties":{"ibge_id":3548500,"municipality_name":"Santos"},"geometry":{"type":"Polygon","coordinates":[[[-46.335349,-23.918685],[-46.335275,-23.919044],[-46.334993,-23.919464],[-46.334392,-23.920471],[-46.333338,-23.921411],[-46.333146,-23.921647],[-46.333067,-23.921793],[-46.333046,-23.921882],[-46.333046,-23.922014],[-46.333124,-23.92215],[-46.333256,-23.922271],[-46.332958,-23.922381],[-46.33257,-23.922575],[-46.332055,-23.923045],[-46.331426,-23.923743],[-46.331302,-23.92385],[-46.33111,-23.92395],[-46.331063,-23.923997],[-46.331063,-23.924061],[-46.33111,-23.924151],[-46.328381,-23.925386],[-46.327809,-23.925329],[-46.327395,-23.925222],[-46.327173,-23.925108],[-46.327201,-23.924793],[-46.326782,-23.924498],[-46.32626,-23.924288],[-46.325686,-23.924066],[-46.325124,-23.923784],[-46.324576,-23.923526],[-46.324093,-23.923315],[-46.323648,-23.923092],[-46.323193,-23.923025],[-46.32288,-23.922956],[-46.322658,-23.92285],[-46.32252,-23.922671],[-46.322406,-23.92241],[-46.322334,-23.922156],[-46.322267,-23.921853],[-46.322267,-23.921603],[-46.322283,-23.921461],[-46.322234,-23.921295],[-46.322009,-23.920924],[-46.321738,-23.920627],[-46.321456,-23.920449],[-46.320929,-23.920252],[-46.319717,-23.919928],[-46.318497,-23.919637],[-46.318064,-23.919561],[-46.31709,-23.919358],[-46.316554,-23.919308],[-46.316347,-23.919264],[-46.316079,-23.919336],[-46.315947,-23.919414],[-46.315932,-23.919493],[-46.315947,-23.919628],[-46.31609,-23.919728],[-46.316354,-23.919836],[-46.316632,-23.9199],[-46.316932,-23.919921],[-46.317368,-23.919978],[-46.317733,-23.920128],[-46.319319,-23.9205],[-46.320333,-23.920664],[-46.321078,-23.920862],[-46.321406,-23.92101],[-46.321584,-23.921217],[-46.321674,-23.921388],[-46.321799,-23.921778],[-46.321852,-23.922085],[-46.321944,-23.922433],[-46.322299,-23.923592],[-46.32242,-23.923842],[-46.322649,-23.924139],[-46.322785,-23.924146],[-46.322856,-23.924189],[-46.322899,-23.924256],[-46.32291,-23.924492],[-46.322852,-23.924596],[-46.322806,-23.92466],[-46.322777,-23.92531],[-46.31633,-23.925344],[-46.316339,-23.924398],[-46.312367,-23.924494],[-46.312092,-23.924465],[-46.311945,-23.924337],[-46.311906,-23.924083],[-46.312006,-23.923362],[-46.311992,-23.923169],[-46.311913,-23.923062],[-46.311842,-23.92289],[-46.311799,-23.92269],[-46.311828,-23.922397],[-46.311842,-23.922126],[-46.311799,-23.921883],[-46.311735,-23.92164],[-46.31176,-23.921219],[-46.311742,-23.921015],[-46.31166,-23.920865],[-46.311556,-23.920754],[-46.311317,-23.920618],[-46.311102,-23.920518],[-46.310792,-23.920411],[-46.310549,-23.920315],[-46.310399,-23.92024],[-46.310359,-23.920118],[-46.310367,-23.919983],[-46.310402,-23.919865],[-46.310484,-23.91974],[-46.310542,-23.919679],[-46.310695,-23.919608],[-46.311077,-23.919479],[-46.311331,-23.919336],[-46.312049,-23.919004],[-46.314181,-23.918143],[-46.314496,-23.918061],[-46.315128,-23.917932],[-46.315335,-23.917904],[-46.315442,-23.917925],[-46.315526,-23.917957],[-46.315564,-23.918034],[-46.315555,-23.918129],[-46.315466,-23.918315],[-46.315447,-23.918451],[-46.315488,-23.918718],[-46.315543,-23.918759],[-46.315597,-23.918769],[-46.315858,-23.918601],[-46.315888,-23.918542],[-46.315913,-23.918417],[-46.315954,-23.918365],[-46.316084,-23.918233],[-46.316272,-23.918006],[-46.316324,-23.917971],[-46.316447,-23.917944],[-46.316593,-23.917939],[-46.316838,-23.917969],[-46.316967,-23.917958],[-46.317197,-23.917897],[-46.317467,-23.917794],[-46.318049,-23.917503],[-46.318411,-23.917308],[-46.318692,-23.916993],[-46.318849,-23.916727],[-46.318988,-23.916465],[-46.319021,-23.916265],[-46.318983,-23.916079],[-46.318792,-23.915541],[-46.31873,-23.915291],[-46.318695,-23.914941],[-46.31873,-23.914526],[-46.318745,-23.914205],[-46.318745,-23.913912],[-46.318716,-23.913683],[-46.318648,-23.913444],[-46.318502,-23.913141],[-46.318316,-23.912901],[-46.318181,-23.912801],[-46.31803,-23.912653],[-46.31771,-23.912555],[-46.317162,-23.912345],[-46.316654,-23.912176],[-46.316051,-23.911949],[-46.315832,-23.91189],[-46.315506,-23.911738],[-46.315303,-23.911537],[-46.315143,-23.911225],[-46.315127,-23.910915],[-46.3152,-23.910461],[-46.315324,-23.909815],[-46.315403,-23.909568],[-46.3155,-23.909289],[-46.316021,-23.909029],[-46.317266,-23.908667],[-46.318506,-23.908416],[-46.319391,-23.908586],[-46.319459,-23.90828],[-46.320106,-23.907974],[-46.320889,-23.908008],[-46.322012,-23.907837],[-46.322761,-23.907327],[-46.322999,-23.906578],[-46.326336,-23.905012],[-46.328022,-23.905102],[-46.32871,-23.905061],[-46.329294,-23.905008],[-46.329865,-23.904968],[-46.331189,-23.904825],[-46.331774,-23.904929],[-46.332087,-23.904985],[-46.332441,-23.905298],[-46.332732,-23.905725],[-46.332906,-23.906213],[-46.33291,-23.906666],[-46.332797,-23.907025],[-46.332487,-23.907218],[-46.331811,-23.907117],[-46.331197,-23.906848],[-46.330885,-23.906802],[-46.330521,-23.906818],[-46.329978,-23.907061],[-46.329346,-23.90746],[-46.328535,-23.908219],[-46.327802,-23.908988],[-46.327274,-23.909519],[-46.326827,-23.909995],[-46.32617,-23.911138],[-46.326012,-23.911667],[-46.325912,-23.912324],[-46.325927,-23.91281],[-46.326005,-23.913281],[-46.326177,-23.913903],[-46.326341,-23.91446],[-46.32653,-23.91492],[-46.326685,-23.91523],[-46.326812,-23.915452],[-46.327016,-23.915939],[-46.327394,-23.916501],[-46.327847,-23.916995],[-46.328064,-23.91719],[-46.32822,-23.917421],[-46.32847,-23.917703],[-46.328809,-23.917957],[-46.329074,-23.918271],[-46.329374,-23.918578],[-46.329709,-23.918664],[-46.330124,-23.918664],[-46.330431,-23.918643],[-46.330802,-23.918543],[-46.331188,-23.918378],[-46.331495,-23.918214],[-46.332003,-23.918028],[-46.332367,-23.91795],[-46.332796,-23.917892],[-46.333331,-23.917935],[-46.334081,-23.918157],[-46.335349,-23.918685]]]}},{"type":"Feature","properties":{"ibge_id":3548500,"municipality_name":"Santos"},"geometry":{"type":"Polygon","coordinates":[[[-46.316481,-23.881685],[-46.316478,-23.882099],[-46.316303,-23.8824],[-46.316112,-23.882669],[-46.315692,-23.883259],[-46.315441,-23.88377],[-46.315375,-23.884007],[-46.315526,-23.884173],[-46.315542,-23.884192],[-46.31556,-23.88421],[-46.315575,-23.884227],[-46.315591,-23.884247],[-46.314483,-23.884948],[-46.31396,-23.885252],[-46.31298,-23.885819],[-46.31182,-23.886504],[-46.309113,-23.88814],[-46.307915,-23.888882],[-46.307258,-23.889366],[-46.306469,-23.889933],[-46.305201,-23.891145],[-46.304715,-23.891656],[-46.304007,-23.892617],[-46.302707,-23.894587],[-46.301851,-23.895822],[-46.301019,-23.897179],[-46.300714,-23.897654],[-46.301533,-23.894532],[-46.299932,-23.892756],[-46.302199,-23.89164],[-46.301972,-23.89087],[-46.297682,-23.890459],[-46.298032,-23.886284],[-46.297107,-23.885873],[-46.297041,-23.885587],[-46.296975,-23.885382],[-46.296777,-23.885227],[-46.296601,-23.885308],[-46.296484,-23.885455],[-46.296447,-23.885587],[-46.296073,-23.885587],[-46.295347,-23.885851],[-46.293681,-23.885227],[-46.295259,-23.883936],[-46.293314,-23.883855],[-46.291877,-23.885048],[-46.291156,-23.885675],[-46.286975,-23.889237],[-46.287034,-23.894289],[-46.287129,-23.89434],[-46.287129,-23.894659],[-46.287188,-23.894747],[-46.287269,-23.894777],[-46.287401,-23.894718],[-46.287591,-23.894659],[-46.287775,-23.894769],[-46.287848,-23.89518],[-46.287966,-23.895156],[-46.288222,-23.895074],[-46.28845,-23.895191],[-46.288861,-23.895382],[-46.288978,-23.895521],[-46.288912,-23.895866],[-46.288751,-23.896189],[-46.288729,-23.896504],[-46.288413,-23.896365],[-46.288288,-23.896424],[-46.288538,-23.896864],[-46.288538,-23.897656],[-46.288875,-23.898064],[-46.288861,-23.898548],[-46.288963,-23.898841],[-46.289154,-23.899105],[-46.289448,-23.899237],[-46.289807,-23.899333],[-46.290145,-23.899348],[-46.290196,-23.899362],[-46.291091,-23.900426],[-46.29057,-23.901064],[-46.290372,-23.901402],[-46.290379,-23.901842],[-46.290445,-23.902165],[-46.290519,-23.902304],[-46.290644,-23.902774],[-46.290578,-23.903009],[-46.290423,-23.903456],[-46.290189,-23.90383],[-46.290123,-23.904249],[-46.290137,-23.904792],[-46.289947,-23.904872],[-46.289756,-23.905048],[-46.289712,-23.905158],[-46.289612,-23.905162],[-46.289213,-23.905126],[-46.289104,-23.904789],[-46.288918,-23.90463],[-46.288835,-23.904535],[-46.288784,-23.904241],[-46.288732,-23.904084],[-46.288435,-23.903632],[-46.288457,-23.903284],[-46.288318,-23.903086],[-46.288376,-23.9028],[-46.288435,-23.902491],[-46.288714,-23.902293],[-46.288912,-23.902176],[-46.289015,-23.902044],[-46.289022,-23.901816],[-46.288824,-23.901618],[-46.28867,-23.901574],[-46.288398,-23.901428],[-46.28801,-23.901171],[-46.28801,-23.900899],[-46.287812,-23.900587],[-46.287518,-23.900331],[-46.287041,-23.899949],[-46.286814,-23.899795],[-46.286594,-23.899553],[-46.286271,-23.899443],[-46.285882,-23.89937],[-46.28553,-23.898863],[-46.284855,-23.898467],[-46.284605,-23.898328],[-46.284488,-23.898269],[-46.284312,-23.898034],[-46.284128,-23.89755],[-46.284165,-23.896802],[-46.283872,-23.896171],[-46.283387,-23.895782],[-46.283175,-23.895294],[-46.282947,-23.895008],[-46.282654,-23.894296],[-46.282433,-23.894098],[-46.282287,-23.894017],[-46.281714,-23.894025],[-46.281714,-23.893566],[-46.281487,-23.892891],[-46.281304,-23.892671],[-46.280834,-23.892678],[-46.28079,-23.892363],[-46.280592,-23.89204],[-46.280643,-23.89135],[-46.280467,-23.891159],[-46.28021,-23.891086],[-46.280108,-23.890895],[-46.279814,-23.890528],[-46.27944,-23.890022],[-46.278831,-23.889817],[-46.278743,-23.88945],[-46.278574,-23.889222],[-46.278163,-23.888878],[-46.278193,-23.888371],[-46.277782,-23.888063],[-46.277767,-23.887865],[-46.277547,-23.887594],[-46.277532,-23.887234],[-46.277738,-23.887308],[-46.278244,-23.887286],[-46.27842,-23.887264],[-46.278369,-23.887586],[-46.27853,-23.887872],[-46.27889,-23.888063],[-46.279866,-23.888159],[-46.280064,-23.888078],[-46.280159,-23.887865],[-46.28013,-23.887579],[-46.28013,-23.88733],[-46.28046,-23.887535],[-46.280695,-23.887491],[-46.280489,-23.888005],[-46.280592,-23.888327],[-46.280951,-23.888614],[-46.281245,-23.888709],[-46.282595,-23.889222],[-46.282903,-23.889186],[-46.282925,-23.889017],[-46.282837,-23.888841],[-46.282419,-23.888621],[-46.281935,-23.88799],[-46.281979,-23.887146],[-46.281626,-23.886357],[-46.281604,-23.885939],[-46.282008,-23.885],[-46.28203,-23.884398],[-46.282235,-23.884472],[-46.282375,-23.88442],[-46.282492,-23.884237],[-46.282573,-23.884083],[-46.283226,-23.88398],[-46.283534,-23.883775],[-46.283842,-23.883364],[-46.283857,-23.882982],[-46.284326,-23.882733],[-46.284715,-23.882388],[-46.284723,-23.881852],[-46.284569,-23.881596],[-46.284686,-23.881144],[-46.285075,-23.880998],[-46.285089,-23.880792],[-46.284884,-23.880535],[-46.284752,-23.880198],[-46.284957,-23.879934],[-46.28517,-23.879185],[-46.285023,-23.878885],[-46.285126,-23.878613],[-46.285251,-23.878621],[-46.285559,-23.879024],[-46.285698,-23.878973],[-46.285823,-23.878804],[-46.285875,-23.878584],[-46.285772,-23.878422],[-46.285867,-23.877891],[-46.286329,-23.877891],[-46.287019,-23.878243],[-46.287232,-23.878206],[-46.287342,-23.877913],[-46.287313,-23.877348],[-46.28754,-23.876834],[-46.288002,-23.877003],[-46.288501,-23.877025],[-46.288758,-23.876885],[-46.288978,-23.877076],[-46.289228,-23.876981],[-46.289213,-23.876673],[-46.289095,-23.876482],[-46.289455,-23.875917],[-46.289235,-23.87566],[-46.289169,-23.875337],[-46.289007,-23.875146],[-46.289594,-23.875124],[-46.289844,-23.875477],[-46.290512,-23.875616],[-46.290739,-23.875477],[-46.291348,-23.875946],[-46.292038,-23.876144],[-46.292801,-23.87621],[-46.2933,-23.876152],[-46.293571,-23.875866],[-46.29418,-23.875799],[-46.294716,-23.875528],[-46.294862,-23.875858],[-46.295515,-23.875733],[-46.295398,-23.876005],[-46.295427,-23.87621],[-46.29589,-23.877171],[-46.296249,-23.877333],[-46.296418,-23.877531],[-46.295765,-23.877905],[-46.295831,-23.87814],[-46.296256,-23.87847],[-46.29644,-23.878433],[-46.296711,-23.878177],[-46.297005,-23.878426],[-46.297313,-23.87891],[-46.297929,-23.879219],[-46.298604,-23.879402],[-46.299096,-23.879556],[-46.299499,-23.879886],[-46.300013,-23.880363],[-46.300725,-23.880642],[-46.301649,-23.880928],[-46.3025,-23.881012],[-46.303263,-23.881071],[-46.303777,-23.880983],[-46.303564,-23.881959],[-46.303593,-23.882425],[-46.303762,-23.882572],[-46.303982,-23.882682],[-46.304268,-23.8831],[-46.304811,-23.883122],[-46.305178,-23.882997],[-46.305244,-23.882872],[-46.305207,-23.882667],[-46.30487,-23.882425],[-46.30465,-23.882095],[-46.304819,-23.881823],[-46.304767,-23.881251],[-46.304995,-23.881038],[-46.305384,-23.881089],[-46.306425,-23.881889],[-46.306892,-23.880537],[-46.310673,-23.879183],[-46.310774,-23.879671],[-46.311013,-23.879857],[-46.311519,-23.879981],[-46.312554,-23.880216],[-46.31305,-23.880365],[-46.313642,-23.880542],[-46.314631,-23.880889],[-46.314966,-23.880963],[-46.315349,-23.881137],[-46.315635,-23.881301],[-46.315848,-23.881479],[-46.315987,-23.881438],[-46.316245,-23.881461],[-46.316481,-23.881685]]]}},{"type":"Feature","properties":{"ibge_id":3548500,"municipality_name":"Santos"},"geometry":{"type":"Polygon","coordinates":[[[-46.289051,-23.915627],[-46.288634,-23.916483],[-46.288448,-23.916939],[-46.288286,-23.9174],[-46.288198,-23.917599],[-46.288072,-23.918092],[-46.288021,-23.91824],[-46.287905,-23.918573],[-46.286936,-23.92137],[-46.286723,-23.921314],[-46.286529,-23.92125],[-46.285838,-23.921126],[-46.285378,-23.920896],[-46.28497,-23.920665],[-46.284758,-23.920524],[-46.284368,-23.9204],[-46.28373,-23.920329],[-46.28265,-23.920063],[-46.281976,-23.919886],[-46.281569,-23.919727],[-46.281197,-23.919443],[-46.28086,-23.919018],[-46.280582,-23.918475],[-46.280546,-23.918041],[-46.280558,-23.917273],[-46.28047,-23.916856],[-46.279992,-23.916591],[-46.279425,-23.91629],[-46.278736,-23.916091],[-46.278526,-23.915142],[-46.278287,-23.914656],[-46.278038,-23.91415],[-46.277652,-23.91346],[-46.277467,-23.913074],[-46.277214,-23.912771],[-46.276306,-23.912384],[-46.276054,-23.91225],[-46.276105,-23.910379],[-46.27745,-23.910396],[-46.277854,-23.910401],[-46.277882,-23.9104],[-46.27791,-23.9104],[-46.277918,-23.9104],[-46.277946,-23.910402],[-46.277973,-23.9104],[-46.278518,-23.910393],[-46.282398,-23.91034],[-46.28244,-23.910121],[-46.282449,-23.909331],[-46.282533,-23.909625],[-46.282869,-23.909852],[-46.283188,-23.90997],[-46.283525,-23.90997],[-46.283676,-23.909869],[-46.283827,-23.909676],[-46.284231,-23.909827],[-46.284601,-23.909743],[-46.284668,-23.909911],[-46.284879,-23.910147],[-46.285265,-23.910407],[-46.285268,-23.910409],[-46.28545,-23.910559],[-46.285921,-23.910802],[-46.28614,-23.911181],[-46.286325,-23.911425],[-46.286796,-23.911584],[-46.287132,-23.911668],[-46.287275,-23.911509],[-46.287502,-23.911298],[-46.287498,-23.912122],[-46.287536,-23.913077],[-46.287529,-23.913422],[-46.287528,-23.913437],[-46.287528,-23.913452],[-46.287527,-23.913569],[-46.287527,-23.913594],[-46.287533,-23.913633],[-46.287541,-23.913657],[-46.287584,-23.91466],[-46.28768,-23.914745],[-46.287715,-23.91479],[-46.287742,-23.914832],[-46.287899,-23.91495],[-46.288143,-23.915044],[-46.288347,-23.915104],[-46.288376,-23.915113],[-46.288388,-23.915135],[-46.28854,-23.915261],[-46.288786,-23.915307],[-46.288969,-23.915456],[-46.289016,-23.915554],[-46.289028,-23.915578],[-46.289051,-23.915627]]]}},{"type":"Feature","properties":{"ibge_id":3548500,"municipality_name":"Santos"},"geometry":{"type":"Polygon","coordinates":[[[-46.282174,-23.901646],[-46.282041,-23.901906],[-46.281946,-23.902134],[-46.281366,-23.902662],[-46.281124,-23.902757],[-46.28054,-23.903165],[-46.279894,-23.903892],[-46.278596,-23.904302],[-46.276506,-23.904903],[-46.276964,-23.906712],[-46.276946,-23.906717],[-46.276928,-23.906722],[-46.276904,-23.90673],[-46.27688,-23.906736],[-46.276481,-23.906843],[-46.276101,-23.906001],[-46.275278,-23.905832],[-46.275016,-23.905611],[-46.274752,-23.905622],[-46.274658,-23.90567],[-46.274462,-23.905873],[-46.274267,-23.906263],[-46.273981,-23.906666],[-46.273644,-23.907055],[-46.273306,-23.907312],[-46.273035,-23.907488],[-46.27285,-23.907542],[-46.272664,-23.907748],[-46.272682,-23.908018],[-46.272576,-23.90816],[-46.272242,-23.907989],[-46.271741,-23.908053],[-46.271397,-23.908465],[-46.271003,-23.908479],[-46.270414,-23.908197],[-46.269919,-23.907821],[-46.269685,-23.907715],[-46.269359,-23.907473],[-46.269187,-23.907352],[-46.269142,-23.907255],[-46.26906,-23.906754],[-46.269538,-23.906237],[-46.26947,-23.904778],[-46.269537,-23.904483],[-46.269983,-23.904252],[-46.270307,-23.904213],[-46.270639,-23.904327],[-46.270801,-23.904408],[-46.271138,-23.904694],[-46.271784,-23.905002],[-46.271997,-23.905061],[-46.272151,-23.905032],[-46.272452,-23.904753],[-46.272452,-23.904232],[-46.272811,-23.90366],[-46.273046,-23.90341],[-46.273259,-23.903366],[-46.273581,-23.90308],[-46.273537,-23.902904],[-46.273119,-23.90264],[-46.272231,-23.902603],[-46.271769,-23.902523],[-46.271241,-23.902211],[-46.271102,-23.902049],[-46.270683,-23.90169],[-46.270258,-23.901448],[-46.269964,-23.901316],[-46.26959,-23.901195],[-46.269311,-23.901187],[-46.269003,-23.901371],[-46.268724,-23.901495],[-46.2686,-23.901569],[-46.268431,-23.901767],[-46.26846,-23.902273],[-46.268196,-23.902493],[-46.267594,-23.902523],[-46.267308,-23.90275],[-46.267132,-23.902941],[-46.266112,-23.904093],[-46.265973,-23.904144],[-46.265863,-23.904129],[-46.265672,-23.904027],[-46.265437,-23.90421],[-46.264616,-23.904203],[-46.264307,-23.904313],[-46.263992,-23.904518],[-46.263853,-23.904724],[-46.26378,-23.905055],[-46.263985,-23.905289],[-46.264337,-23.905391],[-46.26441,-23.905553],[-46.264219,-23.905766],[-46.264139,-23.905949],[-46.264102,-23.906235],[-46.263926,-23.906319],[-46.263772,-23.906598],[-46.263588,-23.90687],[-46.263339,-23.907163],[-46.263258,-23.907332],[-46.263192,-23.907537],[-46.263126,-23.907816],[-46.263024,-23.907897],[-46.262771,-23.907925],[-46.262693,-23.908073],[-46.262679,-23.90833],[-46.262737,-23.908528],[-46.26284,-23.908807],[-46.262855,-23.909452],[-46.263024,-23.909716],[-46.263016,-23.910447],[-46.263119,-23.910696],[-46.263339,-23.91107],[-46.26353,-23.911232],[-46.263985,-23.911356],[-46.264388,-23.911378],[-46.264338,-23.911909],[-46.264337,-23.912097],[-46.264535,-23.912222],[-46.264682,-23.9122],[-46.264828,-23.912083],[-46.265049,-23.912024],[-46.265555,-23.912039],[-46.265746,-23.912193],[-46.26579,-23.912376],[-46.265731,-23.912596],[-46.265511,-23.912853],[-46.265357,-23.913036],[-46.265144,-23.91311],[-46.264916,-23.913161],[-46.264843,-23.913337],[-46.264916,-23.913565],[-46.265437,-23.914218],[-46.265459,-23.914445],[-46.265195,-23.914482],[-46.265129,-23.91457],[-46.265166,-23.91479],[-46.265364,-23.914834],[-46.26568,-23.914878],[-46.265874,-23.915141],[-46.265988,-23.915384],[-46.266252,-23.915692],[-46.266567,-23.916008],[-46.266971,-23.916221],[-46.267374,-23.91636],[-46.267859,-23.916536],[-46.268167,-23.916595],[-46.268409,-23.916764],[-46.268556,-23.917175],[-46.268497,-23.917343],[-46.268247,-23.917329],[-46.268064,-23.917365],[-46.267727,-23.917468],[-46.267426,-23.9176],[-46.267176,-23.917784],[-46.267176,-23.917798],[-46.266421,-23.91782],[-46.266061,-23.917725],[-46.265672,-23.91771],[-46.26543,-23.917754],[-46.265173,-23.917798],[-46.264799,-23.917923],[-46.263816,-23.918348],[-46.263302,-23.918847],[-46.262833,-23.91928],[-46.262525,-23.919691],[-46.262334,-23.920014],[-46.262099,-23.920513],[-46.261989,-23.920894],[-46.261982,-23.920946],[-46.261629,-23.920799],[-46.261412,-23.920574],[-46.260646,-23.920146],[-46.259979,-23.919809],[-46.259737,-23.919493],[-46.258819,-23.91961],[-46.258621,-23.919588],[-46.25722,-23.919075],[-46.256787,-23.91906],[-46.256281,-23.918943],[-46.25609,-23.91873],[-46.25631,-23.918304],[-46.256508,-23.91829],[-46.256699,-23.918246],[-46.256765,-23.91807],[-46.256501,-23.917717],[-46.25664,-23.917211],[-46.256545,-23.917006],[-46.25631,-23.916734],[-46.256457,-23.916389],[-46.256684,-23.916103],[-46.257022,-23.916008],[-46.257778,-23.915714],[-46.258203,-23.915509],[-46.258563,-23.915201],[-46.258643,-23.914915],[-46.258717,-23.914629],[-46.258929,-23.914467],[-46.259392,-23.914379],[-46.260558,-23.91413],[-46.261006,-23.913689],[-46.261028,-23.913488],[-46.260903,-23.913194],[-46.260705,-23.91282],[-46.260404,-23.912607],[-46.260008,-23.912233],[-46.260037,-23.91205],[-46.260287,-23.911705],[-46.260536,-23.911433],[-46.260573,-23.911044],[-46.260778,-23.910516],[-46.260595,-23.910318],[-46.259927,-23.910311],[-46.259729,-23.910135],[-46.259656,-23.909929],[-46.259722,-23.909694],[-46.25981,-23.909452],[-46.259832,-23.909306],[-46.259252,-23.908623],[-46.259076,-23.908411],[-46.259128,-23.908154],[-46.259274,-23.907912],[-46.259134,-23.907781],[-46.258981,-23.907677],[-46.258845,-23.9076],[-46.258812,-23.907299],[-46.258731,-23.907156],[-46.258718,-23.907081],[-46.258676,-23.906835],[-46.258757,-23.906637],[-46.258823,-23.906409],[-46.259043,-23.906343],[-46.25919,-23.906233],[-46.259329,-23.906204],[-46.259432,-23.90605],[-46.259381,-23.905852],[-46.259146,-23.905639],[-46.258867,-23.905764],[-46.258647,-23.905705],[-46.258354,-23.905463],[-46.258104,-23.905529],[-46.258038,-23.90572],[-46.258192,-23.905925],[-46.258141,-23.906153],[-46.257862,-23.905932],[-46.257436,-23.90594],[-46.257304,-23.906336],[-46.257077,-23.90638],[-46.25696,-23.906541],[-46.257158,-23.906732],[-46.257422,-23.906967],[-46.257392,-23.907275],[-46.257209,-23.907517],[-46.257121,-23.907737],[-46.257235,-23.907756],[-46.257411,-23.907945],[-46.257576,-23.908187],[-46.257638,-23.908396],[-46.257484,-23.908792],[-46.257539,-23.909181],[-46.257756,-23.909386],[-46.25817,-23.909507],[-46.25835,-23.909691],[-46.25846,-23.909959],[-46.258442,-23.91048],[-46.25817,-23.910736],[-46.257983,-23.910751],[-46.257792,-23.910626],[-46.257594,-23.910634],[-46.2574,-23.910784],[-46.257191,-23.911037],[-46.257161,-23.911206],[-46.257147,-23.911578],[-46.257059,-23.911938],[-46.256912,-23.912338],[-46.256791,-23.912558],[-46.256596,-23.912763],[-46.256384,-23.91276],[-46.25624,-23.912715],[-46.256162,-23.912629],[-46.256042,-23.912448],[-46.25583,-23.912107],[-46.255591,-23.911817],[-46.255455,-23.911725],[-46.25521,-23.911644],[-46.254509,-23.911173],[-46.254392,-23.911114],[-46.254252,-23.911059],[-46.253823,-23.911078],[-46.253687,-23.911144],[-46.253544,-23.911261],[-46.253463,-23.911415],[-46.253474,-23.911642],[-46.253625,-23.911859],[-46.253687,-23.912035],[-46.25383,-23.912262],[-46.253819,-23.912457],[-46.253647,-23.912618],[-46.253423,-23.912732],[-46.253357,-23.912879],[-46.253394,-23.913058],[-46.253636,-23.913271],[-46.253768,-23.913506],[-46.253753,-23.913631],[-46.253584,-23.913807],[-46.253423,-23.913884],[-46.253088,-23.914244],[-46.252829,-23.914434],[-46.252634,-23.914775],[-46.25255,-23.91523],[-46.252572,-23.915909],[-46.252615,-23.916325],[-46.252098,-23.916544],[-46.251633,-23.916881],[-46.251195,-23.917219],[-46.251107,-23.91763],[-46.251068,-23.917662],[-46.250921,-23.917875],[-46.250474,-23.91796],[-46.249854,-23.917861],[-46.249399,-23.917659],[-46.249105,-23.917442],[-46.248573,-23.916991],[-46.248229,-23.916232],[-46.2481,-23.915858],[-46.247891,-23.915252],[-46.247786,-23.914167],[-46.247792,-23.913767],[-46.247642,-23.913644],[-46.246912,-23.912693],[-46.246871,-23.912602],[-46.246897,-23.9124],[-46.247058,-23.912231],[-46.247333,-23.91209],[-46.247594,-23.911998],[-46.248126,-23.911984],[-46.248526,-23.911925],[-46.24869,-23.911931],[-46.249091,-23.911916],[-46.249428,-23.911758],[-46.249567,-23.911652],[-46.249575,-23.911505],[-46.249524,-23.911379],[-46.249461,-23.911233],[-46.249406,-23.910977],[-46.249402,-23.910679],[-46.249472,-23.910456],[-46.249637,-23.910181],[-46.249817,-23.909852],[-46.249938,-23.909526],[-46.250165,-23.909621],[-46.249575,-23.910645],[-46.249575,-23.910843],[-46.249681,-23.91114],[-46.249754,-23.911235],[-46.249813,-23.911395],[-46.250026,-23.91174],[-46.25014,-23.911846],[-46.250393,-23.911982],[-46.250569,-23.91207],[-46.250749,-23.912217],[-46.250906,-23.912473],[-46.251633,-23.913167],[-46.251761,-23.913214],[-46.252044,-23.913207],[-46.252253,-23.912972],[-46.252297,-23.912881],[-46.252447,-23.912649],[-46.252664,-23.912385],[-46.252836,-23.912305],[-46.25299,-23.912213],[-46.253119,-23.912081],[-46.253137,-23.91189],[-46.253133,-23.911769],[-46.252972,-23.911659],[-46.252748,-23.911622],[-46.252488,-23.911367],[-46.252319,-23.911063],[-46.252352,-23.910582],[-46.252634,-23.910384],[-46.253185,-23.910325],[-46.253625,-23.910203],[-46.253918,-23.910118],[-46.254047,-23.91003],[-46.254263,-23.909667],[-46.254351,-23.909381],[-46.254318,-23.908629],[-46.254271,-23.908398],[-46.253984,-23.907842],[-46.25401,-23.907358],[-46.253001,-23.90523],[-46.252458,-23.904555],[-46.251923,-23.903961],[-46.251548,-23.903594],[-46.251218,-23.90344],[-46.249663,-23.903425],[-46.249656,-23.903308],[-46.249487,-23.903168],[-46.249325,-23.903234],[-46.249157,-23.903418],[-46.247469,-23.903403],[-46.24711,-23.90352],[-46.246838,-23.903697],[-46.246611,-23.903983],[-46.246495,-23.904151],[-46.246431,-23.904318],[-46.24638,-23.904582],[-46.246339,-23.904803],[-46.246203,-23.90496],[-46.246024,-23.90496],[-46.245866,-23.904762],[-46.245668,-23.904645],[-46.245502,-23.904573],[-46.245448,-23.904559],[-46.245308,-23.904544],[-46.245206,-23.904551],[-46.244964,-23.904584],[-46.244479,-23.905059],[-46.244864,-23.905371],[-46.244934,-23.905536],[-46.244934,-23.90585],[-46.244945,-23.905967],[-46.2446,-23.906305],[-46.244483,-23.906334],[-46.244204,-23.906327],[-46.24376,-23.90611],[-46.243709,-23.906224],[-46.243727,-23.906569],[-46.243511,-23.906928],[-46.243754,-23.907414],[-46.243837,-23.90757],[-46.244044,-23.907568],[-46.244344,-23.907541],[-46.244608,-23.90738],[-46.244842,-23.907306],[-46.245143,-23.907204],[-46.245657,-23.907204],[-46.246104,-23.907446],[-46.246369,-23.907908],[-46.246501,-23.909023],[-46.245679,-23.909097],[-46.245268,-23.908825],[-46.245011,-23.908722],[-46.244586,-23.908766],[-46.244248,-23.908818],[-46.242672,-23.908786],[-46.242277,-23.908905],[-46.24193,-23.909012],[-46.241644,-23.909122],[-46.241225,-23.909342],[-46.240323,-23.909863],[-46.240066,-23.909973],[-46.23945,-23.909968],[-46.238753,-23.910017],[-46.238445,-23.909783],[-46.238004,-23.909166],[-46.237315,-23.908711],[-46.236625,-23.908132],[-46.235979,-23.906884],[-46.236111,-23.906107],[-46.236317,-23.905887],[-46.236493,-23.905446],[-46.236698,-23.905094],[-46.23686,-23.904771],[-46.237461,-23.904243],[-46.237784,-23.903744],[-46.23821,-23.902746],[-46.247259,-23.902629],[-46.247755,-23.902644],[-46.247946,-23.902277],[-46.248027,-23.902049],[-46.247939,-23.901587],[-46.247895,-23.901235],[-46.247869,-23.90111],[-46.247836,-23.900699],[-46.248008,-23.900131],[-46.248019,-23.900109],[-46.248212,-23.900189],[-46.248548,-23.900308],[-46.2488,-23.900389],[-46.249035,-23.900438],[-46.249462,-23.900466],[-46.249938,-23.900466],[-46.250319,-23.900438],[-46.250617,-23.900399],[-46.250894,-23.900358],[-46.253,-23.899824],[-46.254954,-23.899279],[-46.256119,-23.898934],[-46.257311,-23.89865],[-46.258022,-23.898464],[-46.258339,-23.898382],[-46.258566,-23.898325],[-46.2588,-23.898216],[-46.258954,-23.89816],[-46.259262,-23.897996],[-46.259648,-23.897772],[-46.259823,-23.897663],[-46.260047,-23.897453],[-46.260344,-23.897166],[-46.260523,-23.896946],[-46.260754,-23.896592],[-46.260922,-23.896305],[-46.261209,-23.89578],[-46.261419,-23.895388],[-46.261525,-23.89517],[-46.26177,-23.894824],[-46.261966,-23.894588],[-46.262247,-23.894373],[-46.262592,-23.89418],[-46.26296,-23.894036],[-46.26507,-23.89341],[-46.267243,-23.892708],[-46.268784,-23.892243],[-46.269767,-23.891992],[-46.271086,-23.891725],[-46.271641,-23.891613],[-46.271933,-23.891615],[-46.272076,-23.891614],[-46.272341,-23.891642],[-46.272488,-23.891674],[-46.272627,-23.891733],[-46.272733,-23.891773],[-46.27297,-23.891883],[-46.273075,-23.891971],[-46.273182,-23.892044],[-46.273289,-23.892128],[-46.273399,-23.892221],[-46.273506,-23.89231],[-46.273622,-23.892422],[-46.273741,-23.89254],[-46.273874,-23.892674],[-46.274017,-23.892807],[-46.274155,-23.892951],[-46.274728,-23.893541],[-46.274758,-23.893537],[-46.274795,-23.893532],[-46.274826,-23.893529],[-46.274856,-23.893525],[-46.276644,-23.8933],[-46.278805,-23.8932],[-46.279021,-23.893484],[-46.279206,-23.893883],[-46.279567,-23.89415],[-46.279791,-23.894471],[-46.279828,-23.894732],[-46.279129,-23.895207],[-46.279062,-23.89542],[-46.279084,-23.895545],[-46.279312,-23.895677],[-46.279598,-23.895743],[-46.2797,-23.895905],[-46.279965,-23.896132],[-46.280214,-23.896271],[-46.280385,-23.896325],[-46.28039,-23.896752],[-46.280581,-23.89709],[-46.280816,-23.897434],[-46.281006,-23.897699],[-46.281214,-23.897917],[-46.281094,-23.898029],[-46.281065,-23.898241],[-46.281197,-23.898476],[-46.281329,-23.898667],[-46.281415,-23.898857],[-46.28135,-23.899531],[-46.28185,-23.900264],[-46.281571,-23.900379],[-46.281195,-23.900432],[-46.28104,-23.90054],[-46.281008,-23.900729],[-46.281216,-23.901113],[-46.281476,-23.901099],[-46.281542,-23.901011],[-46.281623,-23.901063],[-46.281689,-23.901239],[-46.281968,-23.901459],[-46.282174,-23.901646]]]}},{"type":"Feature","properties":{"ibge_id":3548500,"municipality_name":"Santos"},"geometry":{"type":"Polygon","coordinates":[[[-46.254879,-23.889829],[-46.254506,-23.890973],[-46.252798,-23.891521],[-46.252395,-23.891532],[-46.25195,-23.891635],[-46.251764,-23.891739],[-46.251319,-23.892298],[-46.250987,-23.892453],[-46.250304,-23.892991],[-46.250159,-23.893322],[-46.249973,-23.893436],[-46.249404,-23.893736],[-46.247769,-23.893656],[-46.247396,-23.893884],[-46.246972,-23.893884],[-46.246548,-23.894235],[-46.246196,-23.894308],[-46.245854,-23.894422],[-46.24572,-23.894577],[-46.245482,-23.894732],[-46.245451,-23.895167],[-46.245471,-23.895405],[-46.245123,-23.895534],[-46.2451,-23.895544],[-46.245077,-23.895553],[-46.245075,-23.895553],[-46.245052,-23.895562],[-46.244945,-23.895267],[-46.24469,-23.894606],[-46.244467,-23.894125],[-46.244204,-23.893598],[-46.244183,-23.893611],[-46.243619,-23.893749],[-46.243557,-23.894028],[-46.243298,-23.894153],[-46.243019,-23.894349],[-46.24276,-23.894618],[-46.233042,-23.894546],[-46.232535,-23.894745],[-46.231831,-23.895169],[-46.230838,-23.894166],[-46.230548,-23.893907],[-46.230124,-23.893845],[-46.229885,-23.893979],[-46.229575,-23.893969],[-46.229233,-23.893783],[-46.229171,-23.89458],[-46.229109,-23.895356],[-46.229099,-23.895852],[-46.229316,-23.896132],[-46.229337,-23.896442],[-46.229281,-23.896731],[-46.22923,-23.8969],[-46.229047,-23.897142],[-46.228732,-23.897501],[-46.228512,-23.897677],[-46.228241,-23.89786],[-46.228043,-23.897904],[-46.227838,-23.897933],[-46.227662,-23.89808],[-46.227552,-23.898212],[-46.227376,-23.898205],[-46.227171,-23.898146],[-46.22698,-23.897926],[-46.22687,-23.897743],[-46.226738,-23.897523],[-46.226723,-23.89734],[-46.226767,-23.897047],[-46.226826,-23.896819],[-46.226914,-23.896636],[-46.226936,-23.896519],[-46.226833,-23.896446],[-46.226687,-23.896358],[-46.226518,-23.896262],[-46.226298,-23.896145],[-46.226064,-23.896065],[-46.225881,-23.896006],[-46.225675,-23.895962],[-46.22539,-23.895881],[-46.22528,-23.895815],[-46.225118,-23.895713],[-46.224877,-23.89561],[-46.224708,-23.895595],[-46.224649,-23.895753],[-46.224543,-23.895791],[-46.224518,-23.895934],[-46.22378,-23.895911],[-46.223624,-23.896009],[-46.223531,-23.896195],[-46.223433,-23.89635],[-46.223324,-23.89649],[-46.223201,-23.896475],[-46.223159,-23.896382],[-46.223128,-23.896211],[-46.22305,-23.896118],[-46.222921,-23.896138],[-46.222745,-23.896237],[-46.222636,-23.896418],[-46.222595,-23.896594],[-46.222703,-23.896713],[-46.222874,-23.896821],[-46.223034,-23.89694],[-46.223091,-23.897018],[-46.223094,-23.897021],[-46.223215,-23.897153],[-46.223245,-23.897324],[-46.223226,-23.897501],[-46.223107,-23.897506],[-46.223041,-23.89742],[-46.222848,-23.897288],[-46.222734,-23.897216],[-46.222615,-23.897268],[-46.222563,-23.897387],[-46.222646,-23.897578],[-46.222755,-23.897801],[-46.222812,-23.897951],[-46.222796,-23.898649],[-46.222946,-23.898965],[-46.223071,-23.899146],[-46.223149,-23.899139],[-46.223158,-23.899139],[-46.223312,-23.899168],[-46.223517,-23.899198],[-46.223671,-23.899234],[-46.223777,-23.899267],[-46.223924,-23.899319],[-46.224026,-23.899374],[-46.224056,-23.899443],[-46.224074,-23.89955],[-46.224111,-23.899703],[-46.22418,-23.89978],[-46.224342,-23.899879],[-46.224418,-23.899997],[-46.224481,-23.900092],[-46.224444,-23.900139],[-46.22425,-23.900352],[-46.224054,-23.900528],[-46.223656,-23.90073],[-46.22334,-23.900714],[-46.222957,-23.900714],[-46.222833,-23.900817],[-46.222667,-23.901428],[-46.222864,-23.90178],[-46.222864,-23.902121],[-46.222098,-23.902691],[-46.222087,-23.902815],[-46.221969,-23.902819],[-46.221509,-23.902829],[-46.221494,-23.902463],[-46.221538,-23.90217],[-46.221348,-23.901877],[-46.221333,-23.901774],[-46.221465,-23.90151],[-46.221523,-23.900836],[-46.221919,-23.900484],[-46.221875,-23.900191],[-46.222022,-23.899604],[-46.221934,-23.898872],[-46.221875,-23.898285],[-46.221494,-23.897684],[-46.220571,-23.897288],[-46.220629,-23.897171],[-46.220805,-23.897069],[-46.220893,-23.896849],[-46.220996,-23.896614],[-46.22082,-23.896453],[-46.220673,-23.89635],[-46.220761,-23.896218],[-46.220981,-23.896013],[-46.221054,-23.895749],[-46.221186,-23.895427],[-46.22126,-23.895456],[-46.22145,-23.89531],[-46.221604,-23.895132],[-46.221641,-23.89509],[-46.221699,-23.894885],[-46.221624,-23.894521],[-46.221482,-23.894327],[-46.221479,-23.894324],[-46.221392,-23.894313],[-46.220761,-23.893712],[-46.2206,-23.893257],[-46.220497,-23.8927],[-46.220292,-23.892085],[-46.220263,-23.891586],[-46.220418,-23.891337],[-46.220168,-23.891034],[-46.220308,-23.890582],[-46.220255,-23.890535],[-46.220232,-23.890525],[-46.22021,-23.890514],[-46.220183,-23.890491],[-46.220162,-23.890476],[-46.22014,-23.890465],[-46.220097,-23.890446],[-46.220014,-23.890516],[-46.21994,-23.890546],[-46.219633,-23.890502],[-46.219633,-23.890355],[-46.21975,-23.890077],[-46.219721,-23.889842],[-46.219879,-23.889654],[-46.220012,-23.889493],[-46.220059,-23.889276],[-46.219987,-23.889084],[-46.219857,-23.888913],[-46.219848,-23.888907],[-46.219875,-23.888758],[-46.219883,-23.888758],[-46.21995,-23.888701],[-46.219956,-23.888618],[-46.219926,-23.888481],[-46.220008,-23.888404],[-46.220023,-23.888406],[-46.220157,-23.888427],[-46.220328,-23.888318],[-46.22052,-23.888194],[-46.221042,-23.888567],[-46.221259,-23.88866],[-46.221389,-23.888608],[-46.221648,-23.888417],[-46.221844,-23.888246],[-46.221917,-23.888463],[-46.221979,-23.888696],[-46.22216,-23.888877],[-46.22245,-23.889032],[-46.222745,-23.889074],[-46.223076,-23.889084],[-46.22321,-23.888999],[-46.223247,-23.888774],[-46.2235,-23.888587],[-46.223759,-23.888479],[-46.223976,-23.888448],[-46.224245,-23.888649],[-46.224807,-23.888109],[-46.225027,-23.887944],[-46.225027,-23.886676],[-46.224763,-23.885914],[-46.224675,-23.885767],[-46.224619,-23.884817],[-46.224382,-23.884345],[-46.224704,-23.884169],[-46.224843,-23.884181],[-46.225125,-23.884229],[-46.225415,-23.884188],[-46.225466,-23.88395],[-46.225694,-23.883913],[-46.225886,-23.883805],[-46.225974,-23.883556],[-46.226149,-23.883536],[-46.226362,-23.883681],[-46.226569,-23.883908],[-46.226724,-23.883981],[-46.226827,-23.883929],[-46.226993,-23.883655],[-46.227179,-23.883603],[-46.227381,-23.883634],[-46.227629,-23.883665],[-46.227976,-23.883479],[-46.228147,-23.883298],[-46.228276,-23.883008],[-46.228312,-23.882744],[-46.228426,-23.882563],[-46.228902,-23.881648],[-46.228939,-23.881001],[-46.228902,-23.880412],[-46.229011,-23.880013],[-46.228913,-23.879527],[-46.229316,-23.879296],[-46.229461,-23.879136],[-46.229518,-23.878805],[-46.22943,-23.878665],[-46.229342,-23.87836],[-46.229715,-23.878375],[-46.230206,-23.878603],[-46.230424,-23.878588],[-46.230522,-23.878412],[-46.230532,-23.87822],[-46.230439,-23.878075],[-46.230382,-23.877848],[-46.23046,-23.877718],[-46.230667,-23.877925],[-46.230874,-23.877967],[-46.231169,-23.877848],[-46.231221,-23.877568],[-46.231205,-23.877392],[-46.231091,-23.877265],[-46.230905,-23.877121],[-46.230822,-23.876986],[-46.230843,-23.876831],[-46.231127,-23.876795],[-46.231288,-23.876665],[-46.23134,-23.876422],[-46.231231,-23.876231],[-46.231174,-23.87607],[-46.231205,-23.875858],[-46.2315,-23.876246],[-46.232204,-23.87697],[-46.233192,-23.877469],[-46.233435,-23.877784],[-46.233528,-23.877996],[-46.233746,-23.878271],[-46.23388,-23.878395],[-46.234222,-23.878514],[-46.234449,-23.878571],[-46.234765,-23.878643],[-46.234915,-23.879012],[-46.235143,-23.879436],[-46.235324,-23.879928],[-46.235391,-23.880249],[-46.235348,-23.880768],[-46.235363,-23.880947],[-46.234775,-23.881582],[-46.234672,-23.882081],[-46.234584,-23.882608],[-46.234599,-23.882887],[-46.234892,-23.883414],[-46.235097,-23.883649],[-46.235229,-23.884015],[-46.235419,-23.884103],[-46.235874,-23.884323],[-46.236299,-23.884763],[-46.236416,-23.885129],[-46.236182,-23.885642],[-46.236299,-23.885862],[-46.236578,-23.886287],[-46.236578,-23.886449],[-46.236519,-23.886537],[-46.236226,-23.886932],[-46.236152,-23.88702],[-46.236211,-23.887196],[-46.236416,-23.887475],[-46.236196,-23.887753],[-46.236138,-23.888017],[-46.240247,-23.889645],[-46.243412,-23.890877],[-46.244581,-23.889408],[-46.244695,-23.889087],[-46.244612,-23.888787],[-46.244581,-23.888569],[-46.24483,-23.888166],[-46.245088,-23.888031],[-46.245533,-23.887969],[-46.245761,-23.887907],[-46.24603,-23.887607],[-46.246258,-23.887245],[-46.246423,-23.886924],[-46.247055,-23.886383],[-46.247274,-23.886238],[-46.247603,-23.886179],[-46.247883,-23.885796],[-46.248493,-23.884],[-46.24869,-23.883772],[-46.248648,-23.882551],[-46.249497,-23.882769],[-46.25046,-23.882748],[-46.251443,-23.883369],[-46.251443,-23.884758],[-46.252064,-23.885555],[-46.253999,-23.886735],[-46.25403,-23.887345],[-46.253782,-23.887977],[-46.253844,-23.888898],[-46.254879,-23.889829]]]}},{"type":"Feature","properties":{"ibge_id":3548500,"municipality_name":"Santos"},"geometry":{"type":"Polygon","coordinates":[[[-46.214873,-23.896566],[-46.214842,-23.896842],[-46.214772,-23.897185],[-46.214461,-23.897599],[-46.214298,-23.897867],[-46.214041,-23.898119],[-46.213939,-23.898624],[-46.213807,-23.899078],[-46.214025,-23.899483],[-46.214154,-23.899916],[-46.214327,-23.900561],[-46.214118,-23.901533],[-46.213519,-23.901756],[-46.213522,-23.901938],[-46.213312,-23.902166],[-46.213126,-23.902305],[-46.212687,-23.902504],[-46.212161,-23.902859],[-46.211584,-23.902865],[-46.211547,-23.902368],[-46.211595,-23.902095],[-46.21169,-23.901595],[-46.211679,-23.901273],[-46.211857,-23.900928],[-46.212095,-23.900678],[-46.211667,-23.900237],[-46.211559,-23.899952],[-46.211571,-23.899761],[-46.210861,-23.899526],[-46.210706,-23.899266],[-46.210401,-23.898663],[-46.210132,-23.898608],[-46.209679,-23.898438],[-46.209299,-23.898238],[-46.209097,-23.897439],[-46.20888,-23.897244],[-46.208385,-23.896953],[-46.208218,-23.896623],[-46.208003,-23.896457],[-46.206443,-23.896427],[-46.206123,-23.896311],[-46.206402,-23.896103],[-46.20692,-23.895954],[-46.207006,-23.895319],[-46.207457,-23.89429],[-46.207409,-23.894038],[-46.207168,-23.893934],[-46.206998,-23.893701],[-46.206842,-23.893352],[-46.206825,-23.893043],[-46.207019,-23.892873],[-46.207786,-23.892227],[-46.207827,-23.891946],[-46.207704,-23.891806],[-46.207426,-23.891744],[-46.207571,-23.891457],[-46.20745,-23.891155],[-46.207288,-23.890924],[-46.207104,-23.890878],[-46.206721,-23.890932],[-46.20666,-23.891307],[-46.206503,-23.891366],[-46.206222,-23.891487],[-46.20586,-23.891665],[-46.205529,-23.891724],[-46.205033,-23.891894],[-46.204735,-23.89192],[-46.204425,-23.892185],[-46.20424,-23.892325],[-46.20417,-23.892517],[-46.203899,-23.892695],[-46.203708,-23.892864],[-46.203664,-23.893057],[-46.203656,-23.893349],[-46.20378,-23.893671],[-46.204068,-23.893934],[-46.20327,-23.893959],[-46.202853,-23.893454],[-46.202661,-23.893319],[-46.202346,-23.892887],[-46.201934,-23.892061],[-46.201764,-23.891633],[-46.201567,-23.89145],[-46.201529,-23.891313],[-46.201721,-23.891092],[-46.202013,-23.891114],[-46.203057,-23.891341],[-46.203237,-23.891233],[-46.203449,-23.891033],[-46.20347,-23.890698],[-46.203246,-23.890375],[-46.203126,-23.890001],[-46.203039,-23.889534],[-46.203077,-23.888883],[-46.203525,-23.888307],[-46.20381,-23.888252],[-46.204468,-23.888024],[-46.205617,-23.886369],[-46.205567,-23.886327],[-46.205547,-23.886311],[-46.205528,-23.886294],[-46.205494,-23.886262],[-46.205476,-23.886245],[-46.205457,-23.886228],[-46.205339,-23.886122],[-46.205047,-23.886244],[-46.205235,-23.885092],[-46.205797,-23.884427],[-46.206151,-23.883836],[-46.206158,-23.883399],[-46.206335,-23.883376],[-46.206572,-23.8834],[-46.206807,-23.883466],[-46.207078,-23.883546],[-46.207364,-23.883576],[-46.207605,-23.883656],[-46.207818,-23.883781],[-46.208126,-23.883825],[-46.208544,-23.883913],[-46.208771,-23.883905],[-46.208998,-23.883796],[-46.209086,-23.883634],[-46.209115,-23.883422],[-46.209101,-23.883224],[-46.209159,-23.882953],[-46.209284,-23.882813],[-46.209408,-23.882931],[-46.209504,-23.883041],[-46.209511,-23.883055],[-46.209555,-23.883136],[-46.209643,-23.883187],[-46.209848,-23.883173],[-46.209987,-23.883192],[-46.209936,-23.883473],[-46.210039,-23.883649],[-46.210259,-23.883744],[-46.210464,-23.883693],[-46.210706,-23.883642],[-46.210821,-23.883594],[-46.210903,-23.883635],[-46.210882,-23.883825],[-46.21075,-23.88403],[-46.210669,-23.884287],[-46.210603,-23.884441],[-46.210676,-23.884622],[-46.210669,-23.884745],[-46.210735,-23.884921],[-46.210823,-23.88514],[-46.210911,-23.88528],[-46.210911,-23.8855],[-46.210962,-23.885697],[-46.210962,-23.886005],[-46.210999,-23.886225],[-46.211065,-23.886452],[-46.211189,-23.88665],[-46.21127,-23.886775],[-46.211431,-23.887053],[-46.211655,-23.887333],[-46.21146,-23.887447],[-46.211329,-23.887493],[-46.211243,-23.887631],[-46.211225,-23.887808],[-46.211194,-23.888003],[-46.211206,-23.888101],[-46.21126,-23.888192],[-46.211466,-23.888331],[-46.211658,-23.888468],[-46.211758,-23.888558],[-46.211988,-23.888585],[-46.212303,-23.888622],[-46.212751,-23.888688],[-46.213029,-23.888776],[-46.212926,-23.888937],[-46.212985,-23.889091],[-46.213088,-23.889333],[-46.213183,-23.889494],[-46.213344,-23.889758],[-46.213059,-23.889772],[-46.212812,-23.890024],[-46.212823,-23.890288],[-46.21293,-23.890591],[-46.212664,-23.890776],[-46.212161,-23.890786],[-46.212034,-23.890877],[-46.212003,-23.891199],[-46.211912,-23.891459],[-46.211458,-23.89189],[-46.211288,-23.892121],[-46.211263,-23.892145],[-46.211239,-23.892168],[-46.211216,-23.892189],[-46.211191,-23.892214],[-46.211215,-23.892884],[-46.211271,-23.893822],[-46.211558,-23.894392],[-46.212253,-23.895139],[-46.212843,-23.895459],[-46.21377,-23.895711],[-46.214436,-23.895717],[-46.214436,-23.895742],[-46.214659,-23.896032],[-46.214822,-23.89637],[-46.214873,-23.896566]]]}},{"type":"Feature","properties":{"ibge_id":3548500,"municipality_name":"Santos"},"geometry":{"type":"Polygon","coordinates":[[[-46.202189,-23.875035],[-46.20207,-23.875456],[-46.202013,-23.875653],[-46.20199,-23.875793],[-46.201983,-23.8759],[-46.201891,-23.87597],[-46.201777,-23.876102],[-46.201674,-23.876238],[-46.201698,-23.876363],[-46.201682,-23.876473],[-46.201572,-23.876535],[-46.2013,-23.876597],[-46.201102,-23.876638],[-46.200849,-23.876586],[-46.200668,-23.876564],[-46.200616,-23.876619],[-46.200564,-23.876687],[-46.200473,-23.876771],[-46.200425,-23.876846],[-46.200318,-23.876956],[-46.200243,-23.87705],[-46.200201,-23.877115],[-46.200214,-23.877208],[-46.200146,-23.877299],[-46.200126,-23.877445],[-46.200084,-23.877617],[-46.200042,-23.877717],[-46.200049,-23.877801],[-46.200049,-23.878019],[-46.199994,-23.878318],[-46.20006,-23.878538],[-46.200198,-23.878783],[-46.200288,-23.879081],[-46.199971,-23.879062],[-46.19989,-23.87923],[-46.199838,-23.879318],[-46.199809,-23.879473],[-46.199764,-23.879551],[-46.19979,-23.879652],[-46.199822,-23.879758],[-46.199845,-23.879891],[-46.19988,-23.879963],[-46.20001,-23.880128],[-46.20013,-23.880241],[-46.200204,-23.880335],[-46.199914,-23.880794],[-46.199826,-23.881106],[-46.199966,-23.881336],[-46.199998,-23.881444],[-46.20013,-23.881682],[-46.199807,-23.881697],[-46.199657,-23.881638],[-46.199473,-23.881642],[-46.199242,-23.881741],[-46.199051,-23.881803],[-46.19883,-23.881801],[-46.198725,-23.881748],[-46.198505,-23.881807],[-46.198343,-23.881931],[-46.198255,-23.882207],[-46.198263,-23.882599],[-46.198413,-23.882772],[-46.198604,-23.8829],[-46.198875,-23.883058],[-46.199051,-23.883095],[-46.199089,-23.88318],[-46.199124,-23.88322],[-46.199161,-23.883236],[-46.199187,-23.88327],[-46.199226,-23.883312],[-46.199202,-23.88337],[-46.199297,-23.883513],[-46.199525,-23.883755],[-46.199796,-23.883876],[-46.200262,-23.883865],[-46.200269,-23.884129],[-46.200324,-23.884437],[-46.200567,-23.88473],[-46.200539,-23.884857],[-46.200538,-23.884887],[-46.200536,-23.884916],[-46.200531,-23.884957],[-46.200528,-23.884985],[-46.200527,-23.885015],[-46.200587,-23.885119],[-46.200684,-23.885222],[-46.201191,-23.885788],[-46.201154,-23.885918],[-46.201146,-23.885947],[-46.201137,-23.886117],[-46.201189,-23.88624],[-46.201146,-23.886512],[-46.201084,-23.886768],[-46.201106,-23.886941],[-46.201133,-23.887006],[-46.201168,-23.887124],[-46.201267,-23.887289],[-46.200933,-23.887392],[-46.200702,-23.887227],[-46.200357,-23.887165],[-46.200064,-23.887194],[-46.199976,-23.886889],[-46.199371,-23.886761],[-46.199143,-23.886816],[-46.198853,-23.886996],[-46.198564,-23.886644],[-46.19812,-23.886335],[-46.197837,-23.886192],[-46.197602,-23.886181],[-46.196458,-23.886163],[-46.196297,-23.88611],[-46.19619,-23.886071],[-46.195889,-23.886027],[-46.195478,-23.886057],[-46.195299,-23.886211],[-46.195255,-23.886622],[-46.195321,-23.886702],[-46.195564,-23.886926],[-46.195616,-23.887056],[-46.195349,-23.887134],[-46.195156,-23.88716],[-46.194959,-23.887161],[-46.194688,-23.887238],[-46.194374,-23.887414],[-46.194238,-23.887527],[-46.194238,-23.887544],[-46.194137,-23.88792],[-46.193983,-23.888195],[-46.19381,-23.888339],[-46.193638,-23.888393],[-46.192133,-23.887956],[-46.191876,-23.888982],[-46.19335,-23.889615],[-46.193459,-23.889789],[-46.193475,-23.890002],[-46.193399,-23.890193],[-46.19326,-23.890294],[-46.193082,-23.890328],[-46.192886,-23.89033],[-46.192786,-23.890303],[-46.191663,-23.889538],[-46.189857,-23.889069],[-46.189431,-23.891559],[-46.188895,-23.891256],[-46.187836,-23.890717],[-46.187017,-23.8903],[-46.184395,-23.888989],[-46.183935,-23.888634],[-46.183509,-23.888705],[-46.182375,-23.888316],[-46.180994,-23.887713],[-46.179576,-23.887323],[-46.178797,-23.887288],[-46.178159,-23.887217],[-46.177794,-23.887233],[-46.177726,-23.887107],[-46.177623,-23.886938],[-46.177491,-23.886748],[-46.177427,-23.88664],[-46.177392,-23.886515],[-46.177392,-23.886459],[-46.177452,-23.886357],[-46.177475,-23.886337],[-46.177538,-23.886316],[-46.177657,-23.88632],[-46.177788,-23.88633],[-46.177894,-23.886341],[-46.178078,-23.886335],[-46.178227,-23.886328],[-46.178393,-23.886321],[-46.178612,-23.886308],[-46.178779,-23.886256],[-46.178913,-23.886198],[-46.179047,-23.886118],[-46.179147,-23.886055],[-46.179231,-23.885945],[-46.179257,-23.885828],[-46.17926,-23.885783],[-46.179261,-23.885711],[-46.179247,-23.885642],[-46.179209,-23.885568],[-46.179173,-23.885533],[-46.179128,-23.885513],[-46.179012,-23.885525],[-46.178831,-23.885579],[-46.178607,-23.885652],[-46.178396,-23.885606],[-46.178343,-23.885542],[-46.178227,-23.885405],[-46.178102,-23.885234],[-46.178074,-23.885129],[-46.178161,-23.884925],[-46.178345,-23.884753],[-46.178693,-23.884589],[-46.179017,-23.884385],[-46.179129,-23.884307],[-46.179119,-23.884235],[-46.179047,-23.884145],[-46.178932,-23.88404],[-46.178781,-23.883936],[-46.178655,-23.883822],[-46.178299,-23.883646],[-46.178139,-23.883525],[-46.178077,-23.883437],[-46.178032,-23.883331],[-46.178058,-23.883241],[-46.178101,-23.883199],[-46.178162,-23.883199],[-46.178234,-23.883248],[-46.178288,-23.883321],[-46.178377,-23.883418],[-46.178492,-23.883458],[-46.17859,-23.88344],[-46.178633,-23.883367],[-46.178641,-23.883286],[-46.178649,-23.883171],[-46.178439,-23.882464],[-46.17843,-23.882416],[-46.178483,-23.882334],[-46.178562,-23.882301],[-46.178632,-23.882309],[-46.178722,-23.882357],[-46.178776,-23.88243],[-46.178865,-23.882552],[-46.178945,-23.882616],[-46.179034,-23.882616],[-46.179139,-23.882582],[-46.179237,-23.882533],[-46.179369,-23.88249],[-46.179519,-23.882408],[-46.179631,-23.882359],[-46.179633,-23.882358],[-46.17981,-23.882332],[-46.179951,-23.882371],[-46.180192,-23.882468],[-46.180326,-23.882532],[-46.180555,-23.882547],[-46.180687,-23.882522],[-46.18074,-23.882479],[-46.180811,-23.882431],[-46.180917,-23.882397],[-46.181006,-23.88238],[-46.18113,-23.882387],[-46.181253,-23.882411],[-46.181439,-23.882352],[-46.181651,-23.882228],[-46.181773,-23.882106],[-46.181826,-23.88205],[-46.181892,-23.881978],[-46.182235,-23.881843],[-46.182389,-23.881831],[-46.182956,-23.881933],[-46.182971,-23.881935],[-46.184497,-23.882074],[-46.18471,-23.882044],[-46.184911,-23.882081],[-46.184916,-23.882081],[-46.185735,-23.882101],[-46.186925,-23.881963],[-46.187668,-23.881927],[-46.188735,-23.881687],[-46.189297,-23.881654],[-46.189527,-23.881733],[-46.189701,-23.881833],[-46.190025,-23.882167],[-46.190251,-23.88225],[-46.190684,-23.882258],[-46.191426,-23.882494],[-46.191575,-23.882515],[-46.191683,-23.882489],[-46.191731,-23.88243],[-46.191747,-23.88234],[-46.191722,-23.882255],[-46.191644,-23.882116],[-46.19149,-23.881946],[-46.191352,-23.881823],[-46.191352,-23.88169],[-46.191427,-23.88157],[-46.191658,-23.881477],[-46.192012,-23.881413],[-46.19229,-23.881318],[-46.192495,-23.881128],[-46.192733,-23.880907],[-46.19304,-23.880727],[-46.193561,-23.880575],[-46.194085,-23.880315],[-46.194436,-23.880232],[-46.194611,-23.88023],[-46.194927,-23.880337],[-46.195345,-23.880588],[-46.195751,-23.880885],[-46.195987,-23.881009],[-46.19607,-23.881009],[-46.196127,-23.880988],[-46.196164,-23.880897],[-46.19618,-23.880858],[-46.196235,-23.880834],[-46.19632,-23.880844],[-46.196419,-23.880873],[-46.196487,-23.880914],[-46.196724,-23.880931],[-46.196828,-23.880928],[-46.196851,-23.88095],[-46.19685,-23.880984],[-46.196824,-23.881033],[-46.196841,-23.881103],[-46.196914,-23.881157],[-46.197196,-23.881166],[-46.197312,-23.881119],[-46.197377,-23.881026],[-46.197453,-23.880847],[-46.197483,-23.880809],[-46.197531,-23.880786],[-46.197719,-23.880775],[-46.197777,-23.880758],[-46.197982,-23.880564],[-46.198027,-23.880524],[-46.198094,-23.880495],[-46.198264,-23.880464],[-46.198313,-23.880449],[-46.198344,-23.88042],[-46.198414,-23.880319],[-46.198506,-23.880134],[-46.198925,-23.880289],[-46.199134,-23.880325],[-46.199411,-23.880287],[-46.199506,-23.880207],[-46.19953,-23.880086],[-46.199382,-23.879152],[-46.199499,-23.878447],[-46.199854,-23.877159],[-46.200294,-23.876433],[-46.200449,-23.876305],[-46.200825,-23.876164],[-46.201086,-23.87616],[-46.201348,-23.876074],[-46.201672,-23.87577],[-46.201932,-23.875365],[-46.202189,-23.875035]]]}},{"type":"Feature","properties":{"ibge_id":3551009,"municipality_name":"São Vicente"},"geometry":{"type":"Polygon","coordinates":[[[-46.510402,-23.984639],[-46.510245,-23.984995],[-46.509106,-23.985657],[-46.508991,-23.98589],[-46.50898,-23.986098],[-46.509339,-23.986948],[-46.509303,-23.987359],[-46.509266,-23.98777],[-46.508953,-23.988153],[-46.508317,-23.988685],[-46.50658,-23.98934],[-46.506144,-23.989797],[-46.506096,-23.989952],[-46.506094,-23.98996],[-46.506043,-23.990124],[-46.504057,-23.991398],[-46.498487,-23.994969],[-46.497917,-23.995334],[-46.497259,-23.995756],[-46.496515,-23.996233],[-46.49643,-23.996287],[-46.49637,-23.996322],[-46.496321,-23.996351],[-46.496092,-23.996486],[-46.49608,-23.996493],[-46.495461,-23.996669],[-46.49541,-23.996779],[-46.495241,-23.997145],[-46.495062,-23.997529],[-46.495027,-23.997605],[-46.495115,-23.99801],[-46.495202,-23.998415],[-46.495008,-23.998834],[-46.495013,-23.999165],[-46.495423,-23.999528],[-46.49614,-23.99949],[-46.496356,-23.999587],[-46.496279,-23.999833],[-46.495059,-24.000482],[-46.494959,-24.000923],[-46.495066,-24.001216],[-46.496115,-24.001769],[-46.496223,-24.001915],[-46.496012,-24.002138],[-46.495362,-24.002444],[-46.495058,-24.002588],[-46.493809,-24.002747],[-46.493095,-24.00318],[-46.492825,-24.003344],[-46.492218,-24.003595],[-46.491948,-24.003329],[-46.491969,-24.002741],[-46.491641,-24.002081],[-46.491399,-24.001768],[-46.490187,-24.000774],[-46.489756,-24.00063],[-46.48941,-24.000708],[-46.489415,-24.000928],[-46.489934,-24.001977],[-46.489886,-24.002223],[-46.489459,-24.002323],[-46.488831,-24.002012],[-46.48821,-24.001282],[-46.487024,-24.000392],[-46.486892,-24.000293],[-46.486672,-23.999877],[-46.486215,-23.999514],[-46.485764,-23.999519],[-46.485245,-24.00065],[-46.485439,-24.001308],[-46.485707,-24.001724],[-46.485711,-24.00192],[-46.485475,-24.002142],[-46.48497,-24.00227],[-46.484038,-24.002206],[-46.483772,-24.002306],[-46.483719,-24.00238],[-46.483666,-24.002454],[-46.4837,-24.003213],[-46.483947,-24.003898],[-46.484113,-24.004164],[-46.484433,-24.00443],[-46.484547,-24.004696],[-46.484445,-24.005337],[-46.483632,-24.006447],[-46.483312,-24.006548],[-46.483047,-24.006576],[-46.482481,-24.006067],[-46.482263,-24.005726],[-46.482231,-24.005114],[-46.482013,-24.004675],[-46.481796,-24.004506],[-46.481162,-24.004732],[-46.47983,-24.00494],[-46.478741,-24.005293],[-46.478693,-24.005294],[-46.478109,-24.005306],[-46.477525,-24.005318],[-46.477187,-24.005325],[-46.477049,-24.005328],[-46.47695,-24.00533],[-46.476703,-24.005335],[-46.476379,-24.005342],[-46.476358,-24.005342],[-46.476301,-24.00533],[-46.476232,-24.005315],[-46.476153,-24.005297],[-46.475607,-24.005178],[-46.47384,-24.002693],[-46.473496,-24.002209],[-46.472693,-24.001972],[-46.471657,-24.002177],[-46.470277,-24.002633],[-46.469811,-24.002637],[-46.469345,-24.002641],[-46.468903,-24.002523],[-46.468462,-24.002405],[-46.468134,-24.001844],[-46.468131,-24.001478],[-46.469596,-23.998782],[-46.469916,-23.998046],[-46.470398,-23.996938],[-46.470681,-23.996028],[-46.470566,-23.995465],[-46.470297,-23.995173],[-46.47007,-23.995114],[-46.469975,-23.99509],[-46.469896,-23.995069],[-46.469844,-23.995056],[-46.469569,-23.995059],[-46.46947,-23.99506],[-46.468686,-23.99563],[-46.467796,-23.996938],[-46.466184,-23.998276],[-46.465151,-23.998824],[-46.464752,-23.998853],[-46.464352,-23.998881],[-46.463709,-23.998544],[-46.463404,-23.998107],[-46.463302,-23.997961],[-46.463296,-23.997421],[-46.463608,-23.996659],[-46.464499,-23.995326],[-46.464756,-23.994517],[-46.464615,-23.993882],[-46.46405,-23.993399],[-46.463818,-23.993305],[-46.461312,-23.992288],[-46.461117,-23.992209],[-46.460918,-23.992128],[-46.459152,-23.991508],[-46.457736,-23.991202],[-46.45619,-23.991096],[-46.454963,-23.990758],[-46.454602,-23.990659],[-46.45414,-23.990365],[-46.453315,-23.989838],[-46.45214,-23.988539],[-46.450966,-23.98724],[-46.448708,-23.985522],[-46.448066,-23.984809],[-46.448028,-23.984767],[-46.447899,-23.984624],[-46.447431,-23.983892],[-46.446623,-23.982626],[-46.446031,-23.982018],[-46.445603,-23.9819],[-46.445178,-23.981953],[-46.444464,-23.982278],[-46.4439,-23.982883],[-46.443749,-23.983045],[-46.442484,-23.98411],[-46.441967,-23.984397],[-46.441451,-23.984684],[-46.439802,-23.985041],[-46.437801,-23.984942],[-46.436203,-23.984863],[-46.435847,-23.984846],[-46.434616,-23.984391],[-46.434292,-23.984052],[-46.433969,-23.983712],[-46.43359,-23.983152],[-46.43325,-23.981418],[-46.433622,-23.978914],[-46.433508,-23.978252],[-46.433157,-23.977889],[-46.432298,-23.977529],[-46.431635,-23.977536],[-46.429059,-23.978367],[-46.427897,-23.978453],[-46.427517,-23.978481],[-46.425937,-23.978593],[-46.425552,-23.978461],[-46.424711,-23.978123],[-46.424715,-23.977865],[-46.424719,-23.977608],[-46.424801,-23.976964],[-46.423949,-23.976473],[-46.423246,-23.97616],[-46.42279,-23.975877],[-46.422847,-23.975224],[-46.423004,-23.973831],[-46.423332,-23.972039],[-46.423426,-23.970811],[-46.423765,-23.969658],[-46.423953,-23.967997],[-46.423898,-23.966565],[-46.423642,-23.96545],[-46.423358,-23.964849],[-46.422936,-23.964336],[-46.422737,-23.964111],[-46.422791,-23.964012],[-46.422786,-23.96392],[-46.422476,-23.963834],[-46.421556,-23.963247],[-46.420299,-23.96232],[-46.419781,-23.961922],[-46.419796,-23.961889],[-46.419809,-23.961857],[-46.420386,-23.960311],[-46.423005,-23.954804],[-46.424115,-23.952335],[-46.425331,-23.950781],[-46.426349,-23.949125],[-46.426953,-23.948663],[-46.427657,-23.948166],[-46.428656,-23.948142],[-46.429513,-23.947831],[-46.42976,-23.94719],[-46.429704,-23.946486],[-46.430053,-23.94578],[-46.430534,-23.944626],[-46.430706,-23.943714],[-46.430417,-23.942536],[-46.430413,-23.94202],[-46.430444,-23.941225],[-46.430867,-23.940581],[-46.431408,-23.939885],[-46.432393,-23.938968],[-46.432851,-23.938705],[-46.433428,-23.938374],[-46.433924,-23.937933],[-46.434768,-23.937866],[-46.435875,-23.937778],[-46.436981,-23.937691],[-46.439407,-23.937822],[-46.442349,-23.939257],[-46.445218,-23.941461],[-46.446804,-23.941367],[-46.448137,-23.941124],[-46.450793,-23.939333],[-46.451676,-23.938014],[-46.452765,-23.93639],[-46.454149,-23.932917],[-46.45404,-23.931834],[-46.454004,-23.931479],[-46.453983,-23.931273],[-46.45505,-23.93213],[-46.45518,-23.932235],[-46.456309,-23.932147],[-46.45761,-23.932558],[-46.458997,-23.933121],[-46.460719,-23.933797],[-46.46156,-23.934135],[-46.46282,-23.934623],[-46.463659,-23.934845],[-46.464372,-23.934992],[-46.464831,-23.935171],[-46.464868,-23.935185],[-46.464904,-23.935199],[-46.464935,-23.935212],[-46.464961,-23.935232],[-46.464994,-23.93526],[-46.465029,-23.935289],[-46.465351,-23.93556],[-46.465773,-23.93594],[-46.466201,-23.93682],[-46.467179,-23.938157],[-46.467896,-23.938688],[-46.468949,-23.93937],[-46.470835,-23.93966],[-46.471962,-23.939418],[-46.473045,-23.939023],[-46.473838,-23.9389],[-46.474552,-23.939201],[-46.475393,-23.939577],[-46.476112,-23.940224],[-46.476202,-23.940762],[-46.476123,-23.941185],[-46.47575,-23.941535],[-46.474924,-23.942466],[-46.473766,-23.94363],[-46.472695,-23.945101],[-46.472081,-23.946222],[-46.471963,-23.946915],[-46.472055,-23.947645],[-46.472443,-23.948641],[-46.473166,-23.949749],[-46.474354,-23.95116],[-46.474833,-23.952546],[-46.474917,-23.95279],[-46.475003,-23.953038],[-46.475555,-23.953801],[-46.477329,-23.955245],[-46.479734,-23.957029],[-46.480492,-23.957522],[-46.480709,-23.958173],[-46.48072,-23.959096],[-46.480311,-23.959984],[-46.479732,-23.960566],[-46.479527,-23.960953],[-46.479536,-23.961721],[-46.479584,-23.962221],[-46.479715,-23.962719],[-46.480057,-23.963331],[-46.480354,-23.963751],[-46.481153,-23.964128],[-46.4817,-23.964392],[-46.482835,-23.964804],[-46.484076,-23.965274],[-46.485073,-23.965412],[-46.48596,-23.965477],[-46.487046,-23.965352],[-46.488089,-23.965072],[-46.489302,-23.965061],[-46.48989,-23.965247],[-46.490478,-23.965434],[-46.49141,-23.966424],[-46.492257,-23.967339],[-46.492819,-23.968871],[-46.493927,-23.970629],[-46.495076,-23.972309],[-46.495888,-23.973801],[-46.496536,-23.974627],[-46.497089,-23.975382],[-46.497322,-23.975591],[-46.497661,-23.975953],[-46.498105,-23.976372],[-46.498509,-23.976926],[-46.498976,-23.977517],[-46.499147,-23.977861],[-46.49917,-23.977996],[-46.499192,-23.978116],[-46.49947,-23.978651],[-46.50002,-23.979184],[-46.500423,-23.979661],[-46.500983,-23.980021],[-46.501629,-23.9804],[-46.502047,-23.98076],[-46.50251,-23.980967],[-46.503476,-23.981284],[-46.504569,-23.981773],[-46.505495,-23.982225],[-46.506293,-23.982487],[-46.507259,-23.982804],[-46.508078,-23.983027],[-46.508477,-23.983138],[-46.508856,-23.983365],[-46.509172,-23.983573],[-46.509574,-23.983915],[-46.509649,-23.984026],[-46.509724,-23.984136],[-46.509875,-23.984358],[-46.510402,-23.984639]]]}},{"type":"Feature","properties":{"ibge_id":3551009,"municipality_name":"São Vicente"},"geometry":{"type":"Polygon","coordinates":[[[-46.425199,-23.939891],[-46.425015,-23.940272],[-46.424917,-23.940394],[-46.424954,-23.940701],[-46.424819,-23.941094],[-46.424451,-23.942468],[-46.423862,-23.943731],[-46.423543,-23.944001],[-46.42286,-23.944405],[-46.421987,-23.944972],[-46.421206,-23.945833],[-46.420265,-23.946871],[-46.420213,-23.946966],[-46.42012,-23.947148],[-46.420041,-23.947241],[-46.420029,-23.947345],[-46.420001,-23.947407],[-46.420023,-23.947468],[-46.419979,-23.947606],[-46.419925,-23.947681],[-46.41984,-23.94772],[-46.419747,-23.947719],[-46.419626,-23.947743],[-46.419523,-23.947821],[-46.419413,-23.947889],[-46.419381,-23.94791],[-46.419292,-23.948053],[-46.419141,-23.948204],[-46.419134,-23.948357],[-46.418979,-23.948651],[-46.418919,-23.948879],[-46.418729,-23.949086],[-46.418608,-23.949397],[-46.418562,-23.949598],[-46.418576,-23.949789],[-46.4185,-23.949952],[-46.418482,-23.950145],[-46.418389,-23.950364],[-46.41835,-23.950703],[-46.418237,-23.950984],[-46.41803,-23.952013],[-46.417982,-23.952178],[-46.417889,-23.952613],[-46.417788,-23.952916],[-46.417734,-23.953205],[-46.417523,-23.95376],[-46.417355,-23.954241],[-46.416835,-23.955403],[-46.416561,-23.956107],[-46.416426,-23.956428],[-46.416177,-23.956799],[-46.416023,-23.957082],[-46.415854,-23.957394],[-46.415709,-23.957665],[-46.415596,-23.957922],[-46.415519,-23.958071],[-46.415447,-23.958187],[-46.415372,-23.958322],[-46.415338,-23.95848],[-46.41525,-23.958605],[-46.415092,-23.958937],[-46.415034,-23.959239],[-46.414915,-23.959477],[-46.414857,-23.959789],[-46.4148,-23.960108],[-46.414723,-23.960452],[-46.41462,-23.96076],[-46.414594,-23.960969],[-46.414595,-23.961049],[-46.41458,-23.961124],[-46.414578,-23.961179],[-46.414571,-23.96126],[-46.414598,-23.961315],[-46.414618,-23.961362],[-46.414502,-23.961559],[-46.414401,-23.961691],[-46.414327,-23.961833],[-46.414264,-23.961956],[-46.414213,-23.962176],[-46.414147,-23.96239],[-46.414341,-23.962392],[-46.414278,-23.963676],[-46.414049,-23.963654],[-46.414087,-23.965758],[-46.414229,-23.96576],[-46.414339,-23.967924],[-46.414441,-23.968068],[-46.414507,-23.969508],[-46.414612,-23.969508],[-46.414624,-23.970086],[-46.41451,-23.970086],[-46.414374,-23.970589],[-46.414333,-23.971258],[-46.413876,-23.971274],[-46.413673,-23.971513],[-46.414231,-23.971892],[-46.414041,-23.972496],[-46.41385,-23.972453],[-46.41297,-23.973124],[-46.411938,-23.973785],[-46.412171,-23.97437],[-46.411208,-23.974667],[-46.410998,-23.974193],[-46.410049,-23.974364],[-46.409057,-23.974953],[-46.405956,-23.975442],[-46.405805,-23.975363],[-46.405358,-23.97551],[-46.402339,-23.976355],[-46.402286,-23.976102],[-46.402135,-23.976576],[-46.401958,-23.976719],[-46.401697,-23.976836],[-46.401675,-23.976837],[-46.401636,-23.976837],[-46.401597,-23.976837],[-46.401567,-23.976837],[-46.401539,-23.976851],[-46.401491,-23.976874],[-46.401446,-23.976886],[-46.400239,-23.977195],[-46.399718,-23.977156],[-46.400185,-23.976278],[-46.400057,-23.976234],[-46.399936,-23.976345],[-46.399578,-23.976673],[-46.399538,-23.976848],[-46.399395,-23.977492],[-46.398692,-23.977763],[-46.397129,-23.977857],[-46.39611,-23.977623],[-46.395933,-23.977517],[-46.396635,-23.976728],[-46.39612,-23.976396],[-46.395445,-23.97518],[-46.393806,-23.973357],[-46.393257,-23.972848],[-46.392962,-23.972575],[-46.392792,-23.972485],[-46.392719,-23.97255],[-46.392296,-23.972528],[-46.392113,-23.972567],[-46.391697,-23.972652],[-46.39152,-23.972661],[-46.391406,-23.972625],[-46.391278,-23.972643],[-46.39107,-23.972981],[-46.390965,-23.973139],[-46.390822,-23.973259],[-46.39071,-23.973403],[-46.39057,-23.973596],[-46.390471,-23.973804],[-46.390375,-23.973942],[-46.390179,-23.974113],[-46.390043,-23.974046],[-46.389893,-23.974143],[-46.389722,-23.974258],[-46.389538,-23.974317],[-46.389327,-23.974374],[-46.389038,-23.974563],[-46.388808,-23.974648],[-46.38878,-23.974842],[-46.388742,-23.974845],[-46.388702,-23.974846],[-46.388636,-23.974776],[-46.388449,-23.974792],[-46.388249,-23.974755],[-46.388073,-23.974718],[-46.387911,-23.97469],[-46.387736,-23.974693],[-46.387549,-23.974726],[-46.387216,-23.974731],[-46.387091,-23.97473],[-46.385822,-23.974366],[-46.385298,-23.973917],[-46.385071,-23.973676],[-46.38492,-23.97342],[-46.384834,-23.973211],[-46.384823,-23.973028],[-46.3848,-23.972853],[-46.384647,-23.972761],[-46.3845,-23.972721],[-46.384406,-23.972587],[-46.384316,-23.972381],[-46.383797,-23.971841],[-46.382528,-23.971086],[-46.381717,-23.97072],[-46.380726,-23.970442],[-46.3795,-23.97007],[-46.37843,-23.969701],[-46.377887,-23.969518],[-46.377484,-23.969412],[-46.376803,-23.969377],[-46.376357,-23.969411],[-46.376241,-23.969441],[-46.375683,-23.969584],[-46.375309,-23.96979],[-46.375084,-23.969937],[-46.375035,-23.970002],[-46.375226,-23.970526],[-46.374657,-23.970722],[-46.374178,-23.971001],[-46.373908,-23.971282],[-46.373807,-23.971442],[-46.373853,-23.971626],[-46.374003,-23.971818],[-46.373868,-23.972018],[-46.373681,-23.972182],[-46.373661,-23.972308],[-46.373693,-23.972421],[-46.373668,-23.972444],[-46.373381,-23.972706],[-46.373275,-23.97284],[-46.373293,-23.972949],[-46.373363,-23.973013],[-46.373362,-23.973109],[-46.373262,-23.973121],[-46.373176,-23.973186],[-46.372969,-23.973358],[-46.372733,-23.973614],[-46.372699,-23.973718],[-46.372708,-23.973805],[-46.372674,-23.973896],[-46.372434,-23.974047],[-46.37229,-23.974149],[-46.372136,-23.974258],[-46.372117,-23.974271],[-46.3719,-23.974574],[-46.371725,-23.974912],[-46.371679,-23.975304],[-46.371686,-23.975503],[-46.371809,-23.975696],[-46.371944,-23.975801],[-46.372245,-23.97585],[-46.372415,-23.975877],[-46.372625,-23.975925],[-46.372686,-23.97605],[-46.372367,-23.976193],[-46.372133,-23.976337],[-46.371979,-23.976299],[-46.371746,-23.976344],[-46.371676,-23.97652],[-46.371743,-23.976723],[-46.371826,-23.976941],[-46.371932,-23.977093],[-46.372073,-23.977156],[-46.3721,-23.977421],[-46.372092,-23.977644],[-46.37209,-23.97781],[-46.372123,-23.977982],[-46.372178,-23.978138],[-46.372196,-23.978263],[-46.372271,-23.978383],[-46.372714,-23.978596],[-46.372747,-23.978711],[-46.372734,-23.978861],[-46.372755,-23.979064],[-46.37277,-23.979225],[-46.372769,-23.97936],[-46.372704,-23.979665],[-46.372611,-23.97982],[-46.372559,-23.97996],[-46.372535,-23.980064],[-46.372489,-23.980183],[-46.372408,-23.980327],[-46.372253,-23.980487],[-46.372145,-23.980533],[-46.372031,-23.980594],[-46.371984,-23.980703],[-46.37187,-23.98078],[-46.371836,-23.980785],[-46.371739,-23.980784],[-46.371597,-23.980814],[-46.371574,-23.980824],[-46.371363,-23.980901],[-46.371261,-23.980931],[-46.371176,-23.980904],[-46.371029,-23.98083],[-46.370916,-23.980788],[-46.370904,-23.980777],[-46.370865,-23.98071],[-46.370813,-23.980834],[-46.370756,-23.980885],[-46.370705,-23.980859],[-46.370682,-23.980848],[-46.370586,-23.980796],[-46.370514,-23.98067],[-46.370486,-23.980624],[-46.370423,-23.98068],[-46.370416,-23.980779],[-46.37046,-23.980867],[-46.370431,-23.980976],[-46.370328,-23.981069],[-46.370242,-23.981146],[-46.370162,-23.981223],[-46.370053,-23.981269],[-46.369925,-23.981361],[-46.369743,-23.981406],[-46.369731,-23.981406],[-46.369618,-23.9814],[-46.369486,-23.981534],[-46.369331,-23.981678],[-46.369109,-23.981827],[-46.368887,-23.981882],[-46.368869,-23.981882],[-46.368574,-23.981849],[-46.368291,-23.981826],[-46.368001,-23.981782],[-46.367866,-23.981724],[-46.367759,-23.981624],[-46.367674,-23.981504],[-46.367641,-23.981416],[-46.367591,-23.981312],[-46.367455,-23.981274],[-46.367279,-23.981257],[-46.367263,-23.981133],[-46.367269,-23.981117],[-46.367281,-23.981102],[-46.367344,-23.980962],[-46.367346,-23.980812],[-46.367409,-23.980708],[-46.367518,-23.980611],[-46.367588,-23.980466],[-46.367588,-23.98045],[-46.367652,-23.980222],[-46.367626,-23.980009],[-46.367593,-23.9799],[-46.367588,-23.979827],[-46.367685,-23.979724],[-46.367771,-23.979642],[-46.367766,-23.979564],[-46.367767,-23.979481],[-46.36774,-23.979346],[-46.367695,-23.979268],[-46.36777,-23.979175],[-46.367788,-23.979071],[-46.367811,-23.978994],[-46.367824,-23.978885],[-46.367763,-23.97876],[-46.367729,-23.978677],[-46.36785,-23.978485],[-46.368079,-23.978306],[-46.3682,-23.978114],[-46.368349,-23.978038],[-46.368514,-23.977951],[-46.368725,-23.97789],[-46.36872,-23.977766],[-46.368806,-23.977663],[-46.368961,-23.977586],[-46.369063,-23.977587],[-46.369135,-23.97757],[-46.369257,-23.977591],[-46.369436,-23.97756],[-46.369637,-23.977607],[-46.369833,-23.977603],[-46.369787,-23.976815],[-46.369345,-23.975766],[-46.368688,-23.974857],[-46.367905,-23.974123],[-46.366991,-23.973464],[-46.36596,-23.972863],[-46.363388,-23.972015],[-46.360421,-23.971389],[-46.357744,-23.970954],[-46.355897,-23.970952],[-46.355126,-23.97107],[-46.355426,-23.970152],[-46.355857,-23.968913],[-46.356109,-23.968818],[-46.356118,-23.968662],[-46.356119,-23.968617],[-46.356119,-23.968609],[-46.356123,-23.968345],[-46.356088,-23.968345],[-46.355941,-23.968344],[-46.355847,-23.968344],[-46.355852,-23.968215],[-46.355856,-23.968128],[-46.35603,-23.968127],[-46.356162,-23.968127],[-46.356169,-23.967803],[-46.356261,-23.967804],[-46.356263,-23.967754],[-46.356263,-23.967746],[-46.356272,-23.967537],[-46.356282,-23.967292],[-46.356286,-23.967187],[-46.356286,-23.967182],[-46.356377,-23.967205],[-46.356405,-23.967212],[-46.3567,-23.967286],[-46.35671,-23.967016],[-46.356714,-23.9669],[-46.356795,-23.966675],[-46.357015,-23.966138],[-46.357061,-23.966027],[-46.357223,-23.965634],[-46.357379,-23.965254],[-46.358523,-23.962377],[-46.358537,-23.962342],[-46.359425,-23.960109],[-46.359574,-23.959736],[-46.359693,-23.959436],[-46.359859,-23.959019],[-46.360249,-23.958035],[-46.362389,-23.952633],[-46.362937,-23.952641],[-46.364586,-23.952681],[-46.365746,-23.952592],[-46.365784,-23.952584],[-46.365816,-23.952577],[-46.366022,-23.952531],[-46.366146,-23.952516],[-46.366183,-23.952512],[-46.366302,-23.952498],[-46.366374,-23.952489],[-46.3664,-23.952486],[-46.366447,-23.952481],[-46.366921,-23.952402],[-46.367567,-23.952277],[-46.367574,-23.952276],[-46.367669,-23.952256],[-46.367754,-23.952238],[-46.367791,-23.95223],[-46.367836,-23.95222],[-46.367892,-23.952215],[-46.367993,-23.9522],[-46.368,-23.952199],[-46.368281,-23.952158],[-46.369991,-23.951864],[-46.370147,-23.951839],[-46.371247,-23.951656],[-46.371395,-23.95163],[-46.371997,-23.951542],[-46.372104,-23.951526],[-46.372506,-23.951427],[-46.373354,-23.95129],[-46.373444,-23.951282],[-46.373523,-23.951274],[-46.374274,-23.951135],[-46.374984,-23.951003],[-46.375471,-23.950912],[-46.37605,-23.950805],[-46.377023,-23.950624],[-46.37717,-23.950597],[-46.377375,-23.950566],[-46.377422,-23.950559],[-46.3779,-23.950449],[-46.37841,-23.950378],[-46.378469,-23.950367],[-46.378888,-23.95029],[-46.37959,-23.950174],[-46.380043,-23.950103],[-46.380546,-23.950027],[-46.380677,-23.950006],[-46.381066,-23.949946],[-46.381554,-23.949864],[-46.381805,-23.949817],[-46.382125,-23.949761],[-46.382295,-23.949731],[-46.382397,-23.949714],[-46.382493,-23.949697],[-46.382514,-23.949693],[-46.382656,-23.949666],[-46.382698,-23.949661],[-46.382719,-23.949658],[-46.38294,-23.949618],[-46.383149,-23.94953],[-46.383329,-23.949454],[-46.383472,-23.949393],[-46.383753,-23.94926],[-46.383727,-23.949224],[-46.383647,-23.949045],[-46.383602,-23.948928],[-46.383551,-23.948713],[-46.383499,-23.948441],[-46.383495,-23.948436],[-46.383478,-23.948337],[-46.383456,-23.948205],[-46.38335,-23.948033],[-46.383173,-23.947843],[-46.38293,-23.947648],[-46.382766,-23.947524],[-46.382704,-23.947459],[-46.382642,-23.947394],[-46.382539,-23.947247],[-46.382522,-23.947196],[-46.382506,-23.947149],[-46.382505,-23.94713],[-46.382498,-23.947015],[-46.382558,-23.946859],[-46.382667,-23.946723],[-46.382822,-23.946604],[-46.383068,-23.946524],[-46.383346,-23.94645],[-46.383546,-23.94638],[-46.383711,-23.946257],[-46.383814,-23.946152],[-46.38392,-23.945966],[-46.384081,-23.945854],[-46.384356,-23.945756],[-46.384452,-23.945665],[-46.384554,-23.94544],[-46.384737,-23.945233],[-46.384923,-23.945049],[-46.384999,-23.944845],[-46.385107,-23.944611],[-46.385208,-23.944338],[-46.385326,-23.944087],[-46.385399,-23.943985],[-46.38545,-23.943914],[-46.385477,-23.943888],[-46.385499,-23.943866],[-46.385527,-23.943839],[-46.385563,-23.943804],[-46.385673,-23.943746],[-46.385806,-23.943718],[-46.385936,-23.943699],[-46.386163,-23.943715],[-46.386365,-23.94377],[-46.386584,-23.94383],[-46.386803,-23.943881],[-46.38681,-23.943883],[-46.386856,-23.94389],[-46.387022,-23.943916],[-46.3871,-23.943923],[-46.387266,-23.943937],[-46.387571,-23.943901],[-46.387595,-23.943898],[-46.387902,-23.943846],[-46.388117,-23.943798],[-46.388185,-23.943783],[-46.388491,-23.94364],[-46.388637,-23.943575],[-46.388824,-23.943492],[-46.389013,-23.943364],[-46.389237,-23.943223],[-46.389411,-23.943128],[-46.389576,-23.943039],[-46.390006,-23.942781],[-46.390371,-23.942526],[-46.390605,-23.942326],[-46.39096,-23.941993],[-46.391189,-23.941807],[-46.391357,-23.941612],[-46.39154,-23.941424],[-46.391645,-23.941223],[-46.391685,-23.94106],[-46.39173,-23.940878],[-46.391724,-23.940693],[-46.391723,-23.940692],[-46.391617,-23.94043],[-46.391223,-23.940027],[-46.390895,-23.939803],[-46.39043,-23.939455],[-46.390106,-23.939231],[-46.389985,-23.939136],[-46.389313,-23.938606],[-46.389769,-23.938648],[-46.389695,-23.938456],[-46.388775,-23.937879],[-46.388615,-23.937573],[-46.388364,-23.937437],[-46.388361,-23.937434],[-46.38821,-23.937315],[-46.388035,-23.937246],[-46.387863,-23.937012],[-46.387725,-23.936972],[-46.387455,-23.936768],[-46.387204,-23.936474],[-46.387001,-23.936383],[-46.386865,-23.936239],[-46.386869,-23.936069],[-46.38695,-23.935839],[-46.387074,-23.935715],[-46.387211,-23.935699],[-46.387322,-23.935643],[-46.387557,-23.935589],[-46.387662,-23.935641],[-46.387766,-23.935819],[-46.388028,-23.93593],[-46.38814,-23.93604],[-46.388327,-23.936176],[-46.388697,-23.936312],[-46.388846,-23.936462],[-46.390222,-23.937217],[-46.390382,-23.937131],[-46.390573,-23.937156],[-46.390725,-23.937254],[-46.391191,-23.937511],[-46.39167,-23.937622],[-46.392578,-23.937904],[-46.393167,-23.937929],[-46.393338,-23.937953],[-46.393439,-23.937861],[-46.393817,-23.937929],[-46.393888,-23.938044],[-46.394246,-23.938113],[-46.394614,-23.938039],[-46.395007,-23.938064],[-46.39535,-23.938162],[-46.395631,-23.938042],[-46.396206,-23.938143],[-46.396405,-23.938162],[-46.396651,-23.938174],[-46.396957,-23.938113],[-46.39697,-23.938174],[-46.397313,-23.938113],[-46.397706,-23.938113],[-46.397767,-23.938223],[-46.398307,-23.93826],[-46.39843,-23.9381],[-46.398515,-23.9381],[-46.398773,-23.938113],[-46.399018,-23.938248],[-46.399423,-23.938284],[-46.39984,-23.938432],[-46.4,-23.938468],[-46.400123,-23.938652],[-46.400356,-23.938787],[-46.400454,-23.938787],[-46.400515,-23.938738],[-46.400552,-23.938775],[-46.400577,-23.938861],[-46.401116,-23.938922],[-46.401276,-23.938898],[-46.401423,-23.938885],[-46.401702,-23.939045],[-46.401935,-23.939112],[-46.402248,-23.939208],[-46.402533,-23.93926],[-46.402751,-23.939333],[-46.403355,-23.93948],[-46.404101,-23.939643],[-46.404467,-23.940038],[-46.404618,-23.939868],[-46.40485,-23.939703],[-46.405054,-23.939541],[-46.405298,-23.939427],[-46.405466,-23.939233],[-46.405672,-23.939011],[-46.405837,-23.939187],[-46.406007,-23.939147],[-46.405978,-23.938983],[-46.406051,-23.938847],[-46.406218,-23.938906],[-46.406433,-23.938878],[-46.406578,-23.938956],[-46.406805,-23.93899],[-46.407029,-23.939064],[-46.407149,-23.938973],[-46.407203,-23.939162],[-46.407369,-23.93928],[-46.407586,-23.9394],[-46.407897,-23.939453],[-46.408155,-23.93951],[-46.408338,-23.939513],[-46.408632,-23.939483],[-46.408817,-23.93941],[-46.409027,-23.939458],[-46.409233,-23.939569],[-46.409425,-23.939521],[-46.409629,-23.939582],[-46.409856,-23.939562],[-46.410084,-23.939648],[-46.410273,-23.939575],[-46.410425,-23.93959],[-46.410674,-23.93967],[-46.410998,-23.939724],[-46.41119,-23.93971],[-46.411298,-23.939775],[-46.411575,-23.939864],[-46.411801,-23.939965],[-46.411923,-23.939984],[-46.411986,-23.939897],[-46.412134,-23.939871],[-46.412327,-23.939912],[-46.412417,-23.9399],[-46.413236,-23.939975],[-46.413401,-23.939934],[-46.413459,-23.939896],[-46.414479,-23.939067],[-46.41507,-23.938743],[-46.415719,-23.938339],[-46.415935,-23.938368],[-46.416185,-23.93826],[-46.416345,-23.938095],[-46.416766,-23.937753],[-46.41697,-23.937463],[-46.417226,-23.937025],[-46.417323,-23.937076],[-46.417454,-23.937048],[-46.417675,-23.936909],[-46.417989,-23.936684],[-46.418529,-23.936513],[-46.41903,-23.936223],[-46.420008,-23.935961],[-46.420501,-23.936147],[-46.421459,-23.935956],[-46.421777,-23.936092],[-46.422001,-23.936093],[-46.422437,-23.936342],[-46.422729,-23.936606],[-46.422752,-23.936766],[-46.423196,-23.936934],[-46.42325,-23.936593],[-46.42378,-23.936268],[-46.424087,-23.936394],[-46.42434,-23.937156],[-46.424917,-23.938517],[-46.425199,-23.939891]]]}},{"type":"Feature","properties":{"ibge_id":3551009,"municipality_name":"São Vicente"},"geometry":{"type":"Polygon","coordinates":[[[-46.42102,-23.977926],[-46.420478,-23.97855],[-46.420198,-23.979619],[-46.419919,-23.979701],[-46.419853,-23.979388],[-46.420083,-23.978895],[-46.42033,-23.978583],[-46.420281,-23.978008],[-46.420149,-23.97763],[-46.420461,-23.977498],[-46.42102,-23.977926]]]}},{"type":"Feature","properties":{"ibge_id":3551009,"municipality_name":"São Vicente"},"geometry":{"type":"Polygon","coordinates":[[[-46.420083,-23.97809],[-46.419656,-23.97883],[-46.419377,-23.980095],[-46.419179,-23.980408],[-46.418834,-23.980736],[-46.418177,-23.980818],[-46.417865,-23.980654],[-46.417782,-23.980145],[-46.417848,-23.978254],[-46.418144,-23.977844],[-46.418473,-23.977679],[-46.419837,-23.977515],[-46.420083,-23.97809]]]}},{"type":"Feature","properties":{"ibge_id":3551009,"municipality_name":"São Vicente"},"geometry":{"type":"Polygon","coordinates":[[[-46.413608,-23.979914],[-46.413443,-23.980309],[-46.412934,-23.980572],[-46.412375,-23.980588],[-46.411504,-23.980736],[-46.411044,-23.981098],[-46.410074,-23.981788],[-46.40894,-23.981837],[-46.408299,-23.981607],[-46.408266,-23.980572],[-46.410501,-23.979734],[-46.412523,-23.978632],[-46.412802,-23.978616],[-46.413476,-23.979339],[-46.413608,-23.979914]]]}},{"type":"Feature","properties":{"ibge_id":3551009,"municipality_name":"São Vicente"},"geometry":{"type":"Polygon","coordinates":[[[-46.41346,-23.980933],[-46.413115,-23.981147],[-46.412868,-23.981081],[-46.412852,-23.980802],[-46.41341,-23.980736],[-46.41346,-23.980933]]]}},{"type":"Feature","properties":{"ibge_id":3551009,"municipality_name":"São Vicente"},"geometry":{"type":"Polygon","coordinates":[[[-46.412687,-23.978041],[-46.412638,-23.978287],[-46.410715,-23.979388],[-46.408858,-23.98021],[-46.408315,-23.980342],[-46.4082,-23.980309],[-46.408973,-23.978961],[-46.409285,-23.978682],[-46.411997,-23.978057],[-46.412687,-23.978041]]]}},{"type":"Feature","properties":{"ibge_id":3551009,"municipality_name":"São Vicente"},"geometry":{"type":"Polygon","coordinates":[[[-46.409449,-23.935554],[-46.409433,-23.936227],[-46.408874,-23.936326],[-46.407346,-23.935734],[-46.407395,-23.935373],[-46.407822,-23.935077],[-46.408332,-23.934913],[-46.408562,-23.934781],[-46.408973,-23.934847],[-46.409236,-23.935291],[-46.409449,-23.935554]]]}},{"type":"Feature","properties":{"ibge_id":3551009,"municipality_name":"São Vicente"},"geometry":{"type":"Polygon","coordinates":[[[-46.408217,-23.984944],[-46.408085,-23.985355],[-46.40751,-23.985815],[-46.407198,-23.985749],[-46.406721,-23.985651],[-46.406507,-23.985536],[-46.40751,-23.984632],[-46.408102,-23.984714],[-46.408217,-23.984944]]]}},{"type":"Feature","properties":{"ibge_id":3551009,"municipality_name":"São Vicente"},"geometry":{"type":"Polygon","coordinates":[[[-46.4082,-23.982544],[-46.408019,-23.983169],[-46.40774,-23.983678],[-46.407411,-23.983613],[-46.407148,-23.983481],[-46.407,-23.983826],[-46.407033,-23.984122],[-46.406754,-23.984763],[-46.406409,-23.985141],[-46.406014,-23.985223],[-46.404551,-23.985125],[-46.404239,-23.984977],[-46.404288,-23.98358],[-46.404042,-23.983563],[-46.40396,-23.983284],[-46.404371,-23.982396],[-46.407576,-23.980555],[-46.407773,-23.980802],[-46.4082,-23.982544]]]}},{"type":"Feature","properties":{"ibge_id":3551009,"municipality_name":"São Vicente"},"geometry":{"type":"Polygon","coordinates":[[[-46.400763,-23.984621],[-46.400715,-23.984683],[-46.400624,-23.9848],[-46.400605,-23.984824],[-46.400392,-23.984959],[-46.400216,-23.98511],[-46.399957,-23.985356],[-46.399736,-23.985599],[-46.399617,-23.98577],[-46.399499,-23.985941],[-46.399214,-23.986261],[-46.399038,-23.986592],[-46.398929,-23.986787],[-46.398821,-23.986982],[-46.398768,-23.987281],[-46.398781,-23.987479],[-46.398786,-23.987542],[-46.398795,-23.987677],[-46.398809,-23.987794],[-46.398824,-23.987911],[-46.398649,-23.98814],[-46.39849,-23.988286],[-46.398378,-23.988384],[-46.398267,-23.988483],[-46.397992,-23.98882],[-46.397773,-23.989174],[-46.397722,-23.989511],[-46.39763,-23.990116],[-46.397592,-23.990403],[-46.397506,-23.990711],[-46.397441,-23.990871],[-46.397006,-23.992015],[-46.396776,-23.992619],[-46.396405,-23.993594],[-46.395468,-23.994052],[-46.394914,-23.994324],[-46.394822,-23.994369],[-46.394399,-23.994576],[-46.39284,-23.995339],[-46.392677,-23.995616],[-46.392558,-23.99592],[-46.392492,-23.996166],[-46.392473,-23.996339],[-46.392454,-23.996513],[-46.392452,-23.996693],[-46.392371,-23.996968],[-46.392305,-23.997189],[-46.39224,-23.997409],[-46.392191,-23.997719],[-46.392119,-23.998173],[-46.392101,-23.998287],[-46.392083,-23.998401],[-46.392094,-23.998628],[-46.391877,-23.998608],[-46.391794,-23.998383],[-46.391649,-23.998158],[-46.391069,-23.997657],[-46.390431,-23.997064],[-46.3899,-23.996703],[-46.3893,-23.996321],[-46.388568,-23.996021],[-46.388247,-23.995862],[-46.387547,-23.995434],[-46.386915,-23.995153],[-46.386563,-23.995114],[-46.386351,-23.995204],[-46.386219,-23.995323],[-46.385866,-23.995348],[-46.385465,-23.995253],[-46.385445,-23.995253],[-46.384982,-23.995249],[-46.384577,-23.995476],[-46.384546,-23.995485],[-46.384274,-23.995565],[-46.384163,-23.995574],[-46.38397,-23.995474],[-46.38381,-23.995298],[-46.383529,-23.995195],[-46.383288,-23.995193],[-46.383118,-23.995063],[-46.382857,-23.994996],[-46.382827,-23.994996],[-46.382576,-23.994893],[-46.382465,-23.994865],[-46.382274,-23.994872],[-46.382064,-23.994779],[-46.381945,-23.994594],[-46.381825,-23.994492],[-46.381615,-23.994334],[-46.381324,-23.994221],[-46.381294,-23.994221],[-46.381012,-23.994173],[-46.38072,-23.994162],[-46.380559,-23.994243],[-46.380397,-23.994315],[-46.380357,-23.994315],[-46.380166,-23.994249],[-46.379925,-23.994174],[-46.379604,-23.994061],[-46.379564,-23.994051],[-46.379354,-23.993921],[-46.379103,-23.993818],[-46.379063,-23.993818],[-46.37863,-23.993778],[-46.37861,-23.993777],[-46.378398,-23.993813],[-46.378126,-23.993847],[-46.377996,-23.993782],[-46.377986,-23.993754],[-46.378109,-23.993571],[-46.378372,-23.993445],[-46.378392,-23.993399],[-46.378484,-23.993215],[-46.378507,-23.992967],[-46.378497,-23.992931],[-46.378409,-23.992691],[-46.378399,-23.992672],[-46.378271,-23.992349],[-46.377991,-23.992136],[-46.377961,-23.992108],[-46.377731,-23.991931],[-46.377691,-23.991904],[-46.377681,-23.991885],[-46.377513,-23.991635],[-46.377354,-23.991395],[-46.377012,-23.99131],[-46.376857,-23.991159],[-46.376538,-23.990918],[-46.376288,-23.990695],[-46.37609,-23.990344],[-46.375982,-23.990086],[-46.375952,-23.990058],[-46.375753,-23.989799],[-46.375644,-23.98955],[-46.375606,-23.989292],[-46.375648,-23.989118],[-46.375218,-23.988866],[-46.375109,-23.988636],[-46.375102,-23.988369],[-46.375016,-23.987872],[-46.374937,-23.987641],[-46.374927,-23.987632],[-46.374728,-23.987419],[-46.374651,-23.98705],[-46.374513,-23.986727],[-46.374525,-23.986505],[-46.374498,-23.986128],[-46.374522,-23.985788],[-46.374575,-23.985402],[-46.374749,-23.985182],[-46.375122,-23.985075],[-46.375495,-23.985032],[-46.375987,-23.985091],[-46.37636,-23.985029],[-46.376703,-23.984949],[-46.376956,-23.984804],[-46.377379,-23.984761],[-46.377601,-23.984726],[-46.377784,-23.984599],[-46.377956,-23.984508],[-46.378115,-23.984693],[-46.378458,-23.984613],[-46.378804,-23.984174],[-46.379226,-23.983221],[-46.379353,-23.982542],[-46.379357,-23.982139],[-46.379261,-23.981605],[-46.379103,-23.981162],[-46.378875,-23.980848],[-46.378697,-23.980694],[-46.378646,-23.980488],[-46.378648,-23.980282],[-46.378575,-23.980061],[-46.378568,-23.98004],[-46.378502,-23.979868],[-46.378527,-23.979832],[-46.378631,-23.979684],[-46.378805,-23.979568],[-46.378971,-23.979522],[-46.379077,-23.97944],[-46.379108,-23.979344],[-46.379364,-23.979346],[-46.37966,-23.979223],[-46.379933,-23.979184],[-46.380237,-23.979229],[-46.380432,-23.979203],[-46.380531,-23.979073],[-46.380586,-23.978875],[-46.380603,-23.978774],[-46.380621,-23.978685],[-46.380723,-23.978578],[-46.380759,-23.978404],[-46.380759,-23.978395],[-46.38074,-23.978195],[-46.380737,-23.978186],[-46.380727,-23.978176],[-46.380652,-23.977992],[-46.380573,-23.977902],[-46.380564,-23.977812],[-46.380575,-23.977701],[-46.380676,-23.977661],[-46.380756,-23.977586],[-46.380816,-23.977507],[-46.380816,-23.977491],[-46.380873,-23.977381],[-46.380883,-23.977365],[-46.380974,-23.977264],[-46.380978,-23.977258],[-46.381107,-23.977176],[-46.38135,-23.97714],[-46.381631,-23.977123],[-46.381815,-23.977125],[-46.38204,-23.977171],[-46.382177,-23.977289],[-46.382311,-23.977433],[-46.382407,-23.977517],[-46.382604,-23.977584],[-46.382873,-23.977688],[-46.383078,-23.977827],[-46.383283,-23.978003],[-46.383436,-23.97814],[-46.383558,-23.978284],[-46.383708,-23.978383],[-46.384018,-23.978378],[-46.384543,-23.978273],[-46.385013,-23.978103],[-46.385569,-23.977969],[-46.385872,-23.977841],[-46.386065,-23.977763],[-46.386225,-23.977605],[-46.386321,-23.977526],[-46.386583,-23.977477],[-46.386894,-23.977349],[-46.387181,-23.977184],[-46.387405,-23.977026],[-46.387612,-23.976868],[-46.387773,-23.976681],[-46.387845,-23.976587],[-46.388052,-23.976531],[-46.388306,-23.976518],[-46.388505,-23.976491],[-46.388609,-23.97639],[-46.388745,-23.976289],[-46.388866,-23.976267],[-46.388906,-23.97626],[-46.388942,-23.976254],[-46.389002,-23.976243],[-46.389201,-23.976364],[-46.389342,-23.976643],[-46.389486,-23.977052],[-46.389524,-23.977351],[-46.389621,-23.977643],[-46.38971,-23.977957],[-46.389812,-23.978297],[-46.38991,-23.978486],[-46.390251,-23.97885],[-46.390466,-23.979006],[-46.390576,-23.979178],[-46.390701,-23.979439],[-46.390964,-23.979858],[-46.390908,-23.980002],[-46.391151,-23.980121],[-46.391325,-23.980218],[-46.391518,-23.980268],[-46.391634,-23.980379],[-46.391797,-23.980642],[-46.391778,-23.98075],[-46.391855,-23.980863],[-46.392047,-23.981075],[-46.392176,-23.981247],[-46.392384,-23.981416],[-46.392577,-23.981569],[-46.392801,-23.981717],[-46.39328,-23.981997],[-46.393855,-23.982281],[-46.394679,-23.98262],[-46.395011,-23.982745],[-46.395325,-23.982808],[-46.395512,-23.982917],[-46.395828,-23.982991],[-46.396061,-23.983029],[-46.39655,-23.983239],[-46.396813,-23.983256],[-46.397194,-23.983343],[-46.397343,-23.983404],[-46.397492,-23.983466],[-46.397627,-23.983528],[-46.397833,-23.983593],[-46.398082,-23.983674],[-46.398414,-23.983731],[-46.398644,-23.983786],[-46.39904,-23.983883],[-46.399414,-23.983977],[-46.399995,-23.984145],[-46.400123,-23.984201],[-46.400227,-23.984297],[-46.40035,-23.984427],[-46.400364,-23.984526],[-46.40033,-23.984626],[-46.400254,-23.984715],[-46.400144,-23.984802],[-46.399982,-23.984951],[-46.399906,-23.985013],[-46.399942,-23.985055],[-46.400021,-23.985048],[-46.400099,-23.984995],[-46.400216,-23.984824],[-46.400472,-23.984636],[-46.400644,-23.984608],[-46.400683,-23.98461],[-46.400722,-23.984615],[-46.400763,-23.984621]]]}},{"type":"Feature","properties":{"ibge_id":3551009,"municipality_name":"São Vicente"},"geometry":{"type":"Polygon","coordinates":[[[-46.368356,-23.982246],[-46.368332,-23.982347],[-46.368322,-23.982355],[-46.368156,-23.982455],[-46.368143,-23.982461],[-46.368042,-23.982496],[-46.367954,-23.982504],[-46.367899,-23.982527],[-46.367818,-23.982538],[-46.367779,-23.982514],[-46.367744,-23.982434],[-46.367748,-23.982333],[-46.3677,-23.982259],[-46.367633,-23.982196],[-46.36765,-23.982101],[-46.367796,-23.982031],[-46.367985,-23.982024],[-46.368195,-23.982043],[-46.368298,-23.982145],[-46.368356,-23.982246]]]}}]}